ISO-10303-21;
HEADER;
FILE_DESCRIPTION (( 'STEP AP203' ),
    '1' );
FILE_NAME ('base888.STEP',
    '2026-09-17T07:16:59',
    ( '' ),
    ( '' ),
    'SwSTEP 2.0',
    'SolidWorks 2022',
    '' );
FILE_SCHEMA (( 'CONFIG_CONTROL_DESIGN' ));
ENDSEC;

DATA;
#1 = EDGE_LOOP ( 'NONE', ( #4220, #3690 ) ) ;
#2 = CARTESIAN_POINT ( 'NONE',  ( 19.49999999999999645, 0.000000000000000000, -154.4330343736592681 ) ) ;
#3 = ORIENTED_EDGE ( 'NONE', *, *, #4719, .F. ) ;
#4 = CIRCLE ( 'NONE', #717, 7.500000000000007105 ) ;
#5 = DIRECTION ( 'NONE',  ( -1.000000000000000000, -0.000000000000000000, -0.000000000000000000 ) ) ;
#6 = EDGE_CURVE ( 'NONE', #560, #1839, #4517, .T. ) ;
#7 = ORIENTED_EDGE ( 'NONE', *, *, #379, .T. ) ;
#8 = CARTESIAN_POINT ( 'NONE',  ( 21.42094381732307085, 3.000000000000000000, -179.1987551511599293 ) ) ;
#9 = DIRECTION ( 'NONE',  ( -0.000000000000000000, -1.000000000000000000, 0.000000000000000000 ) ) ;
#10 = DIRECTION ( 'NONE',  ( 0.000000000000000000, 1.000000000000000000, -0.000000000000000000 ) ) ;
#11 = ORIENTED_EDGE ( 'NONE', *, *, #4656, .F. ) ;
#12 = VECTOR ( 'NONE', #2718, 1000.000000000000000 ) ;
#13 = ORIENTED_EDGE ( 'NONE', *, *, #4926, .F. ) ;
#14 = EDGE_CURVE ( 'NONE', #679, #1643, #4070, .T. ) ;
#15 = DIRECTION ( 'NONE',  ( 0.000000000000000000, 0.000000000000000000, -1.000000000000000000 ) ) ;
#16 = CARTESIAN_POINT ( 'NONE',  ( 198.5790561826769363, 3.000000000000000000, -179.1987551511599293 ) ) ;
#17 = CARTESIAN_POINT ( 'NONE',  ( 41.10039527254102865, 0.000000000000000000, -211.7328496799144091 ) ) ;
#18 = ORIENTED_EDGE ( 'NONE', *, *, #60, .F. ) ;
#19 = VECTOR ( 'NONE', #4124, 1000.000000000000227 ) ;
#20 = CARTESIAN_POINT ( 'NONE',  ( 220.0000000000000000, 7.000000000000000000, 0.000000000000000000 ) ) ;
#21 = VECTOR ( 'NONE', #1337, 1000.000000000000000 ) ;
#22 = EDGE_CURVE ( 'NONE', #2113, #2312, #4110, .T. ) ;
#23 = CARTESIAN_POINT ( 'NONE',  ( 5.000000000000000000, 87.00000000000001421, -5.000000000000000000 ) ) ;
#24 = VECTOR ( 'NONE', #1014, 1000.000000000000000 ) ;
#25 = FACE_OUTER_BOUND ( 'NONE', #4412, .T. ) ;
#26 = CARTESIAN_POINT ( 'NONE',  ( 219.6290440045147818, 20.33478028215413502, -139.0266189864203739 ) ) ;
#27 = VECTOR ( 'NONE', #1434, 1000.000000000000000 ) ;
#28 = ORIENTED_EDGE ( 'NONE', *, *, #2796, .T. ) ;
#29 = EDGE_CURVE ( 'NONE', #1837, #262, #1473, .T. ) ;
#30 = DIRECTION ( 'NONE',  ( 1.000000000000000000, -0.000000000000000000, 0.000000000000000000 ) ) ;
#31 = CARTESIAN_POINT ( 'NONE',  ( 34.49999999999999289, 1.523912716559723490, -153.1276435491489281 ) ) ;
#32 = AXIS2_PLACEMENT_3D ( 'NONE', #3779, #2279, #1508 ) ;
#33 = VERTEX_POINT ( 'NONE', #2929 ) ;
#34 = DIRECTION ( 'NONE',  ( 0.000000000000000000, 0.000000000000000000, -1.000000000000000000 ) ) ;
#35 = ORIENTED_EDGE ( 'NONE', *, *, #4813, .T. ) ;
#36 = EDGE_CURVE ( 'NONE', #423, #68, #2975, .T. ) ;
#37 = CARTESIAN_POINT ( 'NONE',  ( 220.0000000000000000, 14.80769230769231903, -2.961538461538465672 ) ) ;
#38 = DIRECTION ( 'NONE',  ( -0.000000000000000000, -1.000000000000000000, -0.000000000000000000 ) ) ;
#39 = CARTESIAN_POINT ( 'NONE',  ( 178.8996047274589785, 87.00000000000001421, -206.7328496799144091 ) ) ;
#40 = ORIENTED_EDGE ( 'NONE', *, *, #392, .T. ) ;
#41 = ORIENTED_EDGE ( 'NONE', *, *, #1925, .T. ) ;
#42 = ADVANCED_FACE ( 'NONE', ( #3742 ), #1035, .F. ) ;
#43 = LINE ( 'NONE', #4724, #1139 ) ;
#44 = DIRECTION ( 'NONE',  ( 0.000000000000000000, 0.000000000000000000, -1.000000000000000000 ) ) ;
#45 = CARTESIAN_POINT ( 'NONE',  ( 44.00000000000000711, 0.000000000000000000, 0.000000000000000000 ) ) ;
#46 = ORIENTED_EDGE ( 'NONE', *, *, #3381, .T. ) ;
#47 = DIRECTION ( 'NONE',  ( -0.000000000000000000, 1.000000000000000000, -0.000000000000000000 ) ) ;
#48 = CARTESIAN_POINT ( 'NONE',  ( 34.49999999999999289, 6.568651337178707195, -149.6101000526680593 ) ) ;
#49 = AXIS2_PLACEMENT_3D ( 'NONE', #591, #2509, #1376 ) ;
#50 = CARTESIAN_POINT ( 'NONE',  ( 191.7000000000000171, 7.000000000000000000, -135.7500000000000000 ) ) ;
#51 = CARTESIAN_POINT ( 'NONE',  ( 38.00000000000000711, 0.000000000000000000, -197.0000000000000000 ) ) ;
#52 = AXIS2_PLACEMENT_3D ( 'NONE', #2885, #2480, #4350 ) ;
#53 = ORIENTED_EDGE ( 'NONE', *, *, #4639, .T. ) ;
#54 = PLANE ( 'NONE',  #362 ) ;
#55 = ORIENTED_EDGE ( 'NONE', *, *, #3615, .T. ) ;
#56 = CARTESIAN_POINT ( 'NONE',  ( 14.61746918311558652, -3.000000000000000000, -162.0494536524393823 ) ) ;
#57 = VECTOR ( 'NONE', #3461, 1000.000000000000000 ) ;
#58 = VERTEX_POINT ( 'NONE', #4821 ) ;
#59 = CARTESIAN_POINT ( 'NONE',  ( 5.000000000000000000, 87.00000000000001421, -5.000000000000000000 ) ) ;
#60 = EDGE_CURVE ( 'NONE', #3426, #3642, #2498, .T. ) ;
#61 = CIRCLE ( 'NONE', #1254, 1.600000000000004086 ) ;
#62 = AXIS2_PLACEMENT_3D ( 'NONE', #4835, #4153, #3659 ) ;
#63 = EDGE_LOOP ( 'NONE', ( #3124, #4089, #3129, #1008 ) ) ;
#64 = CARTESIAN_POINT ( 'NONE',  ( 18.01920650021932602, 3.000000000000000000, -169.1241044017996558 ) ) ;
#65 = DIRECTION ( 'NONE',  ( -0.000000000000000000, 1.000000000000000000, -0.000000000000000000 ) ) ;
#66 = DIRECTION ( 'NONE',  ( 0.000000000000000000, 0.000000000000000000, 1.000000000000000000 ) ) ;
#67 = VERTEX_POINT ( 'NONE', #4892 ) ;
#68 = VERTEX_POINT ( 'NONE', #4090 ) ;
#69 = LINE ( 'NONE', #381, #4828 ) ;
#70 = DIRECTION ( 'NONE',  ( -0.000000000000000000, 1.000000000000000000, -0.000000000000000000 ) ) ;
#71 = CARTESIAN_POINT ( 'NONE',  ( 210.5500000000000114, 7.000000000000000000, -135.7500000000000000 ) ) ;
#72 = EDGE_LOOP ( 'NONE', ( #3322, #1663, #4797, #1053 ) ) ;
#73 = EDGE_CURVE ( 'NONE', #4454, #804, #649, .T. ) ;
#74 = CARTESIAN_POINT ( 'NONE',  ( 5.000000000000000000, 87.00000000000001421, -130.0000000000000000 ) ) ;
#75 = VERTEX_POINT ( 'NONE', #1838 ) ;
#76 = CARTESIAN_POINT ( 'NONE',  ( 173.0000000000000000, -3.000000000000000000, -67.99999999999997158 ) ) ;
#77 = DIRECTION ( 'NONE',  ( -0.000000000000000000, 1.000000000000000000, -0.000000000000000000 ) ) ;
#78 = LINE ( 'NONE', #2358, #644 ) ;
#79 = ORIENTED_EDGE ( 'NONE', *, *, #4083, .T. ) ;
#80 = DIRECTION ( 'NONE',  ( -0.000000000000000000, 0.000000000000000000, -1.000000000000000000 ) ) ;
#81 = CARTESIAN_POINT ( 'NONE',  ( 210.0000000000000000, 7.000000000000000000, -15.00000000000000000 ) ) ;
#82 = ORIENTED_EDGE ( 'NONE', *, *, #379, .F. ) ;
#83 = EDGE_CURVE ( 'NONE', #33, #3004, #1950, .T. ) ;
#84 = CIRCLE ( 'NONE', #1926, 1.000000000000000888 ) ;
#85 = DIRECTION ( 'NONE',  ( 0.000000000000000000, 0.000000000000000000, -1.000000000000000000 ) ) ;
#86 = CARTESIAN_POINT ( 'NONE',  ( 18.01920650021932602, 0.000000000000000000, -176.9741044017996501 ) ) ;
#87 = DIRECTION ( 'NONE',  ( -0.000000000000000000, -1.000000000000000000, -0.000000000000000000 ) ) ;
#88 = EDGE_LOOP ( 'NONE', ( #3442, #3349, #4584, #223 ) ) ;
#89 = ORIENTED_EDGE ( 'NONE', *, *, #2914, .F. ) ;
#90 = EDGE_CURVE ( 'NONE', #4791, #2032, #602, .T. ) ;
#91 = CARTESIAN_POINT ( 'NONE',  ( 179.2999999999999829, -28.00000000000000355, -142.5000000000000284 ) ) ;
#92 = CARTESIAN_POINT ( 'NONE',  ( 53.00000000000000000, 7.000000000000000000, -47.00000000000000000 ) ) ;
#93 = ORIENTED_EDGE ( 'NONE', *, *, #3230, .F. ) ;
#94 = CIRCLE ( 'NONE', #2109, 2.499999999999995115 ) ;
#95 = CARTESIAN_POINT ( 'NONE',  ( 41.10039527254102865, 6.999999999999999112, -209.2328496799144091 ) ) ;
#96 = LINE ( 'NONE', #412, #576 ) ;
#97 = CARTESIAN_POINT ( 'NONE',  ( 182.0000000000000000, 7.000000000000000000, -182.0000000000000000 ) ) ;
#98 = CIRCLE ( 'NONE', #1941, 5.000000000000004441 ) ;
#99 = EDGE_CURVE ( 'NONE', #3469, #4147, #3235, .T. ) ;
#100 = FACE_OUTER_BOUND ( 'NONE', #2983, .T. ) ;
#101 = ORIENTED_EDGE ( 'NONE', *, *, #4391, .T. ) ;
#102 = VECTOR ( 'NONE', #4548, 1000.000000000000000 ) ;
#103 = FACE_BOUND ( 'NONE', #2383, .T. ) ;
#104 = CARTESIAN_POINT ( 'NONE',  ( 182.0000000000000000, 0.000000000000000000, -190.0000000000000000 ) ) ;
#105 = CYLINDRICAL_SURFACE ( 'NONE', #1310, 2.499999999999995115 ) ;
#106 = ORIENTED_EDGE ( 'NONE', *, *, #347, .F. ) ;
#107 = AXIS2_PLACEMENT_3D ( 'NONE', #4468, #1810, #1714 ) ;
#108 = AXIS2_PLACEMENT_3D ( 'NONE', #3051, #3076, #1109 ) ;
#109 = VECTOR ( 'NONE', #3293, 1000.000000000000000 ) ;
#110 = DIRECTION ( 'NONE',  ( -0.000000000000000000, 1.000000000000000000, -0.000000000000000000 ) ) ;
#111 = CARTESIAN_POINT ( 'NONE',  ( 178.8996047274589785, -12.00199999999999889, -209.2328496799144091 ) ) ;
#112 = CARTESIAN_POINT ( 'NONE',  ( 0.000000000000000000, 0.000000000000000000, -41.99999999999999289 ) ) ;
#113 = EDGE_LOOP ( 'NONE', ( #2093, #4558 ) ) ;
#114 = ORIENTED_EDGE ( 'NONE', *, *, #3005, .F. ) ;
#115 = DIRECTION ( 'NONE',  ( -0.000000000000000000, 1.000000000000000000, -0.000000000000000000 ) ) ;
#116 = CARTESIAN_POINT ( 'NONE',  ( 215.0000000000000000, 0.000000000000000000, -9.999999999999991118 ) ) ;
#117 = ORIENTED_EDGE ( 'NONE', *, *, #4479, .T. ) ;
#118 = ADVANCED_FACE ( 'NONE', ( #1739 ), #206, .F. ) ;
#119 = AXIS2_PLACEMENT_3D ( 'NONE', #400, #4626, #1182 ) ;
#120 = DIRECTION ( 'NONE',  ( 0.000000000000000000, 1.000000000000000000, -0.000000000000000000 ) ) ;
#121 = CYLINDRICAL_SURFACE ( 'NONE', #295, 1.000000000000000888 ) ;
#122 = ORIENTED_EDGE ( 'NONE', *, *, #4118, .F. ) ;
#123 = CARTESIAN_POINT ( 'NONE',  ( 210.5500000000000114, 43.50000000000000000, -158.2500000000000000 ) ) ;
#124 = ORIENTED_EDGE ( 'NONE', *, *, #1787, .T. ) ;
#125 = EDGE_CURVE ( 'NONE', #4547, #1571, #3669, .T. ) ;
#126 = CARTESIAN_POINT ( 'NONE',  ( 220.0000000000000000, 34.99999999999999289, -35.00000000000001421 ) ) ;
#127 = VECTOR ( 'NONE', #2654, 1000.000000000000000 ) ;
#128 = CARTESIAN_POINT ( 'NONE',  ( 198.5790561826769363, 3.000000000000000000, -176.1987551511599293 ) ) ;
#129 = LINE ( 'NONE', #2774, #336 ) ;
#130 = ORIENTED_EDGE ( 'NONE', *, *, #4002, .F. ) ;
#131 = AXIS2_PLACEMENT_3D ( 'NONE', #4826, #1348, #142 ) ;
#132 = EDGE_CURVE ( 'NONE', #946, #2870, #1514, .T. ) ;
#133 = AXIS2_PLACEMENT_3D ( 'NONE', #2026, #3128, #3867 ) ;
#134 = LINE ( 'NONE', #4799, #4489 ) ;
#135 = LINE ( 'NONE', #3890, #1377 ) ;
#136 = EDGE_CURVE ( 'NONE', #4945, #4547, #4622, .T. ) ;
#137 = CARTESIAN_POINT ( 'NONE',  ( 207.7879878269475000, 3.000000000000000000, -163.8421545680241422 ) ) ;
#138 = ORIENTED_EDGE ( 'NONE', *, *, #664, .T. ) ;
#139 = VECTOR ( 'NONE', #1879, 1000.000000000000000 ) ;
#140 = EDGE_LOOP ( 'NONE', ( #4776, #1185 ) ) ;
#141 = LINE ( 'NONE', #1644, #2820 ) ;
#142 = DIRECTION ( 'NONE',  ( 0.000000000000000000, 0.000000000000000000, 1.000000000000000000 ) ) ;
#143 = ORIENTED_EDGE ( 'NONE', *, *, #861, .F. ) ;
#144 =( LENGTH_UNIT ( ) NAMED_UNIT ( * ) SI_UNIT ( .MILLI., .METRE. ) );
#145 = DIRECTION ( 'NONE',  ( -1.000000000000000000, 0.000000000000000000, 0.000000000000000000 ) ) ;
#146 = CARTESIAN_POINT ( 'NONE',  ( 220.0000000000000000, 0.000000000000000000, 0.000000000000000000 ) ) ;
#147 = EDGE_CURVE ( 'NONE', #2618, #1379, #1076, .T. ) ;
#148 = CARTESIAN_POINT ( 'NONE',  ( 39.25519782485118014, 87.00000000000001421, -209.2328496799144091 ) ) ;
#149 = VERTEX_POINT ( 'NONE', #1487 ) ;
#150 = DIRECTION ( 'NONE',  ( -1.000000000000000000, -0.000000000000000000, -0.000000000000000000 ) ) ;
#151 = DIRECTION ( 'NONE',  ( 0.000000000000000000, -0.9054717621428785002, 0.4244065126289539580 ) ) ;
#152 = DIRECTION ( 'NONE',  ( -1.000000000000000000, 0.000000000000000000, -0.000000000000000000 ) ) ;
#153 = EDGE_CURVE ( 'NONE', #756, #2161, #2619, .T. ) ;
#154 = ORIENTED_EDGE ( 'NONE', *, *, #2514, .T. ) ;
#155 = EDGE_CURVE ( 'NONE', #2161, #3642, #777, .T. ) ;
#156 = EDGE_LOOP ( 'NONE', ( #2898, #4734 ) ) ;
#157 = CARTESIAN_POINT ( 'NONE',  ( 46.10039527254103575, 6.999999999999999112, -209.2328496799144091 ) ) ;
#158 = CARTESIAN_POINT ( 'NONE',  ( 217.1664282579044709, 22.92654254298398442, -154.8068246745452257 ) ) ;
#159 = CARTESIAN_POINT ( 'NONE',  ( 182.0000000000000000, 0.000000000000000000, -183.0000000000000284 ) ) ;
#160 = ADVANCED_FACE ( 'NONE', ( #1914 ), #3441, .F. ) ;
#161 = CARTESIAN_POINT ( 'NONE',  ( 34.49999999999999289, -4.568651337178751604, -144.3898999473319122 ) ) ;
#162 = VERTEX_POINT ( 'NONE', #2239 ) ;
#163 = AXIS2_PLACEMENT_3D ( 'NONE', #3616, #2116, #3250 ) ;
#164 = ORIENTED_EDGE ( 'NONE', *, *, #1123, .F. ) ;
#165 = VECTOR ( 'NONE', #2527, 1000.000000000000000 ) ;
#166 = CARTESIAN_POINT ( 'NONE',  ( 76.00000000000001421, 3.000000000000000000, -41.99999999999997868 ) ) ;
#167 = DIRECTION ( 'NONE',  ( -0.000000000000000000, 1.000000000000000000, -0.000000000000000000 ) ) ;
#168 = ORIENTED_EDGE ( 'NONE', *, *, #2839, .F. ) ;
#169 = CARTESIAN_POINT ( 'NONE',  ( 166.9999999999999716, 3.000000000000000000, -64.59999999999999432 ) ) ;
#170 = PLANE ( 'NONE',  #2801 ) ;
#171 = FACE_BOUND ( 'NONE', #3904, .T. ) ;
#172 = EDGE_LOOP ( 'NONE', ( #3399, #3768, #798, #106 ) ) ;
#173 = DIRECTION ( 'NONE',  ( 0.000000000000000000, 1.000000000000000000, 0.000000000000000000 ) ) ;
#174 = DIRECTION ( 'NONE',  ( 1.000000000000000000, -0.000000000000000000, -1.020425574104004246E-16 ) ) ;
#175 = CARTESIAN_POINT ( 'NONE',  ( 10.00000000000000000, -93.00000000000000000, -15.00000000000000000 ) ) ;
#176 = VERTEX_POINT ( 'NONE', #4593 ) ;
#177 = AXIS2_PLACEMENT_3D ( 'NONE', #2262, #3809, #3072 ) ;
#178 = EDGE_CURVE ( 'NONE', #3320, #1471, #3095, .T. ) ;
#179 = FACE_BOUND ( 'NONE', #898, .T. ) ;
#180 = CIRCLE ( 'NONE', #1548, 3.000000000000002665 ) ;
#181 = AXIS2_PLACEMENT_3D ( 'NONE', #3531, #3163, #2767 ) ;
#182 = FACE_OUTER_BOUND ( 'NONE', #4403, .T. ) ;
#183 = ORIENTED_EDGE ( 'NONE', *, *, #2121, .T. ) ;
#184 = ORIENTED_EDGE ( 'NONE', *, *, #1344, .F. ) ;
#185 = AXIS2_PLACEMENT_3D ( 'NONE', #2163, #3272, #4009 ) ;
#186 = ORIENTED_EDGE ( 'NONE', *, *, #3579, .F. ) ;
#187 = EDGE_CURVE ( 'NONE', #2084, #592, #3542, .T. ) ;
#188 = DIRECTION ( 'NONE',  ( 0.000000000000000000, -0.000000000000000000, -1.000000000000000000 ) ) ;
#189 = LINE ( 'NONE', #2077, #2458 ) ;
#190 = ORIENTED_EDGE ( 'NONE', *, *, #3652, .T. ) ;
#191 = APPROVAL_STATUS ( 'not_yet_approved' ) ;
#192 = LINE ( 'NONE', #3653, #3934 ) ;
#193 = CARTESIAN_POINT ( 'NONE',  ( 176.0000000000000000, -93.00000000000000000, -14.99999999999999645 ) ) ;
#194 = ORIENTED_EDGE ( 'NONE', *, *, #909, .F. ) ;
#195 = PLANE ( 'NONE',  #3730 ) ;
#196 = EDGE_LOOP ( 'NONE', ( #2973, #3740, #2819, #2491 ) ) ;
#197 = FACE_BOUND ( 'NONE', #3362, .T. ) ;
#198 = DIRECTION ( 'NONE',  ( 0.000000000000000000, 1.000000000000000000, 0.000000000000000000 ) ) ;
#199 = FACE_OUTER_BOUND ( 'NONE', #2857, .T. ) ;
#200 = ORIENTED_EDGE ( 'NONE', *, *, #4698, .F. ) ;
#201 = FACE_BOUND ( 'NONE', #4533, .T. ) ;
#202 = CIRCLE ( 'NONE', #3802, 1.549999999999995826 ) ;
#203 = CARTESIAN_POINT ( 'NONE',  ( 44.00000000000000711, -3.600000000000007638, -95.00000000000000000 ) ) ;
#204 = ORIENTED_EDGE ( 'NONE', *, *, #3096, .F. ) ;
#205 = EDGE_CURVE ( 'NONE', #1258, #3698, #4566, .T. ) ;
#206 = CYLINDRICAL_SURFACE ( 'NONE', #3467, 1.000000000000000888 ) ;
#207 = VECTOR ( 'NONE', #4783, 1000.000000000000000 ) ;
#208 = ORIENTED_EDGE ( 'NONE', *, *, #4926, .T. ) ;
#209 = CARTESIAN_POINT ( 'NONE',  ( 182.0000000000000000, 0.000000000000000000, -190.0000000000000000 ) ) ;
#210 = CARTESIAN_POINT ( 'NONE',  ( 205.3825308168844117, -3.000000000000000000, -163.0494536524393823 ) ) ;
#211 = EDGE_CURVE ( 'NONE', #3884, #967, #4423, .T. ) ;
#212 = VECTOR ( 'NONE', #1558, 1000.000000000000000 ) ;
#213 = DIRECTION ( 'NONE',  ( -0.000000000000000000, -1.000000000000000000, -0.000000000000000000 ) ) ;
#214 = ORIENTED_EDGE ( 'NONE', *, *, #3790, .F. ) ;
#215 = ADVANCED_FACE ( 'NONE', ( #1150 ), #4185, .F. ) ;
#216 = AXIS2_PLACEMENT_3D ( 'NONE', #193, #4029, #515 ) ;
#217 = AXIS2_PLACEMENT_3D ( 'NONE', #1708, #4033, #4360 ) ;
#218 = LINE ( 'NONE', #2080, #4743 ) ;
#219 = LINE ( 'NONE', #3583, #4785 ) ;
#220 = DIRECTION ( 'NONE',  ( -0.000000000000000000, -0.000000000000000000, 1.000000000000000000 ) ) ;
#221 = ADVANCED_FACE ( 'NONE', ( #425 ), #2641, .F. ) ;
#222 = VECTOR ( 'NONE', #2406, 1000.000000000000000 ) ;
#223 = ORIENTED_EDGE ( 'NONE', *, *, #36, .T. ) ;
#224 = CARTESIAN_POINT ( 'NONE',  ( 66.99999999999998579, -3.000000000000000000, -63.00000000000000000 ) ) ;
#225 = DIRECTION ( 'NONE',  ( 0.000000000000000000, -1.000000000000000000, 0.000000000000000000 ) ) ;
#226 = DIRECTION ( 'NONE',  ( -1.000000000000000000, 0.000000000000000000, -0.000000000000000000 ) ) ;
#227 = CIRCLE ( 'NONE', #4149, 1.599999999999990319 ) ;
#228 = FACE_OUTER_BOUND ( 'NONE', #196, .T. ) ;
#229 = CARTESIAN_POINT ( 'NONE',  ( 219.5900533511762660, 20.72697669844493618, -139.4889812460774863 ) ) ;
#230 = ORIENTED_EDGE ( 'NONE', *, *, #3729, .F. ) ;
#231 = CARTESIAN_POINT ( 'NONE',  ( 210.5500000000000114, 7.000000000000000000, -158.2500000000000000 ) ) ;
#232 = ORIENTED_EDGE ( 'NONE', *, *, #2962, .T. ) ;
#233 = EDGE_CURVE ( 'NONE', #1799, #2045, #372, .T. ) ;
#234 = CARTESIAN_POINT ( 'NONE',  ( 219.7053723981879045, 23.23000838971856297, -138.0481226469355818 ) ) ;
#235 = DIRECTION ( 'NONE',  ( -1.000000000000000000, 0.000000000000000000, 0.000000000000000000 ) ) ;
#236 = FACE_OUTER_BOUND ( 'NONE', #778, .T. ) ;
#237 = ORIENTED_EDGE ( 'NONE', *, *, #4807, .T. ) ;
#238 = ADVANCED_FACE ( 'NONE', ( #397 ), #4237, .F. ) ;
#239 = CALENDAR_DATE ( 2026, 17, 9 ) ;
#240 = EDGE_LOOP ( 'NONE', ( #3327, #2577 ) ) ;
#241 = CARTESIAN_POINT ( 'NONE',  ( 176.0000000000000000, -12.00000000000000000, -95.00000000000000000 ) ) ;
#242 = CARTESIAN_POINT ( 'NONE',  ( 44.00000000000000711, 0.000000000000000000, -41.99999999999999289 ) ) ;
#243 = CARTESIAN_POINT ( 'NONE',  ( 215.0000000000000000, 87.00000000000001421, -5.000000000000000000 ) ) ;
#244 = ORIENTED_EDGE ( 'NONE', *, *, #4755, .T. ) ;
#245 = LINE ( 'NONE', #1026, #2708 ) ;
#246 = EDGE_CURVE ( 'NONE', #403, #1813, #344, .T. ) ;
#247 = LINE ( 'NONE', #3610, #2620 ) ;
#248 = PLANE ( 'NONE',  #417 ) ;
#249 = DIRECTION ( 'NONE',  ( 0.000000000000000000, 0.000000000000000000, 1.000000000000000000 ) ) ;
#250 = CARTESIAN_POINT ( 'NONE',  ( 216.8468525262024400, 23.18113721995410970, -156.1488099497053099 ) ) ;
#251 = ORIENTED_EDGE ( 'NONE', *, *, #4790, .T. ) ;
#252 = ORIENTED_EDGE ( 'NONE', *, *, #1867, .F. ) ;
#253 = ORIENTED_EDGE ( 'NONE', *, *, #136, .F. ) ;
#254 = VECTOR ( 'NONE', #3297, 1000.000000000000000 ) ;
#255 = CARTESIAN_POINT ( 'NONE',  ( 219.6515946379992386, 23.15114297691977541, -138.7485218464393313 ) ) ;
#256 = CARTESIAN_POINT ( 'NONE',  ( 180.7448021751488341, 0.000000000000000000, -214.2328496799144091 ) ) ;
#257 = ORIENTED_EDGE ( 'NONE', *, *, #575, .T. ) ;
#258 = CARTESIAN_POINT ( 'NONE',  ( 24.49999999999999289, -4.044738620619069636, -150.5175434964809256 ) ) ;
#259 = EDGE_LOOP ( 'NONE', ( #3366, #4252, #2703, #1085 ) ) ;
#260 = AXIS2_PLACEMENT_3D ( 'NONE', #981, #2190, #2139 ) ;
#261 = VECTOR ( 'NONE', #3064, 1000.000000000000000 ) ;
#262 = VERTEX_POINT ( 'NONE', #3468 ) ;
#263 = DIRECTION ( 'NONE',  ( 0.000000000000000000, 1.000000000000000000, 0.000000000000000000 ) ) ;
#264 = FACE_OUTER_BOUND ( 'NONE', #3319, .T. ) ;
#265 = PLANE ( 'NONE',  #1409 ) ;
#266 = ADVANCED_FACE ( 'NONE', ( #3494 ), #1463, .F. ) ;
#267 = DIRECTION ( 'NONE',  ( 1.000000000000000000, 0.000000000000000000, 0.000000000000000000 ) ) ;
#268 = CARTESIAN_POINT ( 'NONE',  ( 216.5584815957884359, 21.47471498295448455, -157.3000000000001535 ) ) ;
#269 = ORIENTED_EDGE ( 'NONE', *, *, #3341, .F. ) ;
#270 = PLANE ( 'NONE',  #3238 ) ;
#271 = EDGE_CURVE ( 'NONE', #2886, #1977, #4917, .T. ) ;
#272 = CARTESIAN_POINT ( 'NONE',  ( 201.4813387978993831, 3.000000000000000000, -176.9581994357374413 ) ) ;
#273 = DIRECTION ( 'NONE',  ( -0.000000000000000000, 1.000000000000000000, -0.000000000000000000 ) ) ;
#274 = VERTEX_POINT ( 'NONE', #4266 ) ;
#275 = CARTESIAN_POINT ( 'NONE',  ( 38.00000000000000711, 0.000000000000000000, -190.0000000000000000 ) ) ;
#276 = EDGE_CURVE ( 'NONE', #4168, #3032, #2366, .T. ) ;
#277 = VERTEX_POINT ( 'NONE', #2749 ) ;
#278 = AXIS2_PLACEMENT_3D ( 'NONE', #1654, #4810, #2180 ) ;
#279 = LINE ( 'NONE', #2931, #4886 ) ;
#280 = DIRECTION ( 'NONE',  ( 0.000000000000000000, 0.000000000000000000, 1.000000000000000000 ) ) ;
#281 = LINE ( 'NONE', #4144, #524 ) ;
#282 = ORIENTED_EDGE ( 'NONE', *, *, #1756, .F. ) ;
#283 = AXIS2_PLACEMENT_3D ( 'NONE', #631, #2246, #3397 ) ;
#284 = ORIENTED_EDGE ( 'NONE', *, *, #3425, .T. ) ;
#285 = CARTESIAN_POINT ( 'NONE',  ( 41.10039527254102865, 0.000000000000000000, -206.7328496799144091 ) ) ;
#286 = CIRCLE ( 'NONE', #4782, 3.000000000000002665 ) ;
#287 = CARTESIAN_POINT ( 'NONE',  ( 215.0000000000000000, 34.99999999999999289, -35.00000000000001421 ) ) ;
#288 = CARTESIAN_POINT ( 'NONE',  ( 210.5500000000000114, 43.50000000000000000, -158.2500000000000000 ) ) ;
#289 = ORIENTED_EDGE ( 'NONE', *, *, #4731, .F. ) ;
#290 = AXIS2_PLACEMENT_3D ( 'NONE', #4768, #2412, #3194 ) ;
#291 = CARTESIAN_POINT ( 'NONE',  ( 0.000000000000000000, 0.000000000000000000, 0.000000000000000000 ) ) ;
#292 = ADVANCED_FACE ( 'NONE', ( #831, #1996 ), #4648, .F. ) ;
#293 = DIRECTION ( 'NONE',  ( 0.000000000000000000, 1.000000000000000000, 0.000000000000000000 ) ) ;
#294 = CYLINDRICAL_SURFACE ( 'NONE', #3079, 7.849999999999996092 ) ;
#295 = AXIS2_PLACEMENT_3D ( 'NONE', #1195, #2740, #1274 ) ;
#296 = EDGE_CURVE ( 'NONE', #548, #3355, #4022, .T. ) ;
#297 = CARTESIAN_POINT ( 'NONE',  ( 245.5500000000000114, 21.67999999999999972, -155.7500000000000000 ) ) ;
#298 = ORIENTED_EDGE ( 'NONE', *, *, #2514, .F. ) ;
#299 = CARTESIAN_POINT ( 'NONE',  ( 210.5500000000000114, 43.50000000000000000, -135.7500000000000000 ) ) ;
#300 = VERTEX_POINT ( 'NONE', #256 ) ;
#301 = ADVANCED_FACE ( 'NONE', ( #4875 ), #1395, .F. ) ;
#302 = CARTESIAN_POINT ( 'NONE',  ( 219.6364780309149580, 23.07364035418012804, -138.9359681137765961 ) ) ;
#303 = CARTESIAN_POINT ( 'NONE',  ( 166.9999999999999716, -3.000000000000000000, -64.59999999999999432 ) ) ;
#304 = LINE ( 'NONE', #4572, #2375 ) ;
#305 = ORIENTED_EDGE ( 'NONE', *, *, #3105, .T. ) ;
#306 = VERTEX_POINT ( 'NONE', #4073 ) ;
#307 = CARTESIAN_POINT ( 'NONE',  ( 205.3825308168844117, 0.000000000000000000, -162.0494536524393823 ) ) ;
#308 = DIRECTION ( 'NONE',  ( -0.000000000000000000, -1.000000000000000000, -0.000000000000000000 ) ) ;
#309 = DIRECTION ( 'NONE',  ( 1.000000000000000000, 0.000000000000000000, 0.000000000000000000 ) ) ;
#310 = EDGE_LOOP ( 'NONE', ( #4275, #1873, #2352, #2238 ) ) ;
#311 = DIRECTION ( 'NONE',  ( -0.000000000000000000, -1.000000000000000000, 0.000000000000000000 ) ) ;
#312 = CARTESIAN_POINT ( 'NONE',  ( 217.0377001740765195, 20.17752688648896253, -155.3562785766584966 ) ) ;
#313 = LINE ( 'NONE', #768, #261 ) ;
#314 = CARTESIAN_POINT ( 'NONE',  ( 214.8424413107592557, 7.000000000000000000, -135.7500000000000000 ) ) ;
#315 = VERTEX_POINT ( 'NONE', #3695 ) ;
#316 = CARTESIAN_POINT ( 'NONE',  ( 18.01920650021932602, 0.000000000000000000, -169.1241044017996558 ) ) ;
#317 = AXIS2_PLACEMENT_3D ( 'NONE', #1183, #1131, #4216 ) ;
#318 = EDGE_CURVE ( 'NONE', #1155, #2778, #1217, .T. ) ;
#319 = ORIENTED_EDGE ( 'NONE', *, *, #3258, .T. ) ;
#320 = DIRECTION ( 'NONE',  ( 0.000000000000000000, 1.000000000000000000, 0.000000000000000000 ) ) ;
#321 = DIRECTION ( 'NONE',  ( 0.000000000000000000, 0.000000000000000000, 1.000000000000000000 ) ) ;
#322 = LINE ( 'NONE', #1824, #932 ) ;
#323 = EDGE_LOOP ( 'NONE', ( #3793, #3858 ) ) ;
#324 = VECTOR ( 'NONE', #4080, 1000.000000000000000 ) ;
#325 = EDGE_CURVE ( 'NONE', #3177, #2084, #2575, .T. ) ;
#326 = AXIS2_PLACEMENT_3D ( 'NONE', #629, #2171, #1060 ) ;
#327 = VERTEX_POINT ( 'NONE', #4048 ) ;
#328 = ORIENTED_EDGE ( 'NONE', *, *, #3222, .F. ) ;
#329 = DIRECTION ( 'NONE',  ( 0.000000000000000000, 0.000000000000000000, -1.000000000000000000 ) ) ;
#330 = PLANE ( 'NONE',  #4623 ) ;
#331 = VECTOR ( 'NONE', #2070, 1000.000000000000000 ) ;
#332 = CIRCLE ( 'NONE', #3930, 2.500000000000000444 ) ;
#333 = DIRECTION ( 'NONE',  ( 0.000000000000000000, 1.000000000000000000, 0.000000000000000000 ) ) ;
#334 = ORIENTED_EDGE ( 'NONE', *, *, #2175, .F. ) ;
#335 = EDGE_CURVE ( 'NONE', #2665, #1180, #4401, .T. ) ;
#336 = VECTOR ( 'NONE', #4336, 1000.000000000000000 ) ;
#337 = DIRECTION ( 'NONE',  ( -0.000000000000000000, -1.000000000000000000, -0.000000000000000000 ) ) ;
#338 = CARTESIAN_POINT ( 'NONE',  ( 210.5500000000000114, 43.50000000000000000, -158.2500000000000000 ) ) ;
#339 = EDGE_CURVE ( 'NONE', #3762, #1502, #2222, .T. ) ;
#340 = CARTESIAN_POINT ( 'NONE',  ( 178.8996047274589785, 6.999999999999999112, -209.2328496799144091 ) ) ;
#341 = ORIENTED_EDGE ( 'NONE', *, *, #3896, .T. ) ;
#342 = PLANE ( 'NONE',  #1949 ) ;
#343 = EDGE_LOOP ( 'NONE', ( #1400, #995, #2100, #4527 ) ) ;
#344 = LINE ( 'NONE', #802, #3703 ) ;
#345 = ORIENTED_EDGE ( 'NONE', *, *, #2206, .F. ) ;
#346 = PERSON_AND_ORGANIZATION_ROLE ( 'creator' ) ;
#347 = EDGE_CURVE ( 'NONE', #2481, #4756, #2907, .T. ) ;
#348 = CARTESIAN_POINT ( 'NONE',  ( 191.7000000000000171, 0.000000000000000000, -0.000000000000000000 ) ) ;
#349 = CYLINDRICAL_SURFACE ( 'NONE', #317, 7.849999999999996092 ) ;
#350 = LINE ( 'NONE', #1446, #1980 ) ;
#351 = ORIENTED_EDGE ( 'NONE', *, *, #2858, .T. ) ;
#352 = CIRCLE ( 'NONE', #3493, 4.999999999999990230 ) ;
#353 = ORIENTED_EDGE ( 'NONE', *, *, #1601, .F. ) ;
#354 = EDGE_CURVE ( 'NONE', #3884, #2095, #2503, .T. ) ;
#355 = DIRECTION ( 'NONE',  ( -1.000000000000000000, -0.000000000000000000, -0.000000000000000000 ) ) ;
#356 = CARTESIAN_POINT ( 'NONE',  ( 110.0000000000000000, 7.000000000000000000, -130.0000000000000000 ) ) ;
#357 = CC_DESIGN_PERSON_AND_ORGANIZATION_ASSIGNMENT ( #633, #3813, ( #4707 ) ) ;
#358 = CIRCLE ( 'NONE', #934, 109.9999999999999858 ) ;
#359 = DIRECTION ( 'NONE',  ( 0.000000000000000000, 0.000000000000000000, -1.000000000000000000 ) ) ;
#360 = ORIENTED_EDGE ( 'NONE', *, *, #3847, .T. ) ;
#361 = PLANE ( 'NONE',  #1016 ) ;
#362 = AXIS2_PLACEMENT_3D ( 'NONE', #3538, #3090, #471 ) ;
#363 = CARTESIAN_POINT ( 'NONE',  ( 217.2572508204562780, 20.89297593326832114, -154.4107685590698793 ) ) ;
#364 = DIRECTION ( 'NONE',  ( -0.000000000000000000, -1.000000000000000000, 0.000000000000000000 ) ) ;
#365 = EDGE_CURVE ( 'NONE', #1966, #1075, #585, .T. ) ;
#366 = CARTESIAN_POINT ( 'NONE',  ( 210.0000000000000000, -93.00000000000000000, -95.00000000000001421 ) ) ;
#367 = CIRCLE ( 'NONE', #4858, 6.999999999999978684 ) ;
#368 = AXIS2_PLACEMENT_3D ( 'NONE', #4651, #862, #1207 ) ;
#369 = EDGE_LOOP ( 'NONE', ( #2442, #3536 ) ) ;
#370 = CARTESIAN_POINT ( 'NONE',  ( 182.0000000000000000, 27.00000000000000000, -183.0000000000000284 ) ) ;
#371 = EDGE_LOOP ( 'NONE', ( #1720, #237, #1513, #566 ) ) ;
#372 = LINE ( 'NONE', #1126, #652 ) ;
#373 = ORIENTED_EDGE ( 'NONE', *, *, #3961, .F. ) ;
#374 = CIRCLE ( 'NONE', #1101, 1.600000000000004086 ) ;
#375 = DIRECTION ( 'NONE',  ( 0.000000000000000000, 0.9805806756909202226, -0.1961161351381842111 ) ) ;
#376 = DIRECTION ( 'NONE',  ( 1.000000000000000000, 0.000000000000000000, 0.000000000000000000 ) ) ;
#377 = LINE ( 'NONE', #755, #4051 ) ;
#378 = EDGE_LOOP ( 'NONE', ( #55, #3448, #3928, #252 ) ) ;
#379 = EDGE_CURVE ( 'NONE', #885, #988, #2959, .T. ) ;
#380 = ORIENTED_EDGE ( 'NONE', *, *, #4731, .T. ) ;
#381 = CARTESIAN_POINT ( 'NONE',  ( 34.49999999999999289, -3.000000000000000000, -167.0000000000000000 ) ) ;
#382 = DIRECTION ( 'NONE',  ( -0.000000000000000000, -1.000000000000000000, -0.000000000000000000 ) ) ;
#383 = LINE ( 'NONE', #2787, #3805 ) ;
#384 = ORIENTED_EDGE ( 'NONE', *, *, #1664, .F. ) ;
#385 = EDGE_CURVE ( 'NONE', #967, #1728, #2123, .T. ) ;
#386 = FACE_OUTER_BOUND ( 'NONE', #4883, .T. ) ;
#387 = FACE_BOUND ( 'NONE', #601, .T. ) ;
#388 = ORIENTED_EDGE ( 'NONE', *, *, #721, .F. ) ;
#389 = LINE ( 'NONE', #1629, #4063 ) ;
#390 = CARTESIAN_POINT ( 'NONE',  ( 219.7457088326114274, 20.33343429855516504, -137.4757287449423586 ) ) ;
#391 = EDGE_CURVE ( 'NONE', #3097, #1844, #4451, .T. ) ;
#392 = EDGE_CURVE ( 'NONE', #306, #4162, #654, .T. ) ;
#393 = DIRECTION ( 'NONE',  ( 0.000000000000000000, 0.000000000000000000, 1.000000000000000000 ) ) ;
#394 = ORIENTED_EDGE ( 'NONE', *, *, #2730, .T. ) ;
#395 = LINE ( 'NONE', #4136, #2188 ) ;
#396 = ORIENTED_EDGE ( 'NONE', *, *, #2270, .T. ) ;
#397 = FACE_OUTER_BOUND ( 'NONE', #480, .T. ) ;
#398 = EDGE_CURVE ( 'NONE', #672, #2999, #2148, .T. ) ;
#399 = ORIENTED_EDGE ( 'NONE', *, *, #2947, .T. ) ;
#400 = CARTESIAN_POINT ( 'NONE',  ( 205.3825308168844117, 7.000000000000000000, -162.0494536524393823 ) ) ;
#401 = CARTESIAN_POINT ( 'NONE',  ( 21.42094381732307085, 3.000000000000000000, -175.1987551511599293 ) ) ;
#402 = DIRECTION ( 'NONE',  ( 0.000000000000000000, 0.000000000000000000, -1.000000000000000000 ) ) ;
#403 = VERTEX_POINT ( 'NONE', #3746 ) ;
#404 = ORIENTED_EDGE ( 'NONE', *, *, #3005, .T. ) ;
#405 = DIRECTION ( 'NONE',  ( -1.000000000000000000, -0.000000000000000000, -0.000000000000000000 ) ) ;
#406 = CARTESIAN_POINT ( 'NONE',  ( 18.01920650021932602, 3.000000000000000000, -176.9741044017996501 ) ) ;
#407 = LINE ( 'NONE', #3480, #1006 ) ;
#408 = ORIENTED_EDGE ( 'NONE', *, *, #365, .T. ) ;
#409 = AXIS2_PLACEMENT_3D ( 'NONE', #3401, #4854, #2250 ) ;
#410 = CARTESIAN_POINT ( 'NONE',  ( 215.0000000000000000, 87.00000000000001421, -5.000000000000000000 ) ) ;
#411 = VECTOR ( 'NONE', #1437, 1000.000000000000000 ) ;
#412 = CARTESIAN_POINT ( 'NONE',  ( 10.00000000000000000, 7.000000000000000000, -15.00000000000000000 ) ) ;
#413 = VECTOR ( 'NONE', #3648, 1000.000000000000000 ) ;
#414 = DIRECTION ( 'NONE',  ( -0.000000000000000000, -1.000000000000000000, -0.000000000000000000 ) ) ;
#415 = ADVANCED_FACE ( 'NONE', ( #4499 ), #2197, .F. ) ;
#416 = DIRECTION ( 'NONE',  ( -0.000000000000000000, -1.000000000000000000, -0.000000000000000000 ) ) ;
#417 = AXIS2_PLACEMENT_3D ( 'NONE', #4064, #3220, #1383 ) ;
#418 = ORIENTED_EDGE ( 'NONE', *, *, #318, .F. ) ;
#419 = CARTESIAN_POINT ( 'NONE',  ( 215.0000000000000000, 87.00000000000001421, -75.00000000000001421 ) ) ;
#420 = VERTEX_POINT ( 'NONE', #1820 ) ;
#421 = CARTESIAN_POINT ( 'NONE',  ( 185.5000000000000000, -3.000000000000000000, -167.0000000000000000 ) ) ;
#422 = VECTOR ( 'NONE', #2216, 1000.000000000000000 ) ;
#423 = VERTEX_POINT ( 'NONE', #2979 ) ;
#424 = EDGE_CURVE ( 'NONE', #4765, #2319, #4120, .T. ) ;
#425 = FACE_OUTER_BOUND ( 'NONE', #2306, .T. ) ;
#426 = VERTEX_POINT ( 'NONE', #3281 ) ;
#427 = CARTESIAN_POINT ( 'NONE',  ( 217.3049859046633401, 21.67999999999999972, -154.2000000000000171 ) ) ;
#428 = FACE_OUTER_BOUND ( 'NONE', #4445, .T. ) ;
#429 = EDGE_CURVE ( 'NONE', #3320, #1772, #4781, .T. ) ;
#430 = FACE_OUTER_BOUND ( 'NONE', #4567, .T. ) ;
#431 = ORIENTED_EDGE ( 'NONE', *, *, #4230, .F. ) ;
#432 = ORIENTED_EDGE ( 'NONE', *, *, #354, .T. ) ;
#433 = EDGE_CURVE ( 'NONE', #2633, #4356, #2884, .T. ) ;
#434 = DIRECTION ( 'NONE',  ( 1.000000000000000000, -0.000000000000000000, -0.000000000000000000 ) ) ;
#435 = LINE ( 'NONE', #1979, #770 ) ;
#436 = DIRECTION ( 'NONE',  ( 1.000000000000000000, 0.000000000000000000, 0.000000000000000000 ) ) ;
#437 = ORIENTED_EDGE ( 'NONE', *, *, #3411, .F. ) ;
#438 = ORIENTED_EDGE ( 'NONE', *, *, #1565, .F. ) ;
#439 = DIRECTION ( 'NONE',  ( -1.000000000000000000, -0.000000000000000000, -0.000000000000000000 ) ) ;
#440 = FACE_OUTER_BOUND ( 'NONE', #1128, .T. ) ;
#441 = CIRCLE ( 'NONE', #49, 7.000000000000006217 ) ;
#442 = CARTESIAN_POINT ( 'NONE',  ( 182.0000000000000000, 27.00000000000000000, -196.9999999999999716 ) ) ;
#443 = CARTESIAN_POINT ( 'NONE',  ( 176.0000000000000000, 7.000000000000000000, -41.99999999999999289 ) ) ;
#444 = VECTOR ( 'NONE', #4709, 1000.000000000000227 ) ;
#445 = EDGE_LOOP ( 'NONE', ( #4123, #408, #4097, #4916 ) ) ;
#446 = EDGE_CURVE ( 'NONE', #2665, #4923, #2991, .T. ) ;
#447 = DIRECTION ( 'NONE',  ( 1.000000000000000000, 0.000000000000000000, 0.000000000000000000 ) ) ;
#448 = ORIENTED_EDGE ( 'NONE', *, *, #4516, .F. ) ;
#449 = CARTESIAN_POINT ( 'NONE',  ( 211.1283219479093134, 43.50000000000000000, -158.2500000000000000 ) ) ;
#450 = ORIENTED_EDGE ( 'NONE', *, *, #1290, .T. ) ;
#451 = CARTESIAN_POINT ( 'NONE',  ( 44.00000000000000711, -93.00000000000000000, -15.00000000000000178 ) ) ;
#452 = AXIS2_PLACEMENT_3D ( 'NONE', #4172, #4101, #3357 ) ;
#453 = EDGE_CURVE ( 'NONE', #3233, #2084, #1703, .T. ) ;
#454 = CIRCLE ( 'NONE', #217, 109.9999999999999858 ) ;
#455 = ORIENTED_EDGE ( 'NONE', *, *, #4187, .T. ) ;
#456 = PLANE ( 'NONE',  #3488 ) ;
#457 = CYLINDRICAL_SURFACE ( 'NONE', #720, 2.500000000000002220 ) ;
#458 = PRODUCT_DEFINITION_FORMATION_WITH_SPECIFIED_SOURCE ( 'ANY', '', #1169, .NOT_KNOWN. ) ;
#459 = CARTESIAN_POINT ( 'NONE',  ( 41.10039527254102865, -12.00099999999999767, -206.7328496799144091 ) ) ;
#460 = ORIENTED_EDGE ( 'NONE', *, *, #4074, .T. ) ;
#461 = ORIENTED_EDGE ( 'NONE', *, *, #3952, .F. ) ;
#462 = EDGE_CURVE ( 'NONE', #4168, #2234, #3421, .T. ) ;
#463 = CARTESIAN_POINT ( 'NONE',  ( 21.42094381732307085, 3.000000000000000000, -179.1987551511599293 ) ) ;
#464 = LINE ( 'NONE', #1191, #1570 ) ;
#465 = ORIENTED_EDGE ( 'NONE', *, *, #3096, .T. ) ;
#466 = CALENDAR_DATE ( 2026, 17, 9 ) ;
#467 = DIRECTION ( 'NONE',  ( -1.000000000000000000, 0.000000000000000000, 1.067522139062651263E-15 ) ) ;
#468 = CARTESIAN_POINT ( 'NONE',  ( 198.5790561826769363, 3.000000000000000000, -176.1987551511599293 ) ) ;
#469 = DIRECTION ( 'NONE',  ( 0.000000000000000000, 0.000000000000000000, 1.000000000000000000 ) ) ;
#470 = ORIENTED_EDGE ( 'NONE', *, *, #4761, .T. ) ;
#471 = DIRECTION ( 'NONE',  ( 0.000000000000000000, 0.000000000000000000, -1.000000000000000000 ) ) ;
#472 = DIRECTION ( 'NONE',  ( -1.000000000000000000, -0.000000000000000000, -0.000000000000000000 ) ) ;
#473 = ORIENTED_EDGE ( 'NONE', *, *, #2825, .T. ) ;
#474 = EDGE_LOOP ( 'NONE', ( #1112, #1227, #4872, #1069 ) ) ;
#475 = CARTESIAN_POINT ( 'NONE',  ( 66.99999999999998579, -3.000000000000000000, -61.39999999999999858 ) ) ;
#476 = DIRECTION ( 'NONE',  ( -0.000000000000000000, 1.000000000000000000, -0.000000000000000000 ) ) ;
#477 = EDGE_CURVE ( 'NONE', #4501, #2856, #2752, .T. ) ;
#478 = LINE ( 'NONE', #835, #4297 ) ;
#479 = ORIENTED_EDGE ( 'NONE', *, *, #4407, .T. ) ;
#480 = EDGE_LOOP ( 'NONE', ( #525, #2627, #4510, #3171 ) ) ;
#481 = CARTESIAN_POINT ( 'NONE',  ( 198.5790561826769363, -3.000000000000000000, -176.1987551511599293 ) ) ;
#482 = DIRECTION ( 'NONE',  ( -0.000000000000000000, 1.000000000000000000, -0.000000000000000000 ) ) ;
#483 = ORIENTED_EDGE ( 'NONE', *, *, #612, .F. ) ;
#484 = ADVANCED_FACE ( 'NONE', ( #780 ), #2675, .F. ) ;
#485 = CIRCLE ( 'NONE', #4013, 7.849999999999996092 ) ;
#486 = CARTESIAN_POINT ( 'NONE',  ( 211.1283219479093134, 7.000000000000000000, -158.2500000000000000 ) ) ;
#487 = DIRECTION ( 'NONE',  ( 0.000000000000000000, 1.000000000000000000, 0.000000000000000000 ) ) ;
#488 = DIRECTION ( 'NONE',  ( 0.000000000000000000, 0.000000000000000000, 1.000000000000000000 ) ) ;
#489 = EDGE_LOOP ( 'NONE', ( #1122, #3049, #1975, #3676 ) ) ;
#490 = CARTESIAN_POINT ( 'NONE',  ( 10.00000000000000000, -93.00000000000000000, -15.00000000000000000 ) ) ;
#491 = ADVANCED_FACE ( 'NONE', ( #1491 ), #1081, .T. ) ;
#492 = VERTEX_POINT ( 'NONE', #4599 ) ;
#493 = VECTOR ( 'NONE', #2560, 1000.000000000000000 ) ;
#494 = FACE_OUTER_BOUND ( 'NONE', #63, .T. ) ;
#495 = FACE_OUTER_BOUND ( 'NONE', #3645, .T. ) ;
#496 = CYLINDRICAL_SURFACE ( 'NONE', #1551, 1.000000000000000888 ) ;
#497 = EDGE_LOOP ( 'NONE', ( #3518, #3497, #1215, #3492 ) ) ;
#498 = VECTOR ( 'NONE', #4546, 1000.000000000000000 ) ;
#499 = EDGE_LOOP ( 'NONE', ( #1817, #703, #2655, #2838 ) ) ;
#500 = VECTOR ( 'NONE', #902, 1000.000000000000000 ) ;
#501 = CARTESIAN_POINT ( 'NONE',  ( 217.0390574245153061, 23.19111594538502530, -155.3510651190009639 ) ) ;
#502 = DIRECTION ( 'NONE',  ( -1.000000000000000000, 0.000000000000000000, 0.000000000000000000 ) ) ;
#503 = LINE ( 'NONE', #137, #1499 ) ;
#504 = ORIENTED_EDGE ( 'NONE', *, *, #2365, .T. ) ;
#505 = B_SPLINE_CURVE_WITH_KNOTS ( 'NONE', 3,
 ( #2265, #4920, #2599, #4824, #3694, #4119, #674, #2221, #1420, #1865, #628, #4550, #234, #1490, #3745, #1394, #255, #302, #1840, #1819, #3000, #2170, #1443, #4450, #2958, #2978, #4142, #4093 ),
 .UNSPECIFIED., .F., .F.,
 ( 4, 2, 2, 2, 2, 2, 2, 2, 2, 2, 2, 2, 2, 4 ),
 ( 0.000000000000000000, 0.0003033152313504434332, 0.0006066304627008868664, 0.0009099456940513301912, 0.001213260925401773733, 0.001819891388102649540, 0.002426521850803525348, 0.002729837082153924871, 0.003033152313504325261, 0.003336467544854724784, 0.003639782776205124307, 0.004246413238905918583, 0.004549728470256315938, 0.004853043701606712425 ),
 .UNSPECIFIED. ) ;
#506 = EDGE_LOOP ( 'NONE', ( #2629, #3380, #257, #1717 ) ) ;
#507 = ADVANCED_FACE ( 'NONE', ( #4166 ), #349, .F. ) ;
#508 = LINE ( 'NONE', #2051, #4650 ) ;
#509 = CARTESIAN_POINT ( 'NONE',  ( 76.00000000000001421, 0.000000000000000000, -41.99999999999997868 ) ) ;
#510 = ORIENTED_EDGE ( 'NONE', *, *, #325, .F. ) ;
#511 = EDGE_CURVE ( 'NONE', #1956, #1616, #3029, .T. ) ;
#512 = COORDINATED_UNIVERSAL_TIME_OFFSET ( 7, 0, .AHEAD. ) ;
#513 = EDGE_CURVE ( 'NONE', #1772, #763, #1866, .T. ) ;
#514 = DIRECTION ( 'NONE',  ( 0.000000000000000000, -3.469446951953613696E-16, -1.000000000000000000 ) ) ;
#515 = DIRECTION ( 'NONE',  ( -0.000000000000000000, 0.000000000000000000, 1.000000000000000000 ) ) ;
#516 = CARTESIAN_POINT ( 'NONE',  ( 34.49999999999999289, 1.000000000000000000, -147.0000000000000000 ) ) ;
#517 = EDGE_LOOP ( 'NONE', ( #319, #154, #1564, #4775 ) ) ;
#518 = DIRECTION ( 'NONE',  ( 0.000000000000000000, 0.000000000000000000, 1.000000000000000000 ) ) ;
#519 = CIRCLE ( 'NONE', #3015, 2.499999999999995115 ) ;
#520 = EDGE_CURVE ( 'NONE', #2987, #58, #698, .T. ) ;
#521 = DIRECTION ( 'NONE',  ( 0.000000000000000000, 1.000000000000000000, 0.000000000000000000 ) ) ;
#522 = DIRECTION ( 'NONE',  ( 0.000000000000000000, 0.000000000000000000, -1.000000000000000000 ) ) ;
#523 = EDGE_LOOP ( 'NONE', ( #1962, #1569, #2559, #2378 ) ) ;
#524 = VECTOR ( 'NONE', #3697, 1000.000000000000000 ) ;
#525 = ORIENTED_EDGE ( 'NONE', *, *, #4790, .F. ) ;
#526 = VECTOR ( 'NONE', #4720, 1000.000000000000000 ) ;
#527 = CARTESIAN_POINT ( 'NONE',  ( 0.000000000000000000, 34.99999999999999289, -75.00000000000001421 ) ) ;
#528 = DIRECTION ( 'NONE',  ( 0.000000000000000000, 0.000000000000000000, 1.000000000000000000 ) ) ;
#529 = CARTESIAN_POINT ( 'NONE',  ( 185.5000000000000000, 7.000000000000000000, -127.0000000000000000 ) ) ;
#530 = DIRECTION ( 'NONE',  ( -0.000000000000000000, -1.000000000000000000, -0.000000000000000000 ) ) ;
#531 = EDGE_LOOP ( 'NONE', ( #1515, #504, #4137, #1083 ) ) ;
#532 = VECTOR ( 'NONE', #1114, 1000.000000000000000 ) ;
#533 = ADVANCED_FACE ( 'NONE', ( #1891 ), #2700, .F. ) ;
#534 = VECTOR ( 'NONE', #3136, 1000.000000000000000 ) ;
#535 = ORIENTED_EDGE ( 'NONE', *, *, #2320, .T. ) ;
#536 = DIRECTION ( 'NONE',  ( 0.000000000000000000, -1.000000000000000000, 0.000000000000000000 ) ) ;
#537 = DIRECTION ( 'NONE',  ( 0.000000000000000000, 0.000000000000000000, -1.000000000000000000 ) ) ;
#538 = ORIENTED_EDGE ( 'NONE', *, *, #4002, .T. ) ;
#539 = EDGE_CURVE ( 'NONE', #3298, #4476, #4190, .T. ) ;
#540 = DIRECTION ( 'NONE',  ( 0.000000000000000000, 0.000000000000000000, 1.000000000000000000 ) ) ;
#541 = CARTESIAN_POINT ( 'NONE',  ( 5.000000000000000000, 0.000000000000000000, -5.000000000000000000 ) ) ;
#542 = CARTESIAN_POINT ( 'NONE',  ( 34.49999999999999289, 0.000000000000000000, -0.000000000000000000 ) ) ;
#543 = EDGE_CURVE ( 'NONE', #4802, #3757, #1567, .T. ) ;
#544 = ORIENTED_EDGE ( 'NONE', *, *, #754, .F. ) ;
#545 = FACE_OUTER_BOUND ( 'NONE', #2711, .T. ) ;
#546 = FACE_OUTER_BOUND ( 'NONE', #3359, .T. ) ;
#547 = DIRECTION ( 'NONE',  ( 0.000000000000000000, 0.000000000000000000, 1.000000000000000000 ) ) ;
#548 = VERTEX_POINT ( 'NONE', #401 ) ;
#549 = EDGE_CURVE ( 'NONE', #1844, #4030, #4627, .T. ) ;
#550 = ORIENTED_EDGE ( 'NONE', *, *, #909, .T. ) ;
#551 = CARTESIAN_POINT ( 'NONE',  ( 210.0000000000000000, 7.000000000000000000, -15.00000000000000000 ) ) ;
#552 = DIRECTION ( 'NONE',  ( -1.000000000000000000, 0.000000000000000000, 0.000000000000000000 ) ) ;
#553 = ORIENTED_EDGE ( 'NONE', *, *, #2119, .T. ) ;
#554 = ORIENTED_EDGE ( 'NONE', *, *, #1077, .T. ) ;
#555 = ADVANCED_FACE ( 'NONE', ( #428 ), #4143, .F. ) ;
#556 = ORIENTED_EDGE ( 'NONE', *, *, #4285, .F. ) ;
#557 = VECTOR ( 'NONE', #4524, 1000.000000000000000 ) ;
#558 = CARTESIAN_POINT ( 'NONE',  ( 176.0000000000000000, -10.20000000000000107, -86.00000000000000000 ) ) ;
#559 = CARTESIAN_POINT ( 'NONE',  ( 178.8996047274589785, 6.999999999999999112, -204.2328496799144091 ) ) ;
#560 = VERTEX_POINT ( 'NONE', #2243 ) ;
#561 = CARTESIAN_POINT ( 'NONE',  ( 19.49999999999999645, 7.000000000000000000, -142.4999999999999716 ) ) ;
#562 = AXIS2_PLACEMENT_3D ( 'NONE', #1262, #3912, #4396 ) ;
#563 = DIRECTION ( 'NONE',  ( -0.000000000000000000, 0.9805806756909202226, 0.1961161351381841556 ) ) ;
#564 = CARTESIAN_POINT ( 'NONE',  ( 201.9807934997806740, 0.000000000000000000, -169.1241044017996558 ) ) ;
#565 = AXIS2_PLACEMENT_3D ( 'NONE', #1236, #1592, #4752 ) ;
#566 = ORIENTED_EDGE ( 'NONE', *, *, #2664, .F. ) ;
#567 = FACE_OUTER_BOUND ( 'NONE', #371, .T. ) ;
#568 = EDGE_CURVE ( 'NONE', #3228, #1622, #2418, .T. ) ;
#569 = DIRECTION ( 'NONE',  ( 0.000000000000000000, 0.000000000000000000, 1.000000000000000000 ) ) ;
#570 = CARTESIAN_POINT ( 'NONE',  ( 210.0000000000000000, -93.00000000000000000, -15.00000000000000000 ) ) ;
#571 = EDGE_LOOP ( 'NONE', ( #3708, #2448, #2470, #1266 ) ) ;
#572 = AXIS2_PLACEMENT_3D ( 'NONE', #1518, #9, #3396 ) ;
#573 = FACE_BOUND ( 'NONE', #1, .T. ) ;
#574 = AXIS2_PLACEMENT_3D ( 'NONE', #2593, #2311, #4915 ) ;
#575 = EDGE_CURVE ( 'NONE', #4518, #2621, #1466, .T. ) ;
#576 = VECTOR ( 'NONE', #1627, 1000.000000000000000 ) ;
#577 = CARTESIAN_POINT ( 'NONE',  ( 76.00000000000001421, 3.000000000000000000, -41.99999999999997868 ) ) ;
#578 = VERTEX_POINT ( 'NONE', #3226 ) ;
#579 = CARTESIAN_POINT ( 'NONE',  ( 38.00000000000000711, 27.00000000000000000, -190.0000000000000000 ) ) ;
#580 = EDGE_LOOP ( 'NONE', ( #1390, #2610, #4146, #3868, #1455, #4016, #3304, #1295, #1982, #3906, #2132, #3548, #1939, #3241, #4436, #3191, #2893, #3933, #3248, #4491, #550, #282, #269, #2409, #122, #1198, #3223, #1870, #253, #2556 ) ) ;
#581 = VECTOR ( 'NONE', #2408, 1000.000000000000000 ) ;
#582 = EDGE_LOOP ( 'NONE', ( #164, #3073, #2772, #4364 ) ) ;
#583 = ADVANCED_FACE ( 'NONE', ( #883 ), #2805, .F. ) ;
#584 = LINE ( 'NONE', #3945, #638 ) ;
#585 = LINE ( 'NONE', #4094, #1707 ) ;
#586 = CARTESIAN_POINT ( 'NONE',  ( 5.000000000000000000, 34.99999999999998579, -5.000000000000008882 ) ) ;
#587 = ORIENTED_EDGE ( 'NONE', *, *, #1218, .T. ) ;
#588 = SHAPE_DEFINITION_REPRESENTATION ( #4852, #846 ) ;
#589 = CARTESIAN_POINT ( 'NONE',  ( 185.5000000000000000, -3.000000000000000000, -142.5000000000000284 ) ) ;
#590 = LINE ( 'NONE', #2890, #4939 ) ;
#591 = CARTESIAN_POINT ( 'NONE',  ( 38.00000000000000711, 27.00000000000000000, -190.0000000000000000 ) ) ;
#592 = VERTEX_POINT ( 'NONE', #86 ) ;
#593 = FACE_BOUND ( 'NONE', #2824, .T. ) ;
#594 = DIRECTION ( 'NONE',  ( 0.000000000000000000, 0.000000000000000000, -1.000000000000000000 ) ) ;
#595 = DIRECTION ( 'NONE',  ( 0.000000000000000000, 0.000000000000000000, 1.000000000000000000 ) ) ;
#596 = EDGE_CURVE ( 'NONE', #4095, #4122, #1208, .T. ) ;
#597 = VECTOR ( 'NONE', #4173, 1000.000000000000000 ) ;
#598 = CYLINDRICAL_SURFACE ( 'NONE', #905, 2.500000000000000444 ) ;
#599 = VECTOR ( 'NONE', #2649, 1000.000000000000000 ) ;
#600 = PLANE ( 'NONE',  #4388 ) ;
#601 = EDGE_LOOP ( 'NONE', ( #4115, #1827 ) ) ;
#602 = LINE ( 'NONE', #4398, #3384 ) ;
#603 = EDGE_CURVE ( 'NONE', #4674, #4420, #4661, .T. ) ;
#604 = ORIENTED_EDGE ( 'NONE', *, *, #2082, .F. ) ;
#605 = VECTOR ( 'NONE', #3509, 1000.000000000000000 ) ;
#606 = FACE_BOUND ( 'NONE', #4632, .T. ) ;
#607 = CARTESIAN_POINT ( 'NONE',  ( 176.0000000000000000, 8.346153846153836042, -35.26923076923077360 ) ) ;
#608 = ORIENTED_EDGE ( 'NONE', *, *, #3936, .T. ) ;
#609 = CIRCLE ( 'NONE', #1423, 1.599999999999990319 ) ;
#610 = LINE ( 'NONE', #2933, #3970 ) ;
#611 = ORIENTED_EDGE ( 'NONE', *, *, #3722, .F. ) ;
#612 = EDGE_CURVE ( 'NONE', #4432, #1630, #863, .T. ) ;
#613 = EDGE_LOOP ( 'NONE', ( #1970, #1357, #4397, #4077, #2303, #190 ) ) ;
#614 = CARTESIAN_POINT ( 'NONE',  ( 220.0000000000000000, 9.999999999999994671, -75.00000000000001421 ) ) ;
#615 = DIRECTION ( 'NONE',  ( 0.000000000000000000, 0.000000000000000000, 1.000000000000000000 ) ) ;
#616 = DIRECTION ( 'NONE',  ( 0.000000000000000000, -0.000000000000000000, 1.000000000000000000 ) ) ;
#617 = VERTEX_POINT ( 'NONE', #529 ) ;
#618 = AXIS2_PLACEMENT_3D ( 'NONE', #4329, #792, #3087 ) ;
#619 = DIRECTION ( 'NONE',  ( 0.000000000000000000, 0.000000000000000000, 1.000000000000000000 ) ) ;
#620 = CARTESIAN_POINT ( 'NONE',  ( 44.00000000000000000, -12.00000000000000000, -83.00000000000000000 ) ) ;
#621 = CARTESIAN_POINT ( 'NONE',  ( 41.10039527254102865, 87.00000000000001421, -204.2328496799144091 ) ) ;
#622 = CYLINDRICAL_SURFACE ( 'NONE', #260, 1.599999999999990319 ) ;
#623 = CARTESIAN_POINT ( 'NONE',  ( 220.0000000000000000, 10.00000000000000888, -35.00000000000000000 ) ) ;
#624 = EDGE_LOOP ( 'NONE', ( #1372, #1186, #353, #1243 ) ) ;
#625 = ORIENTED_EDGE ( 'NONE', *, *, #29, .F. ) ;
#626 = VERTEX_POINT ( 'NONE', #2780 ) ;
#627 = ADVANCED_FACE ( 'NONE', ( #2047 ), #2368, .T. ) ;
#628 = CARTESIAN_POINT ( 'NONE',  ( 219.7461316803016587, 23.03535004992249924, -137.4713806966501863 ) ) ;
#629 = CARTESIAN_POINT ( 'NONE',  ( 182.0000000000000000, 0.000000000000000000, -190.0000000000000000 ) ) ;
#630 = ORIENTED_EDGE ( 'NONE', *, *, #1724, .F. ) ;
#631 = CARTESIAN_POINT ( 'NONE',  ( 166.9999999999999716, 7.000000000000000000, -47.00000000000000000 ) ) ;
#632 = VERTEX_POINT ( 'NONE', #3913 ) ;
#633 = PERSON_AND_ORGANIZATION ( #2957, #2550 ) ;
#634 = ORIENTED_EDGE ( 'NONE', *, *, #903, .F. ) ;
#635 = CYLINDRICAL_SURFACE ( 'NONE', #3942, 1.549999999999995826 ) ;
#636 = CARTESIAN_POINT ( 'NONE',  ( 176.0000000000000000, 0.000000000000000000, -0.000000000000000000 ) ) ;
#637 = EDGE_CURVE ( 'NONE', #2778, #1155, #3613, .T. ) ;
#638 = VECTOR ( 'NONE', #4324, 1000.000000000000000 ) ;
#639 = CARTESIAN_POINT ( 'NONE',  ( 185.5000000000000000, 0.000000000000000000, 0.000000000000000000 ) ) ;
#640 = LINE ( 'NONE', #1804, #3508 ) ;
#641 = CARTESIAN_POINT ( 'NONE',  ( 216.9673807751949539, 20.12986744558863705, -155.6513194076334798 ) ) ;
#642 = FACE_OUTER_BOUND ( 'NONE', #3998, .T. ) ;
#643 = ADVANCED_FACE ( 'NONE', ( #2476 ), #2754, .T. ) ;
#644 = VECTOR ( 'NONE', #1582, 1000.000000000000000 ) ;
#645 = LINE ( 'NONE', #3991, #2993 ) ;
#646 = DIRECTION ( 'NONE',  ( 0.000000000000000000, 0.000000000000000000, 1.000000000000000000 ) ) ;
#647 = EDGE_LOOP ( 'NONE', ( #2691, #2832, #2066, #2465 ) ) ;
#648 = VECTOR ( 'NONE', #659, 1000.000000000000000 ) ;
#649 = LINE ( 'NONE', #1366, #2033 ) ;
#650 = ORIENTED_EDGE ( 'NONE', *, *, #2394, .T. ) ;
#651 = AXIS2_PLACEMENT_3D ( 'NONE', #2213, #4183, #3020 ) ;
#652 = VECTOR ( 'NONE', #3392, 1000.000000000000000 ) ;
#653 = CARTESIAN_POINT ( 'NONE',  ( 37.40658949034132519, 6.999999999999999112, -205.8630130602270185 ) ) ;
#654 = LINE ( 'NONE', #607, #731 ) ;
#655 = DIRECTION ( 'NONE',  ( 0.000000000000000000, 0.000000000000000000, 1.000000000000000000 ) ) ;
#656 = ORIENTED_EDGE ( 'NONE', *, *, #4099, .F. ) ;
#657 = AXIS2_PLACEMENT_3D ( 'NONE', #3385, #2233, #4156 ) ;
#658 = EDGE_CURVE ( 'NONE', #3010, #327, #3570, .T. ) ;
#659 = DIRECTION ( 'NONE',  ( 1.000000000000000000, 0.000000000000000000, 0.000000000000000000 ) ) ;
#660 = DIRECTION ( 'NONE',  ( 0.000000000000000000, 0.000000000000000000, 1.000000000000000000 ) ) ;
#661 = DIRECTION ( 'NONE',  ( 0.000000000000000000, 0.000000000000000000, 1.000000000000000000 ) ) ;
#662 = ORIENTED_EDGE ( 'NONE', *, *, #3487, .T. ) ;
#663 = EDGE_CURVE ( 'NONE', #3279, #2275, #135, .T. ) ;
#664 = EDGE_CURVE ( 'NONE', #2505, #1440, #1667, .T. ) ;
#665 = LINE ( 'NONE', #291, #4938 ) ;
#666 = CARTESIAN_POINT ( 'NONE',  ( 201.9807934997806740, 0.000000000000000000, -169.1241044017996558 ) ) ;
#667 = DIRECTION ( 'NONE',  ( -0.000000000000000000, -1.000000000000000000, -0.000000000000000000 ) ) ;
#668 = ADVANCED_FACE ( 'NONE', ( #2445 ), #3202, .F. ) ;
#669 = DIRECTION ( 'NONE',  ( -0.000000000000000000, 1.000000000000000000, -0.000000000000000000 ) ) ;
#670 = ORIENTED_EDGE ( 'NONE', *, *, #2217, .F. ) ;
#671 = ORIENTED_EDGE ( 'NONE', *, *, #1557, .F. ) ;
#672 = VERTEX_POINT ( 'NONE', #2072 ) ;
#673 = AXIS2_PLACEMENT_3D ( 'NONE', #1727, #4792, #4357 ) ;
#674 = CARTESIAN_POINT ( 'NONE',  ( 219.7830661387835107, 22.45733868707536018, -136.9051849733397432 ) ) ;
#675 = CARTESIAN_POINT ( 'NONE',  ( 210.5500000000000114, 21.67999999999999972, -155.7500000000000000 ) ) ;
#676 = LINE ( 'NONE', #3031, #3412 ) ;
#677 = ORIENTED_EDGE ( 'NONE', *, *, #3344, .T. ) ;
#678 = VECTOR ( 'NONE', #4948, 1000.000000000000000 ) ;
#679 = VERTEX_POINT ( 'NONE', #159 ) ;
#680 = FACE_OUTER_BOUND ( 'NONE', #3059, .T. ) ;
#681 = AXIS2_PLACEMENT_3D ( 'NONE', #3832, #2745, #393 ) ;
#682 = CYLINDRICAL_SURFACE ( 'NONE', #1093, 1.599999999999990319 ) ;
#683 = FACE_OUTER_BOUND ( 'NONE', #4564, .T. ) ;
#684 = VERTEX_POINT ( 'NONE', #3595 ) ;
#685 = CIRCLE ( 'NONE', #3185, 6.999999999999978684 ) ;
#686 = AXIS2_PLACEMENT_3D ( 'NONE', #3360, #4814, #4535 ) ;
#687 = FACE_OUTER_BOUND ( 'NONE', #2405, .T. ) ;
#688 = CARTESIAN_POINT ( 'NONE',  ( 216.7554005316778216, 20.33083969409316083, -156.5196517688653444 ) ) ;
#689 = FACE_OUTER_BOUND ( 'NONE', #497, .T. ) ;
#690 = EDGE_CURVE ( 'NONE', #1995, #3475, #94, .T. ) ;
#691 = AXIS2_PLACEMENT_3D ( 'NONE', #3901, #2863, #3555 ) ;
#692 = CARTESIAN_POINT ( 'NONE',  ( 39.25519782485118014, 7.000000000000000000, -214.2328496799144091 ) ) ;
#693 = ORIENTED_EDGE ( 'NONE', *, *, #3266, .F. ) ;
#694 = EDGE_CURVE ( 'NONE', #904, #274, #4679, .T. ) ;
#695 = CARTESIAN_POINT ( 'NONE',  ( 210.5500000000000114, 7.000000000000000000, -158.2500000000000000 ) ) ;
#696 = VERTEX_POINT ( 'NONE', #3175 ) ;
#697 = DIRECTION ( 'NONE',  ( -0.000000000000000000, 1.000000000000000000, -0.000000000000000000 ) ) ;
#698 = LINE ( 'NONE', #727, #3626 ) ;
#699 = ADVANCED_FACE ( 'NONE', ( #3967 ), #457, .F. ) ;
#700 = ORIENTED_EDGE ( 'NONE', *, *, #4449, .T. ) ;
#701 = CARTESIAN_POINT ( 'NONE',  ( 44.00000000000000711, 0.000000000000000000, -95.00000000000000000 ) ) ;
#702 = EDGE_LOOP ( 'NONE', ( #3122, #2677 ) ) ;
#703 = ORIENTED_EDGE ( 'NONE', *, *, #1290, .F. ) ;
#704 = ORIENTED_EDGE ( 'NONE', *, *, #4721, .F. ) ;
#705 = CARTESIAN_POINT ( 'NONE',  ( 210.5500000000000114, 21.67999999999999972, -157.2999999999999829 ) ) ;
#706 = DIRECTION ( 'NONE',  ( -0.000000000000000000, 1.000000000000000000, -0.000000000000000000 ) ) ;
#707 = ADVANCED_FACE ( 'NONE', ( #3523 ), #2943, .F. ) ;
#708 = CARTESIAN_POINT ( 'NONE',  ( 24.49999999999999289, 6.044738620619011904, -143.4824565035190744 ) ) ;
#709 = EDGE_LOOP ( 'NONE', ( #993, #3069, #2800, #184 ) ) ;
#710 = DIRECTION ( 'NONE',  ( -0.000000000000000000, -1.000000000000000000, -0.000000000000000000 ) ) ;
#711 = CARTESIAN_POINT ( 'NONE',  ( 216.8946049315396181, 20.13026921772456745, -155.9535428325704913 ) ) ;
#712 = VECTOR ( 'NONE', #2076, 1000.000000000000000 ) ;
#713 = FACE_OUTER_BOUND ( 'NONE', #4778, .T. ) ;
#714 = EDGE_CURVE ( 'NONE', #3254, #4452, #1127, .T. ) ;
#715 = ORIENTED_EDGE ( 'NONE', *, *, #22, .F. ) ;
#716 = CARTESIAN_POINT ( 'NONE',  ( 38.00000000000000711, 7.000000000000000000, -198.0000000000000000 ) ) ;
#717 = AXIS2_PLACEMENT_3D ( 'NONE', #516, #4257, #2058 ) ;
#718 = ORIENTED_EDGE ( 'NONE', *, *, #853, .F. ) ;
#719 = DIRECTION ( 'NONE',  ( 0.000000000000000000, -1.000000000000000000, 0.000000000000000000 ) ) ;
#720 = AXIS2_PLACEMENT_3D ( 'NONE', #1690, #65, #834 ) ;
#721 = EDGE_CURVE ( 'NONE', #2078, #2423, #1050, .T. ) ;
#722 = ORIENTED_EDGE ( 'NONE', *, *, #2435, .F. ) ;
#723 = ADVANCED_FACE ( 'NONE', ( #1833 ), #2255, .F. ) ;
#724 = DATE_AND_TIME ( #239, #1261 ) ;
#725 = VECTOR ( 'NONE', #1221, 1000.000000000000000 ) ;
#726 = LINE ( 'NONE', #1080, #2090 ) ;
#727 = CARTESIAN_POINT ( 'NONE',  ( 10.00000000000000178, 0.000000000000000000, -5.000000000000000000 ) ) ;
#728 = DIRECTION ( 'NONE',  ( 0.000000000000000000, -1.000000000000000000, 0.000000000000000000 ) ) ;
#729 = ORIENTED_EDGE ( 'NONE', *, *, #2500, .F. ) ;
#730 = AXIS2_PLACEMENT_3D ( 'NONE', #2178, #2984, #2652 ) ;
#731 = VECTOR ( 'NONE', #1841, 999.9999999999998863 ) ;
#732 = ORIENTED_EDGE ( 'NONE', *, *, #2954, .T. ) ;
#733 = EDGE_CURVE ( 'NONE', #2095, #1728, #2097, .T. ) ;
#734 = PLANE ( 'NONE',  #3859 ) ;
#735 = LINE ( 'NONE', #2985, #3661 ) ;
#736 = CARTESIAN_POINT ( 'NONE',  ( 215.0000000000000000, 7.000000000000000000, -9.999999999999991118 ) ) ;
#737 = EDGE_LOOP ( 'NONE', ( #3512, #384, #1125, #3842 ) ) ;
#738 = CIRCLE ( 'NONE', #2518, 1.000000000000000888 ) ;
#739 = FACE_BOUND ( 'NONE', #702, .T. ) ;
#740 = DIRECTION ( 'NONE',  ( -0.000000000000000000, 1.000000000000000000, -0.000000000000000000 ) ) ;
#741 = DIRECTION ( 'NONE',  ( 0.000000000000000000, 0.000000000000000000, -1.000000000000000000 ) ) ;
#742 = CARTESIAN_POINT ( 'NONE',  ( 5.000000000000000000, 87.00000000000001421, -2.499999999999999556 ) ) ;
#743 = EDGE_LOOP ( 'NONE', ( #1158, #1010, #3364, #4822 ) ) ;
#744 = ORIENTED_EDGE ( 'NONE', *, *, #1495, .T. ) ;
#745 = CARTESIAN_POINT ( 'NONE',  ( 207.7879878269475000, 0.000000000000000000, -163.8421545680241422 ) ) ;
#746 = ORIENTED_EDGE ( 'NONE', *, *, #2771, .F. ) ;
#747 = ADVANCED_FACE ( 'NONE', ( #3755 ), #3433, .F. ) ;
#748 = DIRECTION ( 'NONE',  ( -0.000000000000000000, 1.000000000000000000, -0.000000000000000000 ) ) ;
#749 = VECTOR ( 'NONE', #4678, 1000.000000000000000 ) ;
#750 = ORIENTED_EDGE ( 'NONE', *, *, #2834, .T. ) ;
#751 = EDGE_LOOP ( 'NONE', ( #2759, #35, #232, #2687, #1842, #1322, #41, #836, #4024, #1086, #1173, #1531, #3415, #554, #3856, #535 ) ) ;
#752 = DIRECTION ( 'NONE',  ( 0.000000000000000000, 0.000000000000000000, 1.000000000000000000 ) ) ;
#753 = CARTESIAN_POINT ( 'NONE',  ( 47.00000000000000000, -3.000000000000000000, -68.00000000000000000 ) ) ;
#754 = EDGE_CURVE ( 'NONE', #2856, #4147, #4514, .T. ) ;
#755 = CARTESIAN_POINT ( 'NONE',  ( 180.7448021751488341, 7.000000000000000000, -214.2328496799144091 ) ) ;
#756 = VERTEX_POINT ( 'NONE', #4487 ) ;
#757 = AXIS2_PLACEMENT_3D ( 'NONE', #1140, #762, #309 ) ;
#758 = EDGE_LOOP ( 'NONE', ( #3566, #1716 ) ) ;
#759 = FACE_OUTER_BOUND ( 'NONE', #924, .T. ) ;
#760 = CARTESIAN_POINT ( 'NONE',  ( 34.49999999999999289, 0.000000000000000000, -0.000000000000000000 ) ) ;
#761 = AXIS2_PLACEMENT_3D ( 'NONE', #1371, #3302, #537 ) ;
#762 = DIRECTION ( 'NONE',  ( -0.000000000000000000, 0.000000000000000000, 1.000000000000000000 ) ) ;
#763 = VERTEX_POINT ( 'NONE', #4465 ) ;
#764 = EDGE_CURVE ( 'NONE', #4068, #4394, #485, .T. ) ;
#765 = FACE_OUTER_BOUND ( 'NONE', #4542, .T. ) ;
#766 = AXIS2_PLACEMENT_3D ( 'NONE', #128, #3143, #1992 ) ;
#767 = FACE_BOUND ( 'NONE', #865, .T. ) ;
#768 = CARTESIAN_POINT ( 'NONE',  ( 47.00000000000000711, 3.000000000000000000, -68.00000000000000000 ) ) ;
#769 = CARTESIAN_POINT ( 'NONE',  ( 219.6746768640421976, 20.14021613447264869, -138.4542945126264328 ) ) ;
#770 = VECTOR ( 'NONE', #70, 1000.000000000000000 ) ;
#771 = EDGE_CURVE ( 'NONE', #2400, #2927, #1433, .T. ) ;
#772 = VECTOR ( 'NONE', #4485, 1000.000000000000114 ) ;
#773 = DIRECTION ( 'NONE',  ( -0.000000000000000000, -1.000000000000000000, 0.000000000000000000 ) ) ;
#774 = ORIENTED_EDGE ( 'NONE', *, *, #3062, .F. ) ;
#775 = CARTESIAN_POINT ( 'NONE',  ( 19.49999999999999645, 1.000000000000000000, -147.0000000000000000 ) ) ;
#776 = EDGE_LOOP ( 'NONE', ( #351, #1232 ) ) ;
#777 = LINE ( 'NONE', #3761, #1135 ) ;
#778 = EDGE_LOOP ( 'NONE', ( #1755, #4523, #2447, #4326 ) ) ;
#779 = DIRECTION ( 'NONE',  ( -0.000000000000000000, 1.000000000000000000, -0.000000000000000000 ) ) ;
#780 = FACE_OUTER_BOUND ( 'NONE', #445, .T. ) ;
#781 = PLANE ( 'NONE',  #3025 ) ;
#782 = EDGE_LOOP ( 'NONE', ( #3833, #1104, #2219, #4723 ) ) ;
#783 = ORIENTED_EDGE ( 'NONE', *, *, #83, .F. ) ;
#784 = EDGE_CURVE ( 'NONE', #3869, #3787, #1482, .T. ) ;
#785 = CARTESIAN_POINT ( 'NONE',  ( 198.5790561826769363, -3.000000000000000000, -175.1987551511599293 ) ) ;
#786 = DIRECTION ( 'NONE',  ( 0.000000000000000000, 0.000000000000000000, -1.000000000000000000 ) ) ;
#787 = DIRECTION ( 'NONE',  ( 0.000000000000000000, 0.000000000000000000, 1.000000000000000000 ) ) ;
#788 = ORIENTED_EDGE ( 'NONE', *, *, #4391, .F. ) ;
#789 = DIRECTION ( 'NONE',  ( 0.000000000000000000, -0.000000000000000000, 1.000000000000000000 ) ) ;
#790 = ADVANCED_FACE ( 'NONE', ( #3014 ), #1096, .F. ) ;
#791 = FACE_BOUND ( 'NONE', #2568, .T. ) ;
#792 = DIRECTION ( 'NONE',  ( 0.000000000000000000, 1.000000000000000000, -0.000000000000000000 ) ) ;
#793 = CARTESIAN_POINT ( 'NONE',  ( 152.9999999999999716, 3.000000000000000000, -47.00000000000000000 ) ) ;
#794 = VERTEX_POINT ( 'NONE', #1603 ) ;
#795 = CIRCLE ( 'NONE', #1449, 3.000000000000002665 ) ;
#796 = EDGE_CURVE ( 'NONE', #262, #1837, #4170, .T. ) ;
#797 = LINE ( 'NONE', #1936, #4209 ) ;
#798 = ORIENTED_EDGE ( 'NONE', *, *, #2573, .T. ) ;
#799 = B_SPLINE_CURVE_WITH_KNOTS ( 'NONE', 3,
 ( #4959, #4040, #2280, #3667, #229, #1530, #1790, #26, #3295, #3066, #4586, #769, #1147, #2689, #4819, #2309, #390, #1388, #1932, #3458, #2926, #4444, #897, #2384 ),
 .UNSPECIFIED., .F., .F.,
 ( 4, 2, 2, 2, 2, 2, 2, 2, 2, 2, 2, 4 ),
 ( 0.004853043701606712425, 0.005459532867637541254, 0.006066022033668370082, 0.006369266616683781461, 0.006672511199699191972, 0.006975755782714602483, 0.007279000365730012995, 0.007885489531760910345, 0.008188734114776363357, 0.008491978697791818104, 0.009098467863822776169, 0.009704957029853734235 ),
 .UNSPECIFIED. ) ;
#800 = CARTESIAN_POINT ( 'NONE',  ( 198.5790561826769363, 3.000000000000000000, -176.1987551511599293 ) ) ;
#801 = ORIENTED_EDGE ( 'NONE', *, *, #4811, .T. ) ;
#802 = CARTESIAN_POINT ( 'NONE',  ( 220.0000000000000000, 34.99999999999999289, -35.00000000000001421 ) ) ;
#803 = EDGE_LOOP ( 'NONE', ( #1418, #3696, #2642, #918 ) ) ;
#804 = VERTEX_POINT ( 'NONE', #1246 ) ;
#805 = FACE_OUTER_BOUND ( 'NONE', #1920, .T. ) ;
#806 = DIRECTION ( 'NONE',  ( 1.000000000000000000, -0.000000000000000000, -0.000000000000000000 ) ) ;
#807 = AXIS2_PLACEMENT_3D ( 'NONE', #3765, #1999, #937 ) ;
#808 = DIRECTION ( 'NONE',  ( -0.000000000000000000, 1.000000000000000000, -0.000000000000000000 ) ) ;
#809 = VERTEX_POINT ( 'NONE', #48 ) ;
#810 = AXIS2_PLACEMENT_3D ( 'NONE', #3117, #3851, #3560 ) ;
#811 = EDGE_LOOP ( 'NONE', ( #455, #130, #4729, #890 ) ) ;
#812 = DIRECTION ( 'NONE',  ( 0.000000000000000000, -1.000000000000000000, 0.000000000000000000 ) ) ;
#813 = LINE ( 'NONE', #16, #1897 ) ;
#814 = CARTESIAN_POINT ( 'NONE',  ( 220.0000000000000000, 9.999999999999994671, -75.00000000000001421 ) ) ;
#815 = VERTEX_POINT ( 'NONE', #844 ) ;
#816 = ADVANCED_FACE ( 'NONE', ( #440 ), #820, .T. ) ;
#817 = VECTOR ( 'NONE', #4944, 1000.000000000000000 ) ;
#818 = LINE ( 'NONE', #3085, #1257 ) ;
#819 = AXIS2_PLACEMENT_3D ( 'NONE', #1788, #3294, #2925 ) ;
#820 = CYLINDRICAL_SURFACE ( 'NONE', #3299, 5.000000000000004441 ) ;
#821 = VECTOR ( 'NONE', #4155, 1000.000000000000000 ) ;
#822 = CARTESIAN_POINT ( 'NONE',  ( 10.00000000000000000, 7.000000000000000000, -15.00000000000000000 ) ) ;
#823 = DIRECTION ( 'NONE',  ( 1.000000000000000000, 0.000000000000000000, 0.000000000000000000 ) ) ;
#824 = EDGE_CURVE ( 'NONE', #1062, #3135, #332, .T. ) ;
#825 = VECTOR ( 'NONE', #3337, 1000.000000000000000 ) ;
#826 = ORIENTED_EDGE ( 'NONE', *, *, #3160, .F. ) ;
#827 = CARTESIAN_POINT ( 'NONE',  ( 210.5500000000000114, -3.000000000000000000, -158.2500000000000000 ) ) ;
#828 = EDGE_LOOP ( 'NONE', ( #4316, #553, #4954, #3080 ) ) ;
#829 = DIRECTION ( 'NONE',  ( 0.000000000000000000, -1.734723475976807587E-16, 1.000000000000000000 ) ) ;
#830 = ORIENTED_EDGE ( 'NONE', *, *, #1391, .F. ) ;
#831 = FACE_BOUND ( 'NONE', #1621, .T. ) ;
#832 = EDGE_CURVE ( 'NONE', #327, #3032, #96, .T. ) ;
#833 = DIRECTION ( 'NONE',  ( 0.000000000000000000, -1.000000000000000000, 0.000000000000000000 ) ) ;
#834 = DIRECTION ( 'NONE',  ( 0.000000000000000000, 0.000000000000000000, 1.000000000000000000 ) ) ;
#835 = CARTESIAN_POINT ( 'NONE',  ( 18.01920650021932602, 3.000000000000000000, -176.9741044017996501 ) ) ;
#836 = ORIENTED_EDGE ( 'NONE', *, *, #2664, .T. ) ;
#837 = VERTEX_POINT ( 'NONE', #2790 ) ;
#838 = CARTESIAN_POINT ( 'NONE',  ( 182.0000000000000000, 27.00000000000000000, -190.0000000000000000 ) ) ;
#839 = DIRECTION ( 'NONE',  ( 0.000000000000000000, -1.000000000000000000, 0.000000000000000000 ) ) ;
#840 = ORIENTED_EDGE ( 'NONE', *, *, #3799, .T. ) ;
#841 = VECTOR ( 'NONE', #1960, 1000.000000000000227 ) ;
#842 = VERTEX_POINT ( 'NONE', #1985 ) ;
#843 = DATE_AND_TIME ( #466, #3664 ) ;
#844 = CARTESIAN_POINT ( 'NONE',  ( 19.49999999999999645, 7.000000000000000000, -151.5000000000000284 ) ) ;
#845 = CIRCLE ( 'NONE', #4531, 8.000000000000007105 ) ;
#846 = ADVANCED_BREP_SHAPE_REPRESENTATION ( 'base888', ( #2385, #2068 ), #1098 ) ;
#847 = CARTESIAN_POINT ( 'NONE',  ( 210.5500000000000114, 0.000000000000000000, -158.2500000000000000 ) ) ;
#848 = ORIENTED_EDGE ( 'NONE', *, *, #2449, .T. ) ;
#849 = CARTESIAN_POINT ( 'NONE',  ( 215.0000000000000000, 87.00000000000001421, -130.0000000000000000 ) ) ;
#850 = VECTOR ( 'NONE', #1017, 1000.000000000000000 ) ;
#851 = ORIENTED_EDGE ( 'NONE', *, *, #3770, .T. ) ;
#852 = ORIENTED_EDGE ( 'NONE', *, *, #2914, .T. ) ;
#853 = EDGE_CURVE ( 'NONE', #953, #4079, #1778, .T. ) ;
#854 = FACE_OUTER_BOUND ( 'NONE', #2850, .T. ) ;
#855 = CYLINDRICAL_SURFACE ( 'NONE', #907, 8.000000000000007105 ) ;
#856 = VECTOR ( 'NONE', #3077, 1000.000000000000000 ) ;
#857 = ORIENTED_EDGE ( 'NONE', *, *, #3621, .T. ) ;
#858 = VECTOR ( 'NONE', #4789, 999.9999999999998863 ) ;
#859 = CIRCLE ( 'NONE', #4859, 8.000000000000007105 ) ;
#860 = ORIENTED_EDGE ( 'NONE', *, *, #4940, .T. ) ;
#861 = EDGE_CURVE ( 'NONE', #4765, #2524, #4508, .T. ) ;
#862 = DIRECTION ( 'NONE',  ( 0.000000000000000000, 1.000000000000000000, 0.000000000000000000 ) ) ;
#863 = LINE ( 'NONE', #911, #2660 ) ;
#864 = DIRECTION ( 'NONE',  ( -0.000000000000000000, 1.000000000000000000, -0.000000000000000000 ) ) ;
#865 = EDGE_LOOP ( 'NONE', ( #3825, #2463, #3732, #3853, #4748, #4918, #1684, #2287, #2667, #1951, #921, #244, #3808, #3691, #1149, #1317, #4890, #404 ) ) ;
#866 = ORIENTED_EDGE ( 'NONE', *, *, #4867, .F. ) ;
#867 = EDGE_CURVE ( 'NONE', #2186, #492, #4640, .T. ) ;
#868 = DIRECTION ( 'NONE',  ( 1.000000000000000000, 0.000000000000000000, -0.000000000000000000 ) ) ;
#869 = PLANE ( 'NONE',  #2289 ) ;
#870 = VERTEX_POINT ( 'NONE', #1527 ) ;
#871 = PERSON_AND_ORGANIZATION ( #2957, #2550 ) ;
#872 = VECTOR ( 'NONE', #2165, 1000.000000000000000 ) ;
#873 = DIRECTION ( 'NONE',  ( 0.000000000000000000, 1.000000000000000000, 0.000000000000000000 ) ) ;
#874 = LINE ( 'NONE', #822, #4716 ) ;
#875 = CARTESIAN_POINT ( 'NONE',  ( 166.9999999999999716, -3.000000000000000000, -47.00000000000000000 ) ) ;
#876 = ORIENTED_EDGE ( 'NONE', *, *, #2803, .F. ) ;
#877 = DIRECTION ( 'NONE',  ( 0.000000000000000000, 1.000000000000000000, -0.000000000000000000 ) ) ;
#878 = FACE_BOUND ( 'NONE', #323, .T. ) ;
#879 = DIRECTION ( 'NONE',  ( 1.000000000000000000, 0.000000000000000000, 0.000000000000000000 ) ) ;
#880 = ORIENTED_EDGE ( 'NONE', *, *, #4565, .F. ) ;
#881 = EDGE_CURVE ( 'NONE', #3958, #4791, #2407, .T. ) ;
#882 = DIRECTION ( 'NONE',  ( 0.000000000000000000, 0.000000000000000000, 1.000000000000000000 ) ) ;
#883 = FACE_OUTER_BOUND ( 'NONE', #1895, .T. ) ;
#884 = DIRECTION ( 'NONE',  ( 0.000000000000000000, 0.000000000000000000, -1.000000000000000000 ) ) ;
#885 = VERTEX_POINT ( 'NONE', #4957 ) ;
#886 = ADVANCED_FACE ( 'NONE', ( #3876 ), #1553, .T. ) ;
#887 = EDGE_LOOP ( 'NONE', ( #2240, #2283 ) ) ;
#888 = DIRECTION ( 'NONE',  ( 0.000000000000000000, -0.000000000000000000, -1.000000000000000000 ) ) ;
#889 = DIRECTION ( 'NONE',  ( 0.000000000000000000, 1.000000000000000000, 0.000000000000000000 ) ) ;
#890 = ORIENTED_EDGE ( 'NONE', *, *, #1406, .T. ) ;
#891 = ADVANCED_FACE ( 'NONE', ( #4582 ), #1144, .F. ) ;
#892 = ORIENTED_EDGE ( 'NONE', *, *, #1647, .F. ) ;
#893 = CARTESIAN_POINT ( 'NONE',  ( 176.0000000000000000, 7.000000000000000000, -14.99999999999999645 ) ) ;
#894 = DIRECTION ( 'NONE',  ( 0.000000000000000000, -1.000000000000000000, 0.000000000000000000 ) ) ;
#895 = FACE_OUTER_BOUND ( 'NONE', #1116, .T. ) ;
#896 = ORIENTED_EDGE ( 'NONE', *, *, #4017, .F. ) ;
#897 = CARTESIAN_POINT ( 'NONE',  ( 219.7957649456480738, 21.47492441431927546, -136.7000000000000171 ) ) ;
#898 = EDGE_LOOP ( 'NONE', ( #186, #3624 ) ) ;
#899 = VECTOR ( 'NONE', #4804, 1000.000000000000000 ) ;
#900 = DIRECTION ( 'NONE',  ( 0.000000000000000000, 0.000000000000000000, 1.000000000000000000 ) ) ;
#901 = CARTESIAN_POINT ( 'NONE',  ( 41.10039527254102865, 87.00000000000001421, -209.2328496799144091 ) ) ;
#902 = DIRECTION ( 'NONE',  ( -0.000000000000000000, 1.000000000000000000, -0.000000000000000000 ) ) ;
#903 = EDGE_CURVE ( 'NONE', #2987, #1301, #1194, .T. ) ;
#904 = VERTEX_POINT ( 'NONE', #2739 ) ;
#905 = AXIS2_PLACEMENT_3D ( 'NONE', #2949, #2878, #249 ) ;
#906 = EDGE_LOOP ( 'NONE', ( #3670, #437, #1968, #662 ) ) ;
#907 = AXIS2_PLACEMENT_3D ( 'NONE', #2392, #1201, #522 ) ;
#908 = CARTESIAN_POINT ( 'NONE',  ( 0.000000000000000000, 34.99999999999999289, -75.00000000000001421 ) ) ;
#909 = EDGE_CURVE ( 'NONE', #946, #815, #4277, .T. ) ;
#910 = CARTESIAN_POINT ( 'NONE',  ( 178.8996047274589785, 87.00000000000001421, -209.2328496799144091 ) ) ;
#911 = CARTESIAN_POINT ( 'NONE',  ( 182.0000000000000000, 27.00000000000000000, -198.0000000000000000 ) ) ;
#912 = CARTESIAN_POINT ( 'NONE',  ( 205.3825308168844117, 3.000000000000000000, -162.0494536524393823 ) ) ;
#913 = ORIENTED_EDGE ( 'NONE', *, *, #3321, .T. ) ;
#914 = ORIENTED_EDGE ( 'NONE', *, *, #1718, .T. ) ;
#915 = EDGE_CURVE ( 'NONE', #2143, #2075, #2012, .T. ) ;
#916 = CARTESIAN_POINT ( 'NONE',  ( 5.000000000000000000, 0.000000000000000000, -5.000000000000000000 ) ) ;
#917 = DIRECTION ( 'NONE',  ( -1.000000000000000000, -0.000000000000000000, -0.000000000000000000 ) ) ;
#918 = ORIENTED_EDGE ( 'NONE', *, *, #2500, .T. ) ;
#919 = APPROVAL_DATE_TIME ( #843, #3917 ) ;
#920 = FACE_BOUND ( 'NONE', #1825, .T. ) ;
#921 = ORIENTED_EDGE ( 'NONE', *, *, #3922, .F. ) ;
#922 = DIRECTION ( 'NONE',  ( 0.000000000000000000, -0.1961161351381841556, 0.9805806756909202226 ) ) ;
#923 = ADVANCED_FACE ( 'NONE', ( #4609, #4201, #4228, #767, #3828, #387, #1928, #3454, #791, #920, #2842 ), #3582, .F. ) ;
#924 = EDGE_LOOP ( 'NONE', ( #2728, #1044, #1439, #3111 ) ) ;
#925 = DIRECTION ( 'NONE',  ( -0.000000000000000000, 1.000000000000000000, -0.000000000000000000 ) ) ;
#926 = ORIENTED_EDGE ( 'NONE', *, *, #1540, .F. ) ;
#927 = CYLINDRICAL_SURFACE ( 'NONE', #3897, 3.000000000000002665 ) ;
#928 = CIRCLE ( 'NONE', #4282, 1.000000000000000888 ) ;
#929 = DIRECTION ( 'NONE',  ( -0.000000000000000000, 1.000000000000000000, -0.000000000000000000 ) ) ;
#930 = LINE ( 'NONE', #2468, #2594 ) ;
#931 = ORIENTED_EDGE ( 'NONE', *, *, #549, .F. ) ;
#932 = VECTOR ( 'NONE', #1869, 1000.000000000000000 ) ;
#933 = VERTEX_POINT ( 'NONE', #4433 ) ;
#934 = AXIS2_PLACEMENT_3D ( 'NONE', #1238, #10, #2676 ) ;
#935 = DIRECTION ( 'NONE',  ( -0.000000000000000000, -1.000000000000000000, -0.000000000000000000 ) ) ;
#936 = CARTESIAN_POINT ( 'NONE',  ( 182.0000000000000000, 7.000000000000000000, -190.0000000000000000 ) ) ;
#937 = DIRECTION ( 'NONE',  ( 0.000000000000000000, 0.000000000000000000, 1.000000000000000000 ) ) ;
#938 = CARTESIAN_POINT ( 'NONE',  ( 44.00000000000000711, 0.000000000000000000, -15.00000000000000178 ) ) ;
#939 = ORIENTED_EDGE ( 'NONE', *, *, #784, .F. ) ;
#940 = VECTOR ( 'NONE', #1875, 1000.000000000000000 ) ;
#941 = CIRCLE ( 'NONE', #62, 1.600000000000004086 ) ;
#942 = ORIENTED_EDGE ( 'NONE', *, *, #211, .T. ) ;
#943 = CC_DESIGN_APPROVAL ( #4507, ( #4707 ) ) ;
#944 = CARTESIAN_POINT ( 'NONE',  ( 153.0000000000000000, 7.000000000000000000, -61.40000000000001279 ) ) ;
#945 = FACE_OUTER_BOUND ( 'NONE', #3798, .T. ) ;
#946 = VERTEX_POINT ( 'NONE', #561 ) ;
#947 = EDGE_CURVE ( 'NONE', #2719, #4844, #192, .T. ) ;
#948 = LINE ( 'NONE', #893, #4217 ) ;
#949 = FACE_OUTER_BOUND ( 'NONE', #378, .T. ) ;
#950 = PLANE ( 'NONE',  #3271 ) ;
#951 = EDGE_LOOP ( 'NONE', ( #1748, #4503, #4645, #3818 ) ) ;
#952 = DIRECTION ( 'NONE',  ( 0.000000000000000000, 0.000000000000000000, 1.000000000000000000 ) ) ;
#953 = VERTEX_POINT ( 'NONE', #4385 ) ;
#954 = CARTESIAN_POINT ( 'NONE',  ( 152.9999999999999716, 3.000000000000000000, -47.00000000000000000 ) ) ;
#955 = LINE ( 'NONE', #4795, #4134 ) ;
#956 = LINE ( 'NONE', #1029, #2762 ) ;
#957 = EDGE_LOOP ( 'NONE', ( #3376, #2944 ) ) ;
#958 = ADVANCED_FACE ( 'NONE', ( #4054 ), #2457, .F. ) ;
#959 = PLANE ( 'NONE',  #107 ) ;
#960 = LINE ( 'NONE', #475, #4012 ) ;
#961 = ORIENTED_EDGE ( 'NONE', *, *, #2340, .T. ) ;
#962 = DIRECTION ( 'NONE',  ( -0.000000000000000000, -1.000000000000000000, -0.000000000000000000 ) ) ;
#963 = ORIENTED_EDGE ( 'NONE', *, *, #296, .T. ) ;
#964 = DIRECTION ( 'NONE',  ( 0.000000000000000000, 1.000000000000000000, 0.000000000000000000 ) ) ;
#965 = DIRECTION ( 'NONE',  ( -0.000000000000000000, 1.000000000000000000, -0.000000000000000000 ) ) ;
#966 = DIRECTION ( 'NONE',  ( -1.000000000000000000, -0.000000000000000000, -0.000000000000000000 ) ) ;
#967 = VERTEX_POINT ( 'NONE', #169 ) ;
#968 = CALENDAR_DATE ( 2026, 17, 9 ) ;
#969 = DIRECTION ( 'NONE',  ( 0.000000000000000000, 1.000000000000000000, 0.000000000000000000 ) ) ;
#970 = DIRECTION ( 'NONE',  ( 0.000000000000000000, 0.000000000000000000, 1.000000000000000000 ) ) ;
#971 = ADVANCED_FACE ( 'NONE', ( #949 ), #1725, .F. ) ;
#972 = DIRECTION ( 'NONE',  ( 0.000000000000000000, 1.000000000000000000, 0.000000000000000000 ) ) ;
#973 = AXIS2_PLACEMENT_3D ( 'NONE', #3849, #487, #1167 ) ;
#974 = VERTEX_POINT ( 'NONE', #2102 ) ;
#975 = DIRECTION ( 'NONE',  ( -0.000000000000000000, -1.000000000000000000, -0.000000000000000000 ) ) ;
#976 = DIRECTION ( 'NONE',  ( -1.000000000000000000, 0.000000000000000000, 0.000000000000000000 ) ) ;
#977 = FACE_OUTER_BOUND ( 'NONE', #3719, .T. ) ;
#978 = EDGE_CURVE ( 'NONE', #3283, #3426, #218, .T. ) ;
#979 = ORIENTED_EDGE ( 'NONE', *, *, #2894, .F. ) ;
#980 = VECTOR ( 'NONE', #3047, 1000.000000000000000 ) ;
#981 = CARTESIAN_POINT ( 'NONE',  ( 152.9999999999999716, -3.000000000000000000, -47.00000000000000000 ) ) ;
#982 = VECTOR ( 'NONE', #2344, 1000.000000000000000 ) ;
#983 = CARTESIAN_POINT ( 'NONE',  ( 53.00000000000000000, -3.000000000000000000, -47.00000000000000000 ) ) ;
#984 = ORIENTED_EDGE ( 'NONE', *, *, #1278, .T. ) ;
#985 = EDGE_CURVE ( 'NONE', #1831, #149, #98, .T. ) ;
#986 = DIRECTION ( 'NONE',  ( 0.000000000000000000, 0.000000000000000000, 1.000000000000000000 ) ) ;
#987 = AXIS2_PLACEMENT_3D ( 'NONE', #175, #226, #1002 ) ;
#988 = VERTEX_POINT ( 'NONE', #2482 ) ;
#989 = UNCERTAINTY_MEASURE_WITH_UNIT (LENGTH_MEASURE( 1.000000000000000082E-05 ), #144, 'distance_accuracy_value', 'NONE');
#990 = DIRECTION ( 'NONE',  ( 0.000000000000000000, 1.000000000000000000, 0.000000000000000000 ) ) ;
#991 = DIRECTION ( 'NONE',  ( 0.000000000000000000, -0.1961161351381841833, -0.9805806756909202226 ) ) ;
#992 = CARTESIAN_POINT ( 'NONE',  ( 53.00000000000000000, 3.000000000000000000, -48.59999999999999432 ) ) ;
#993 = ORIENTED_EDGE ( 'NONE', *, *, #2744, .F. ) ;
#994 = DATE_AND_TIME ( #968, #3513 ) ;
#995 = ORIENTED_EDGE ( 'NONE', *, *, #2673, .T. ) ;
#996 = CARTESIAN_POINT ( 'NONE',  ( 110.0000000000000000, 7.000000000000000000, -130.0000000000000000 ) ) ;
#997 = FACE_OUTER_BOUND ( 'NONE', #1556, .T. ) ;
#998 = CARTESIAN_POINT ( 'NONE',  ( 21.42094381732307085, 7.000000000000000000, -175.1987551511599293 ) ) ;
#999 = ORIENTED_EDGE ( 'NONE', *, *, #1344, .T. ) ;
#1000 = LINE ( 'NONE', #3684, #1342 ) ;
#1001 = CARTESIAN_POINT ( 'NONE',  ( 207.7879878269475000, 3.000000000000000000, -163.8421545680241422 ) ) ;
#1002 = DIRECTION ( 'NONE',  ( -0.000000000000000000, 0.000000000000000000, 1.000000000000000000 ) ) ;
#1003 = CIRCLE ( 'NONE', #278, 1.000000000000000888 ) ;
#1004 = EDGE_CURVE ( 'NONE', #870, #2161, #2815, .T. ) ;
#1005 = DIRECTION ( 'NONE',  ( 0.000000000000000000, -1.000000000000000000, 0.000000000000000000 ) ) ;
#1006 = VECTOR ( 'NONE', #1576, 1000.000000000000000 ) ;
#1007 = CARTESIAN_POINT ( 'NONE',  ( 216.5584815957884928, 21.78267629811077910, -157.2999999999999261 ) ) ;
#1008 = ORIENTED_EDGE ( 'NONE', *, *, #1756, .T. ) ;
#1009 = CARTESIAN_POINT ( 'NONE',  ( 14.61746918311558652, 3.000000000000000000, -162.0494536524393823 ) ) ;
#1010 = ORIENTED_EDGE ( 'NONE', *, *, #2947, .F. ) ;
#1011 = EDGE_CURVE ( 'NONE', #4213, #1365, #2585, .T. ) ;
#1012 = VECTOR ( 'NONE', #1523, 1000.000000000000000 ) ;
#1013 = LINE ( 'NONE', #2623, #4244 ) ;
#1014 = DIRECTION ( 'NONE',  ( -0.000000000000000000, -1.000000000000000000, -0.000000000000000000 ) ) ;
#1015 = ORIENTED_EDGE ( 'NONE', *, *, #4613, .T. ) ;
#1016 = AXIS2_PLACEMENT_3D ( 'NONE', #4253, #3826, #3453 ) ;
#1017 = DIRECTION ( 'NONE',  ( 0.000000000000000000, 1.734723475976807587E-16, -1.000000000000000000 ) ) ;
#1018 = VERTEX_POINT ( 'NONE', #1324 ) ;
#1019 = EDGE_CURVE ( 'NONE', #3619, #315, #3286, .T. ) ;
#1020 = CIRCLE ( 'NONE', #691, 1.599999999999990319 ) ;
#1021 = VERTEX_POINT ( 'NONE', #4000 ) ;
#1022 = DIRECTION ( 'NONE',  ( -1.000000000000000000, 0.000000000000000000, 0.000000000000000000 ) ) ;
#1023 = LINE ( 'NONE', #1046, #1171 ) ;
#1024 = CARTESIAN_POINT ( 'NONE',  ( 0.000000000000000000, 3.000000000000000000, 0.000000000000000000 ) ) ;
#1025 = AXIS2_PLACEMENT_3D ( 'NONE', #1300, #3240, #4764 ) ;
#1026 = CARTESIAN_POINT ( 'NONE',  ( 0.000000000000000000, 0.000000000000000000, -95.00000000000000000 ) ) ;
#1027 = DIRECTION ( 'NONE',  ( 0.000000000000000000, 0.000000000000000000, 1.000000000000000000 ) ) ;
#1028 = ORIENTED_EDGE ( 'NONE', *, *, #1233, .T. ) ;
#1029 = CARTESIAN_POINT ( 'NONE',  ( 210.5500000000000114, 7.000000000000000000, -135.7500000000000000 ) ) ;
#1030 = ORIENTED_EDGE ( 'NONE', *, *, #3549, .F. ) ;
#1031 = PLANE ( 'NONE',  #2264 ) ;
#1032 = CARTESIAN_POINT ( 'NONE',  ( 216.8945870867093788, 23.21988947439577444, -155.9529845702525677 ) ) ;
#1033 = VERTEX_POINT ( 'NONE', #4328 ) ;
#1034 = ADVANCED_FACE ( 'NONE', ( #3212 ), #1299, .T. ) ;
#1035 = PLANE ( 'NONE',  #3243 ) ;
#1036 = ORIENTED_EDGE ( 'NONE', *, *, #155, .T. ) ;
#1037 = DIRECTION ( 'NONE',  ( 0.000000000000000000, 0.000000000000000000, -1.000000000000000000 ) ) ;
#1038 = CARTESIAN_POINT ( 'NONE',  ( 21.42094381732307085, -3.000000000000000000, -177.1987551511599293 ) ) ;
#1039 = ORIENTED_EDGE ( 'NONE', *, *, #4230, .T. ) ;
#1040 = DIRECTION ( 'NONE',  ( 0.000000000000000000, -1.734723475976807587E-16, 1.000000000000000000 ) ) ;
#1041 = EDGE_LOOP ( 'NONE', ( #4210, #2881, #2263, #3006 ) ) ;
#1042 = EDGE_CURVE ( 'NONE', #1440, #75, #1054, .T. ) ;
#1043 = AXIS2_PLACEMENT_3D ( 'NONE', #3647, #536, #888 ) ;
#1044 = ORIENTED_EDGE ( 'NONE', *, *, #2637, .T. ) ;
#1045 = DIRECTION ( 'NONE',  ( 0.000000000000000000, 0.000000000000000000, 1.000000000000000000 ) ) ;
#1046 = CARTESIAN_POINT ( 'NONE',  ( 44.00000000000000711, -12.00000000000000000, -95.00000000000000000 ) ) ;
#1047 = CARTESIAN_POINT ( 'NONE',  ( 52.99999999999999289, 3.000000000000000000, -63.00000000000000000 ) ) ;
#1048 = EDGE_CURVE ( 'NONE', #3724, #1458, #4028, .T. ) ;
#1049 = CYLINDRICAL_SURFACE ( 'NONE', #3663, 1.549999999999995826 ) ;
#1050 = LINE ( 'NONE', #1119, #1209 ) ;
#1051 = CARTESIAN_POINT ( 'NONE',  ( 24.49999999999999289, 1.523912716559723490, -153.1276435491489281 ) ) ;
#1052 = CARTESIAN_POINT ( 'NONE',  ( 182.0000000000000000, 7.000000000000000000, -198.0000000000000000 ) ) ;
#1053 = ORIENTED_EDGE ( 'NONE', *, *, #339, .T. ) ;
#1054 = CIRCLE ( 'NONE', #4098, 1.599999999999990319 ) ;
#1055 = ORIENTED_EDGE ( 'NONE', *, *, #1071, .F. ) ;
#1056 = ORIENTED_EDGE ( 'NONE', *, *, #1435, .F. ) ;
#1057 = VECTOR ( 'NONE', #3795, 1000.000000000000000 ) ;
#1058 = VECTOR ( 'NONE', #2317, 1000.000000000000000 ) ;
#1059 = DIRECTION ( 'NONE',  ( 0.000000000000000000, -1.000000000000000000, 0.000000000000000000 ) ) ;
#1060 = DIRECTION ( 'NONE',  ( 0.000000000000000000, 0.000000000000000000, 1.000000000000000000 ) ) ;
#1061 = CARTESIAN_POINT ( 'NONE',  ( 210.0000000000000284, 0.000000000000000000, -5.000000000000000000 ) ) ;
#1062 = VERTEX_POINT ( 'NONE', #4354 ) ;
#1063 = VECTOR ( 'NONE', #1652, 1000.000000000000000 ) ;
#1064 = EDGE_CURVE ( 'NONE', #3760, #2808, #1751, .T. ) ;
#1065 = ORIENTED_EDGE ( 'NONE', *, *, #2590, .T. ) ;
#1066 = LINE ( 'NONE', #2201, #493 ) ;
#1067 = CARTESIAN_POINT ( 'NONE',  ( 5.000000000000004441, 9.999999999999994671, -75.00000000000001421 ) ) ;
#1068 = DIRECTION ( 'NONE',  ( 0.000000000000000000, -0.9054717621428785002, 0.4244065126289539580 ) ) ;
#1069 = ORIENTED_EDGE ( 'NONE', *, *, #271, .T. ) ;
#1070 = FACE_OUTER_BOUND ( 'NONE', #4043, .T. ) ;
#1071 = EDGE_CURVE ( 'NONE', #4945, #1493, #1701, .T. ) ;
#1072 = CARTESIAN_POINT ( 'NONE',  ( 178.8996047274589785, -12.00099999999999767, -206.7328496799144091 ) ) ;
#1073 = CARTESIAN_POINT ( 'NONE',  ( 0.000000000000000000, 0.000000000000000000, 0.000000000000000000 ) ) ;
#1074 = DIRECTION ( 'NONE',  ( 0.000000000000000000, 0.000000000000000000, -1.000000000000000000 ) ) ;
#1075 = VERTEX_POINT ( 'NONE', #2431 ) ;
#1076 = LINE ( 'NONE', #4160, #4823 ) ;
#1077 = EDGE_CURVE ( 'NONE', #3619, #2028, #3950, .T. ) ;
#1078 = ORIENTED_EDGE ( 'NONE', *, *, #3989, .T. ) ;
#1079 = AXIS2_PLACEMENT_3D ( 'NONE', #1479, #4953, #4104 ) ;
#1080 = CARTESIAN_POINT ( 'NONE',  ( 210.5500000000000114, 0.000000000000000000, 0.000000000000000000 ) ) ;
#1081 = CYLINDRICAL_SURFACE ( 'NONE', #108, 4.999999999999990230 ) ;
#1082 = CARTESIAN_POINT ( 'NONE',  ( 178.8996047274589785, -12.00099999999999767, -209.2328496799144091 ) ) ;
#1083 = ORIENTED_EDGE ( 'NONE', *, *, #1283, .T. ) ;
#1084 = AXIS2_PLACEMENT_3D ( 'NONE', #3510, #3920, #787 ) ;
#1085 = ORIENTED_EDGE ( 'NONE', *, *, #2486, .F. ) ;
#1086 = ORIENTED_EDGE ( 'NONE', *, *, #233, .T. ) ;
#1087 = DIRECTION ( 'NONE',  ( 0.000000000000000000, 0.000000000000000000, -1.000000000000000000 ) ) ;
#1088 = AXIS2_PLACEMENT_3D ( 'NONE', #827, #80, #1607 ) ;
#1089 = FACE_BOUND ( 'NONE', #3046, .T. ) ;
#1090 = DIRECTION ( 'NONE',  ( -0.000000000000000000, -1.000000000000000000, -0.000000000000000000 ) ) ;
#1091 = EDGE_LOOP ( 'NONE', ( #2229, #2748, #1577, #3462 ) ) ;
#1092 = EDGE_CURVE ( 'NONE', #4371, #4213, #1066, .T. ) ;
#1093 = AXIS2_PLACEMENT_3D ( 'NONE', #2227, #706, #2251 ) ;
#1094 = AXIS2_PLACEMENT_3D ( 'NONE', #4608, #2766, #2685 ) ;
#1095 = CARTESIAN_POINT ( 'NONE',  ( 44.00000000000000711, 7.000000000000000000, -15.00000000000000178 ) ) ;
#1096 = PLANE ( 'NONE',  #3142 ) ;
#1097 = DIRECTION ( 'NONE',  ( 0.000000000000000000, -1.000000000000000000, 0.000000000000000000 ) ) ;
#1098 =( GEOMETRIC_REPRESENTATION_CONTEXT ( 3 ) GLOBAL_UNCERTAINTY_ASSIGNED_CONTEXT ( ( #989 ) ) GLOBAL_UNIT_ASSIGNED_CONTEXT ( ( #144, #3999, #4735 ) ) REPRESENTATION_CONTEXT ( 'NONE', 'WORKASPACE' ) );
#1099 = EDGE_CURVE ( 'NONE', #2312, #2167, #3701, .T. ) ;
#1100 = EDGE_CURVE ( 'NONE', #2697, #420, #1216, .T. ) ;
#1101 = AXIS2_PLACEMENT_3D ( 'NONE', #2081, #4434, #615 ) ;
#1102 = ORIENTED_EDGE ( 'NONE', *, *, #1997, .F. ) ;
#1103 = CARTESIAN_POINT ( 'NONE',  ( 220.0000000000000000, 34.99999999999999289, -75.00000000000001421 ) ) ;
#1104 = ORIENTED_EDGE ( 'NONE', *, *, #4323, .T. ) ;
#1105 = DIRECTION ( 'NONE',  ( 0.000000000000000000, 0.8202827025396766114, 0.5719582921107135842 ) ) ;
#1106 = EDGE_CURVE ( 'NONE', #1966, #904, #2913, .T. ) ;
#1107 = ORIENTED_EDGE ( 'NONE', *, *, #205, .T. ) ;
#1108 = LINE ( 'NONE', #2646, #4006 ) ;
#1109 = DIRECTION ( 'NONE',  ( 0.000000000000000000, 0.000000000000000000, 1.000000000000000000 ) ) ;
#1110 = DIRECTION ( 'NONE',  ( -0.000000000000000000, -1.000000000000000000, -0.000000000000000000 ) ) ;
#1111 = EDGE_LOOP ( 'NONE', ( #3592, #718, #3541, #3841 ) ) ;
#1112 = ORIENTED_EDGE ( 'NONE', *, *, #4224, .T. ) ;
#1113 = CARTESIAN_POINT ( 'NONE',  ( 191.7000000000000171, 7.000000000000000000, -135.7500000000000000 ) ) ;
#1114 = DIRECTION ( 'NONE',  ( 0.000000000000000000, 3.469446951953613696E-16, 1.000000000000000000 ) ) ;
#1115 = PLANE ( 'NONE',  #3965 ) ;
#1116 = EDGE_LOOP ( 'NONE', ( #461, #3753, #1855, #2604 ) ) ;
#1117 = DIRECTION ( 'NONE',  ( 0.000000000000000000, 0.000000000000000000, -1.000000000000000000 ) ) ;
#1118 = EDGE_CURVE ( 'NONE', #1956, #4380, #4903, .T. ) ;
#1119 = CARTESIAN_POINT ( 'NONE',  ( 0.000000000000000000, 0.000000000000000000, -158.2500000000000000 ) ) ;
#1120 = DIRECTION ( 'NONE',  ( 0.000000000000000000, 0.000000000000000000, 1.000000000000000000 ) ) ;
#1121 = FACE_OUTER_BOUND ( 'NONE', #4631, .T. ) ;
#1122 = ORIENTED_EDGE ( 'NONE', *, *, #2673, .F. ) ;
#1123 = EDGE_CURVE ( 'NONE', #1318, #2826, #2587, .T. ) ;
#1124 = PLANE ( 'NONE',  #3386 ) ;
#1125 = ORIENTED_EDGE ( 'NONE', *, *, #612, .T. ) ;
#1126 = CARTESIAN_POINT ( 'NONE',  ( 0.000000000000000000, 0.000000000000000000, -167.0000000000000000 ) ) ;
#1127 = CIRCLE ( 'NONE', #2743, 105.0000000000000000 ) ;
#1128 = EDGE_LOOP ( 'NONE', ( #4249, #1163, #3607, #4681 ) ) ;
#1129 = EDGE_CURVE ( 'NONE', #1857, #4262, #4171, .T. ) ;
#1130 = CARTESIAN_POINT ( 'NONE',  ( 14.61746918311558652, 7.000000000000000000, -162.0494536524393823 ) ) ;
#1131 = DIRECTION ( 'NONE',  ( -0.000000000000000000, -1.000000000000000000, -0.000000000000000000 ) ) ;
#1132 = CARTESIAN_POINT ( 'NONE',  ( 166.9999999999999716, 7.000000000000000000, -63.00000000000000000 ) ) ;
#1133 = ORIENTED_EDGE ( 'NONE', *, *, #2542, .F. ) ;
#1134 = VECTOR ( 'NONE', #3305, 1000.000000000000000 ) ;
#1135 = VECTOR ( 'NONE', #4138, 1000.000000000000000 ) ;
#1136 = ORIENTED_EDGE ( 'NONE', *, *, #3190, .T. ) ;
#1137 = DIRECTION ( 'NONE',  ( 0.000000000000000000, 0.000000000000000000, -1.000000000000000000 ) ) ;
#1138 = CARTESIAN_POINT ( 'NONE',  ( 18.01920650021932602, 0.000000000000000000, -169.1241044017996558 ) ) ;
#1139 = VECTOR ( 'NONE', #2349, 1000.000000000000000 ) ;
#1140 = CARTESIAN_POINT ( 'NONE',  ( 34.49999999999999289, -3.000000000000000000, -127.0000000000000000 ) ) ;
#1141 = VERTEX_POINT ( 'NONE', #285 ) ;
#1142 = VECTOR ( 'NONE', #3739, 1000.000000000000000 ) ;
#1143 = CARTESIAN_POINT ( 'NONE',  ( 0.000000000000000000, 0.000000000000000000, -142.5000000000000284 ) ) ;
#1144 = PLANE ( 'NONE',  #2258 ) ;
#1145 = EDGE_LOOP ( 'NONE', ( #2775, #1770, #1525, #2554, #3486, #634, #450, #4322, #3602, #1669, #3354, #1887 ) ) ;
#1146 = DIRECTION ( 'NONE',  ( -0.000000000000000000, -1.000000000000000000, -0.000000000000000000 ) ) ;
#1147 = CARTESIAN_POINT ( 'NONE',  ( 219.6823777544967129, 20.13011597869218150, -138.3538308825924048 ) ) ;
#1148 = DIRECTION ( 'NONE',  ( 0.000000000000000000, 0.000000000000000000, -1.000000000000000000 ) ) ;
#1149 = ORIENTED_EDGE ( 'NONE', *, *, #462, .T. ) ;
#1150 = FACE_OUTER_BOUND ( 'NONE', #4730, .T. ) ;
#1151 = ORIENTED_EDGE ( 'NONE', *, *, #4438, .T. ) ;
#1152 = CARTESIAN_POINT ( 'NONE',  ( 53.00000000000000000, 3.000000000000000000, -47.00000000000000000 ) ) ;
#1153 = DIRECTION ( 'NONE',  ( 0.000000000000000000, -0.000000000000000000, -1.000000000000000000 ) ) ;
#1154 = DIRECTION ( 'NONE',  ( 1.000000000000000000, 0.000000000000000000, 0.000000000000000000 ) ) ;
#1155 = VERTEX_POINT ( 'NONE', #705 ) ;
#1156 = EDGE_CURVE ( 'NONE', #3135, #1062, #3147, .T. ) ;
#1157 = AXIS2_PLACEMENT_3D ( 'NONE', #4460, #2131, #952 ) ;
#1158 = ORIENTED_EDGE ( 'NONE', *, *, #1934, .F. ) ;
#1159 = CYLINDRICAL_SURFACE ( 'NONE', #1706, 8.000000000000007105 ) ;
#1160 = CYLINDRICAL_SURFACE ( 'NONE', #3895, 2.499999999999995115 ) ;
#1161 = CIRCLE ( 'NONE', #761, 3.000000000000002665 ) ;
#1162 = DIRECTION ( 'NONE',  ( -0.000000000000000000, 1.000000000000000000, -0.000000000000000000 ) ) ;
#1163 = ORIENTED_EDGE ( 'NONE', *, *, #2002, .F. ) ;
#1164 = EDGE_CURVE ( 'NONE', #3767, #3298, #4482, .T. ) ;
#1165 = DIRECTION ( 'NONE',  ( 0.000000000000000000, -0.000000000000000000, 1.000000000000000000 ) ) ;
#1166 = AXIS2_PLACEMENT_3D ( 'NONE', #2111, #198, #4410 ) ;
#1167 = DIRECTION ( 'NONE',  ( 0.000000000000000000, 0.000000000000000000, 1.000000000000000000 ) ) ;
#1168 = DIRECTION ( 'NONE',  ( 0.000000000000000000, 0.000000000000000000, -1.000000000000000000 ) ) ;
#1169 = PRODUCT ( 'base888', 'base888', '', ( #1649 ) ) ;
#1170 = FACE_OUTER_BOUND ( 'NONE', #506, .T. ) ;
#1171 = VECTOR ( 'NONE', #2202, 1000.000000000000000 ) ;
#1172 = CIRCLE ( 'NONE', #3581, 2.500000000000002220 ) ;
#1173 = ORIENTED_EDGE ( 'NONE', *, *, #2603, .T. ) ;
#1174 = LINE ( 'NONE', #419, #212 ) ;
#1175 = VECTOR ( 'NONE', #4383, 1000.000000000000000 ) ;
#1176 = ORIENTED_EDGE ( 'NONE', *, *, #2183, .F. ) ;
#1177 = FACE_OUTER_BOUND ( 'NONE', #2437, .T. ) ;
#1178 = ORIENTED_EDGE ( 'NONE', *, *, #4891, .T. ) ;
#1179 = CARTESIAN_POINT ( 'NONE',  ( 0.000000000000000000, 9.999999999999994671, -75.00000000000001421 ) ) ;
#1180 = VERTEX_POINT ( 'NONE', #2155 ) ;
#1181 = ADVANCED_FACE ( 'NONE', ( #680 ), #1427, .F. ) ;
#1182 = DIRECTION ( 'NONE',  ( 0.000000000000000000, 0.000000000000000000, 1.000000000000000000 ) ) ;
#1183 = CARTESIAN_POINT ( 'NONE',  ( 201.9807934997806740, 3.000000000000000000, -169.1241044017996558 ) ) ;
#1184 = CARTESIAN_POINT ( 'NONE',  ( 66.99999999999998579, -3.000000000000000000, -63.00000000000000000 ) ) ;
#1185 = ORIENTED_EDGE ( 'NONE', *, *, #4323, .F. ) ;
#1186 = ORIENTED_EDGE ( 'NONE', *, *, #1264, .T. ) ;
#1187 = EDGE_CURVE ( 'NONE', #2826, #1480, #4927, .T. ) ;
#1188 = CARTESIAN_POINT ( 'NONE',  ( 198.5790561826769363, 7.000000000000000000, -175.1987551511599293 ) ) ;
#1189 = CIRCLE ( 'NONE', #1350, 3.000000000000002665 ) ;
#1190 = DIRECTION ( 'NONE',  ( -0.000000000000000000, 1.000000000000000000, -0.000000000000000000 ) ) ;
#1191 = CARTESIAN_POINT ( 'NONE',  ( 176.0000000000000000, -93.00000000000000000, -86.00000000000000000 ) ) ;
#1192 = ORIENTED_EDGE ( 'NONE', *, *, #1713, .F. ) ;
#1193 = DIRECTION ( 'NONE',  ( -0.000000000000000000, 5.551115123125786646E-16, 1.000000000000000000 ) ) ;
#1194 = LINE ( 'NONE', #2355, #2663 ) ;
#1195 = CARTESIAN_POINT ( 'NONE',  ( 21.42094381732307085, -3.000000000000000000, -176.1987551511599293 ) ) ;
#1196 = EDGE_CURVE ( 'NONE', #1571, #4486, #3727, .T. ) ;
#1197 = CARTESIAN_POINT ( 'NONE',  ( 44.00000000000000711, 0.000000000000000000, -95.00000000000000000 ) ) ;
#1198 = ORIENTED_EDGE ( 'NONE', *, *, #4807, .F. ) ;
#1199 = DIRECTION ( 'NONE',  ( 0.000000000000000000, 0.000000000000000000, 1.000000000000000000 ) ) ;
#1200 = ORIENTED_EDGE ( 'NONE', *, *, #22, .T. ) ;
#1201 = DIRECTION ( 'NONE',  ( -0.000000000000000000, -1.000000000000000000, -0.000000000000000000 ) ) ;
#1202 = ORIENTED_EDGE ( 'NONE', *, *, #3411, .T. ) ;
#1203 = AXIS2_PLACEMENT_3D ( 'NONE', #3028, #320, #3395 ) ;
#1204 = DIRECTION ( 'NONE',  ( -0.000000000000000000, 1.000000000000000000, -0.000000000000000000 ) ) ;
#1205 = ORIENTED_EDGE ( 'NONE', *, *, #3321, .F. ) ;
#1206 = AXIS2_PLACEMENT_3D ( 'NONE', #910, #1364, #528 ) ;
#1207 = DIRECTION ( 'NONE',  ( 0.000000000000000000, 0.000000000000000000, 1.000000000000000000 ) ) ;
#1208 = LINE ( 'NONE', #3127, #1864 ) ;
#1209 = VECTOR ( 'NONE', #3041, 1000.000000000000000 ) ;
#1210 = DIRECTION ( 'NONE',  ( 1.000000000000000000, 0.000000000000000000, 0.000000000000000000 ) ) ;
#1211 = EDGE_LOOP ( 'NONE', ( #4363, #4375, #46, #670 ) ) ;
#1212 = ORIENTED_EDGE ( 'NONE', *, *, #1228, .T. ) ;
#1213 = CARTESIAN_POINT ( 'NONE',  ( 215.0000000000000000, 87.00000000000001421, -9.999999999999991118 ) ) ;
#1214 = DIRECTION ( 'NONE',  ( 0.000000000000000000, -0.000000000000000000, -1.000000000000000000 ) ) ;
#1215 = ORIENTED_EDGE ( 'NONE', *, *, #4719, .T. ) ;
#1216 = CIRCLE ( 'NONE', #3460, 1.599999999999990319 ) ;
#1217 = CIRCLE ( 'NONE', #4178, 1.549999999999995826 ) ;
#1218 = EDGE_CURVE ( 'NONE', #4841, #1791, #3679, .T. ) ;
#1219 = DIRECTION ( 'NONE',  ( 0.000000000000000000, 1.000000000000000000, 0.000000000000000000 ) ) ;
#1220 = VECTOR ( 'NONE', #669, 1000.000000000000000 ) ;
#1221 = DIRECTION ( 'NONE',  ( 0.000000000000000000, -0.000000000000000000, -1.000000000000000000 ) ) ;
#1222 = AXIS2_PLACEMENT_3D ( 'NONE', #3993, #1286, #4368 ) ;
#1223 = CARTESIAN_POINT ( 'NONE',  ( 211.1283219479093134, 87.00000000000001421, -158.2500000000000000 ) ) ;
#1224 = DIRECTION ( 'NONE',  ( -0.000000000000000000, 1.000000000000000000, -0.000000000000000000 ) ) ;
#1225 = AXIS2_PLACEMENT_3D ( 'NONE', #4362, #4440, #2540 ) ;
#1226 = EDGE_CURVE ( 'NONE', #756, #2009, #3749, .T. ) ;
#1227 = ORIENTED_EDGE ( 'NONE', *, *, #4779, .F. ) ;
#1228 = EDGE_CURVE ( 'NONE', #4356, #1584, #180, .T. ) ;
#1229 = FACE_BOUND ( 'NONE', #3638, .T. ) ;
#1230 = ORIENTED_EDGE ( 'NONE', *, *, #1971, .T. ) ;
#1231 = DIRECTION ( 'NONE',  ( -0.000000000000000000, -1.000000000000000000, -0.000000000000000000 ) ) ;
#1232 = ORIENTED_EDGE ( 'NONE', *, *, #4099, .T. ) ;
#1233 = EDGE_CURVE ( 'NONE', #1911, #3022, #1451, .T. ) ;
#1234 = EDGE_CURVE ( 'NONE', #837, #2808, #4504, .T. ) ;
#1235 = DIRECTION ( 'NONE',  ( 0.000000000000000000, 1.000000000000000000, 0.000000000000000000 ) ) ;
#1236 = CARTESIAN_POINT ( 'NONE',  ( 5.000000000000000000, 0.000000000000000000, -5.000000000000000000 ) ) ;
#1237 = AXIS2_PLACEMENT_3D ( 'NONE', #3300, #2552, #1517 ) ;
#1238 = CARTESIAN_POINT ( 'NONE',  ( 110.0000000000000000, 87.00000000000001421, -130.0000000000000000 ) ) ;
#1239 = ORIENTED_EDGE ( 'NONE', *, *, #3880, .F. ) ;
#1240 = ORIENTED_EDGE ( 'NONE', *, *, #99, .T. ) ;
#1241 = DIRECTION ( 'NONE',  ( 0.000000000000000000, 0.000000000000000000, 1.000000000000000000 ) ) ;
#1242 = LINE ( 'NONE', #814, #4366 ) ;
#1243 = ORIENTED_EDGE ( 'NONE', *, *, #3821, .F. ) ;
#1244 = CIRCLE ( 'NONE', #2284, 1.599999999999997202 ) ;
#1245 = ORIENTED_EDGE ( 'NONE', *, *, #4960, .F. ) ;
#1246 = CARTESIAN_POINT ( 'NONE',  ( 176.0000000000000000, 7.000000000000000000, -95.00000000000000000 ) ) ;
#1247 = VECTOR ( 'NONE', #2000, 1000.000000000000000 ) ;
#1248 = DIRECTION ( 'NONE',  ( -0.000000000000000000, -1.000000000000000000, -0.000000000000000000 ) ) ;
#1249 = ADVANCED_FACE ( 'NONE', ( #1847 ), #635, .F. ) ;
#1250 = DIRECTION ( 'NONE',  ( 0.000000000000000000, 0.000000000000000000, -1.000000000000000000 ) ) ;
#1251 = ORIENTED_EDGE ( 'NONE', *, *, #2980, .T. ) ;
#1252 = FACE_BOUND ( 'NONE', #758, .T. ) ;
#1253 = LINE ( 'NONE', #1659, #1417 ) ;
#1254 = AXIS2_PLACEMENT_3D ( 'NONE', #4683, #3156, #1241 ) ;
#1255 = DIRECTION ( 'NONE',  ( 1.000000000000000000, -0.000000000000000000, -0.000000000000000000 ) ) ;
#1256 = ADVANCED_FACE ( 'NONE', ( #2579 ), #1828, .F. ) ;
#1257 = VECTOR ( 'NONE', #47, 1000.000000000000000 ) ;
#1258 = VERTEX_POINT ( 'NONE', #908 ) ;
#1259 = CC_DESIGN_PERSON_AND_ORGANIZATION_ASSIGNMENT ( #4430, #346, ( #458 ) ) ;
#1260 = VECTOR ( 'NONE', #414, 1000.000000000000000 ) ;
#1261 = LOCAL_TIME ( 14, 16, 59.00000000000000000, #1773 ) ;
#1262 = CARTESIAN_POINT ( 'NONE',  ( 220.0000000000000000, 0.000000000000000000, -86.00000000000000000 ) ) ;
#1263 = CARTESIAN_POINT ( 'NONE',  ( 10.00000000000000000, -93.00000000000000000, -15.00000000000000000 ) ) ;
#1264 = EDGE_CURVE ( 'NONE', #1813, #1258, #1573, .T. ) ;
#1265 = LINE ( 'NONE', #161, #4541 ) ;
#1266 = ORIENTED_EDGE ( 'NONE', *, *, #4317, .T. ) ;
#1267 = CIRCLE ( 'NONE', #4307, 104.9999999999999858 ) ;
#1268 = ORIENTED_EDGE ( 'NONE', *, *, #3425, .F. ) ;
#1269 = DIRECTION ( 'NONE',  ( 1.000000000000000000, 0.000000000000000000, 0.000000000000000000 ) ) ;
#1270 = LINE ( 'NONE', #4658, #2134 ) ;
#1271 = ORIENTED_EDGE ( 'NONE', *, *, #3554, .F. ) ;
#1272 = APPLICATION_PROTOCOL_DEFINITION ( 'international standard', 'config_control_design', 1994, #2662 ) ;
#1273 = DIRECTION ( 'NONE',  ( 0.000000000000000000, -0.000000000000000000, -1.000000000000000000 ) ) ;
#1274 = DIRECTION ( 'NONE',  ( 0.000000000000000000, 0.000000000000000000, 1.000000000000000000 ) ) ;
#1275 = ORIENTED_EDGE ( 'NONE', *, *, #2492, .F. ) ;
#1276 = LINE ( 'NONE', #51, #12 ) ;
#1277 = ORIENTED_EDGE ( 'NONE', *, *, #2454, .T. ) ;
#1278 = EDGE_CURVE ( 'NONE', #1021, #4371, #3153, .T. ) ;
#1279 = PLANE ( 'NONE',  #4624 ) ;
#1280 = DIRECTION ( 'NONE',  ( -0.000000000000000000, 1.000000000000000000, -0.000000000000000000 ) ) ;
#1281 = DIRECTION ( 'NONE',  ( 1.000000000000000000, -0.000000000000000000, -1.020425574104004122E-16 ) ) ;
#1282 = VERTEX_POINT ( 'NONE', #157 ) ;
#1283 = EDGE_CURVE ( 'NONE', #3911, #3760, #3822, .T. ) ;
#1284 = CARTESIAN_POINT ( 'NONE',  ( 205.3825308168844117, -3.000000000000000000, -161.0494536524393823 ) ) ;
#1285 = CARTESIAN_POINT ( 'NONE',  ( 217.2935125583910860, 22.08677179969882332, -154.2508266550663336 ) ) ;
#1286 = DIRECTION ( 'NONE',  ( -0.000000000000000000, 0.000000000000000000, -1.000000000000000000 ) ) ;
#1287 = LINE ( 'NONE', #2855, #57 ) ;
#1288 = ORIENTED_EDGE ( 'NONE', *, *, #2974, .T. ) ;
#1289 = EDGE_LOOP ( 'NONE', ( #3683, #604, #2736, #3921, #3084, #3586, #1993, #1610, #1464, #3, #82, #1792 ) ) ;
#1290 = EDGE_CURVE ( 'NONE', #2987, #3958, #4675, .T. ) ;
#1291 = EDGE_CURVE ( 'NONE', #2045, #3277, #69, .T. ) ;
#1292 = CARTESIAN_POINT ( 'NONE',  ( 14.61746918311558652, 3.000000000000000000, -162.0494536524393823 ) ) ;
#1293 = CIRCLE ( 'NONE', #1938, 3.000000000000002665 ) ;
#1294 = DIRECTION ( 'NONE',  ( 0.000000000000000000, 0.000000000000000000, 1.000000000000000000 ) ) ;
#1295 = ORIENTED_EDGE ( 'NONE', *, *, #1802, .F. ) ;
#1296 = AXIS2_PLACEMENT_3D ( 'NONE', #3188, #145, #3980 ) ;
#1297 = EDGE_CURVE ( 'NONE', #1021, #1365, #3081, .T. ) ;
#1298 = CARTESIAN_POINT ( 'NONE',  ( 245.5500000000000114, 21.67999999999999972, -136.7000000000000171 ) ) ;
#1299 = CYLINDRICAL_SURFACE ( 'NONE', #4900, 7.500000000000007105 ) ;
#1300 = CARTESIAN_POINT ( 'NONE',  ( 21.42094381732307085, 3.000000000000000000, -176.1987551511599293 ) ) ;
#1301 = VERTEX_POINT ( 'NONE', #1978 ) ;
#1302 = CARTESIAN_POINT ( 'NONE',  ( 21.42094381732307085, -3.000000000000000000, -176.1987551511599293 ) ) ;
#1303 = ORIENTED_EDGE ( 'NONE', *, *, #3252, .T. ) ;
#1304 = VECTOR ( 'NONE', #1898, 1000.000000000000000 ) ;
#1305 = AXIS2_PLACEMENT_3D ( 'NONE', #316, #719, #2669 ) ;
#1306 = FACE_BOUND ( 'NONE', #369, .T. ) ;
#1307 = DIRECTION ( 'NONE',  ( 0.000000000000000000, 0.000000000000000000, 1.000000000000000000 ) ) ;
#1308 = CARTESIAN_POINT ( 'NONE',  ( 173.0000000000000284, 3.000000000000000000, -41.99999999999999289 ) ) ;
#1309 = EDGE_LOOP ( 'NONE', ( #1805, #101, #4580, #3650 ) ) ;
#1310 = AXIS2_PLACEMENT_3D ( 'NONE', #4722, #2440, #4284 ) ;
#1311 = EDGE_LOOP ( 'NONE', ( #1861, #4494, #40, #2107, #1349, #860, #3502, #2628, #4071, #1426, #2792, #4399 ) ) ;
#1312 = PLANE ( 'NONE',  #3780 ) ;
#1313 = CARTESIAN_POINT ( 'NONE',  ( 17.51975179833805285, 3.000000000000000000, -161.2900093678618703 ) ) ;
#1314 = DIRECTION ( 'NONE',  ( 0.000000000000000000, 0.000000000000000000, 1.000000000000000000 ) ) ;
#1315 = ADVANCED_FACE ( 'NONE', ( #759 ), #734, .F. ) ;
#1316 = DIRECTION ( 'NONE',  ( -0.000000000000000000, -1.000000000000000000, -0.000000000000000000 ) ) ;
#1317 = ORIENTED_EDGE ( 'NONE', *, *, #4017, .T. ) ;
#1318 = VERTEX_POINT ( 'NONE', #1597 ) ;
#1319 = VECTOR ( 'NONE', #1890, 1000.000000000000000 ) ;
#1320 = CARTESIAN_POINT ( 'NONE',  ( 215.0000000000000000, 34.99999999999998579, -5.000000000000008882 ) ) ;
#1321 = CARTESIAN_POINT ( 'NONE',  ( 5.000000000000000000, 87.00000000000001421, -5.000000000000000000 ) ) ;
#1322 = ORIENTED_EDGE ( 'NONE', *, *, #721, .T. ) ;
#1323 = PERSON_AND_ORGANIZATION_ROLE ( 'design_owner' ) ;
#1324 = CARTESIAN_POINT ( 'NONE',  ( 44.00000000000000711, 0.000000000000000000, -73.00000000000001421 ) ) ;
#1325 = FACE_OUTER_BOUND ( 'NONE', #2930, .T. ) ;
#1326 = ORIENTED_EDGE ( 'NONE', *, *, #3197, .F. ) ;
#1327 = FACE_OUTER_BOUND ( 'NONE', #4717, .T. ) ;
#1328 = EDGE_CURVE ( 'NONE', #4030, #2001, #3964, .T. ) ;
#1329 = VERTEX_POINT ( 'NONE', #4246 ) ;
#1330 = DIRECTION ( 'NONE',  ( 0.000000000000000000, 0.000000000000000000, -1.000000000000000000 ) ) ;
#1331 = CIRCLE ( 'NONE', #4693, 1.600000000000004086 ) ;
#1332 = DIRECTION ( 'NONE',  ( 0.000000000000000000, -1.000000000000000000, 0.000000000000000000 ) ) ;
#1333 = CARTESIAN_POINT ( 'NONE',  ( 182.0000000000000000, 27.00000000000000000, -182.0000000000000000 ) ) ;
#1334 = EDGE_LOOP ( 'NONE', ( #4914, #1268, #3692, #3995 ) ) ;
#1335 = CIRCLE ( 'NONE', #52, 5.000000000000004441 ) ;
#1336 = AXIS2_PLACEMENT_3D ( 'NONE', #1758, #4744, #569 ) ;
#1337 = DIRECTION ( 'NONE',  ( -1.000000000000000000, -0.000000000000000000, -0.000000000000000000 ) ) ;
#1338 = DIRECTION ( 'NONE',  ( -0.000000000000000000, -0.000000000000000000, 1.000000000000000000 ) ) ;
#1339 = ORIENTED_EDGE ( 'NONE', *, *, #4571, .T. ) ;
#1340 = ORIENTED_EDGE ( 'NONE', *, *, #2314, .F. ) ;
#1341 = CIRCLE ( 'NONE', #4544, 7.849999999999996092 ) ;
#1342 = VECTOR ( 'NONE', #267, 1000.000000000000000 ) ;
#1343 = EDGE_LOOP ( 'NONE', ( #3130, #2248, #1442, #656 ) ) ;
#1344 = EDGE_CURVE ( 'NONE', #33, #1872, #43, .T. ) ;
#1345 = ORIENTED_EDGE ( 'NONE', *, *, #1670, .F. ) ;
#1346 = CYLINDRICAL_SURFACE ( 'NONE', #3214, 5.000000000000000888 ) ;
#1347 = CARTESIAN_POINT ( 'NONE',  ( 0.000000000000000000, 0.000000000000000000, -41.99999999999999289 ) ) ;
#1348 = DIRECTION ( 'NONE',  ( -0.000000000000000000, -1.000000000000000000, -0.000000000000000000 ) ) ;
#1349 = ORIENTED_EDGE ( 'NONE', *, *, #4467, .T. ) ;
#1350 = AXIS2_PLACEMENT_3D ( 'NONE', #4255, #1554, #2816 ) ;
#1351 = EDGE_CURVE ( 'NONE', #3760, #4696, #1522, .T. ) ;
#1352 = CARTESIAN_POINT ( 'NONE',  ( 47.00000000000000000, 7.000000000000000000, -68.00000000000000000 ) ) ;
#1353 = DIRECTION ( 'NONE',  ( 0.000000000000000000, 0.000000000000000000, -1.000000000000000000 ) ) ;
#1354 = CARTESIAN_POINT ( 'NONE',  ( 205.3825308168844117, 7.000000000000000000, -163.0494536524393823 ) ) ;
#1355 = EDGE_LOOP ( 'NONE', ( #124, #183, #1520, #2751 ) ) ;
#1356 = CARTESIAN_POINT ( 'NONE',  ( 10.00000000000000000, -93.00000000000000000, -95.00000000000000000 ) ) ;
#1357 = ORIENTED_EDGE ( 'NONE', *, *, #3763, .T. ) ;
#1358 = FACE_OUTER_BOUND ( 'NONE', #1343, .T. ) ;
#1359 = EDGE_CURVE ( 'NONE', #2927, #2778, #4604, .T. ) ;
#1360 = DIRECTION ( 'NONE',  ( -1.000000000000000000, -0.000000000000000000, -0.000000000000000000 ) ) ;
#1361 = DIRECTION ( 'NONE',  ( 0.000000000000000000, 1.000000000000000000, -0.000000000000000000 ) ) ;
#1362 = ORIENTED_EDGE ( 'NONE', *, *, #694, .T. ) ;
#1363 = CARTESIAN_POINT ( 'NONE',  ( 37.40658949034116887, 87.00000000000001421, -205.8630130602268764 ) ) ;
#1364 = DIRECTION ( 'NONE',  ( 0.000000000000000000, 1.000000000000000000, 0.000000000000000000 ) ) ;
#1365 = VERTEX_POINT ( 'NONE', #1188 ) ;
#1366 = CARTESIAN_POINT ( 'NONE',  ( 210.0000000000000000, 7.000000000000000000, -95.00000000000001421 ) ) ;
#1367 = VERTEX_POINT ( 'NONE', #3224 ) ;
#1368 = VECTOR ( 'NONE', #2444, 1000.000000000000000 ) ;
#1369 = DIRECTION ( 'NONE',  ( 0.000000000000000000, 0.000000000000000000, 1.000000000000000000 ) ) ;
#1370 = CARTESIAN_POINT ( 'NONE',  ( 47.00000000000000711, 3.000000000000000000, -41.99999999999999289 ) ) ;
#1371 = CARTESIAN_POINT ( 'NONE',  ( 14.61746918311558652, 3.000000000000000000, -162.0494536524393823 ) ) ;
#1372 = ORIENTED_EDGE ( 'NONE', *, *, #246, .T. ) ;
#1373 = ORIENTED_EDGE ( 'NONE', *, *, #1106, .T. ) ;
#1374 = CARTESIAN_POINT ( 'NONE',  ( 44.00000000000000000, -12.00000000000000000, -83.00000000000000000 ) ) ;
#1375 = DIRECTION ( 'NONE',  ( -0.000000000000000000, 1.000000000000000000, -0.000000000000000000 ) ) ;
#1376 = DIRECTION ( 'NONE',  ( 0.000000000000000000, 0.000000000000000000, 1.000000000000000000 ) ) ;
#1377 = VECTOR ( 'NONE', #2024, 1000.000000000000000 ) ;
#1378 = ADVANCED_FACE ( 'NONE', ( #3870 ), #1312, .F. ) ;
#1379 = VERTEX_POINT ( 'NONE', #1546 ) ;
#1380 = LINE ( 'NONE', #1095, #2387 ) ;
#1381 = AXIS2_PLACEMENT_3D ( 'NONE', #1699, #3239, #4712 ) ;
#1382 = CARTESIAN_POINT ( 'NONE',  ( 178.8996047274589785, 0.000000000000000000, -211.7328496799144091 ) ) ;
#1383 = DIRECTION ( 'NONE',  ( 0.000000000000000000, 0.000000000000000000, -1.000000000000000000 ) ) ;
#1384 = EDGE_CURVE ( 'NONE', #1018, #1596, #1952, .T. ) ;
#1385 = AXIS2_PLACEMENT_3D ( 'NONE', #59, #1589, #3123 ) ;
#1386 = CARTESIAN_POINT ( 'NONE',  ( 185.5000000000000000, 0.000000000000000000, -142.5000000000000284 ) ) ;
#1387 = CIRCLE ( 'NONE', #819, 1.600000000000004086 ) ;
#1388 = CARTESIAN_POINT ( 'NONE',  ( 219.7570546663335733, 20.44550403428509711, -137.3072620325085893 ) ) ;
#1389 = EDGE_LOOP ( 'NONE', ( #4091, #1107, #2332, #2724 ) ) ;
#1390 = ORIENTED_EDGE ( 'NONE', *, *, #2002, .T. ) ;
#1391 = EDGE_CURVE ( 'NONE', #2524, #277, #4577, .T. ) ;
#1392 = CIRCLE ( 'NONE', #3783, 5.000000000000000888 ) ;
#1393 = ORIENTED_EDGE ( 'NONE', *, *, #1359, .T. ) ;
#1394 = CARTESIAN_POINT ( 'NONE',  ( 219.6592549205823559, 23.18036836121159894, -138.6520354338347545 ) ) ;
#1395 = CYLINDRICAL_SURFACE ( 'NONE', #326, 6.999999999999978684 ) ;
#1396 = ORIENTED_EDGE ( 'NONE', *, *, #1647, .T. ) ;
#1397 = CARTESIAN_POINT ( 'NONE',  ( 178.8996047274589785, -12.00199999999999889, -204.2328496799144091 ) ) ;
#1398 = ORIENTED_EDGE ( 'NONE', *, *, #136, .T. ) ;
#1399 = DATE_AND_TIME ( #2127, #3422 ) ;
#1400 = ORIENTED_EDGE ( 'NONE', *, *, #1478, .T. ) ;
#1401 = DIRECTION ( 'NONE',  ( -0.000000000000000000, 1.000000000000000000, -0.000000000000000000 ) ) ;
#1402 = DIRECTION ( 'NONE',  ( -0.000000000000000000, 1.000000000000000000, -0.000000000000000000 ) ) ;
#1403 = DIRECTION ( 'NONE',  ( -1.000000000000000000, 0.000000000000000000, -0.000000000000000000 ) ) ;
#1404 = ORIENTED_EDGE ( 'NONE', *, *, #714, .T. ) ;
#1405 = DIRECTION ( 'NONE',  ( 0.000000000000000000, 0.000000000000000000, -1.000000000000000000 ) ) ;
#1406 = EDGE_CURVE ( 'NONE', #4496, #1774, #4195, .T. ) ;
#1407 = CARTESIAN_POINT ( 'NONE',  ( 217.1829498739001281, 20.50418047892917883, -154.7350104545675720 ) ) ;
#1408 = LINE ( 'NONE', #4035, #2269 ) ;
#1409 = AXIS2_PLACEMENT_3D ( 'NONE', #1356, #4031, #3215 ) ;
#1410 = ADVANCED_FACE ( 'NONE', ( #2828 ), #1159, .T. ) ;
#1411 = DIRECTION ( 'NONE',  ( -0.000000000000000000, -1.000000000000000000, -0.000000000000000000 ) ) ;
#1412 = VECTOR ( 'NONE', #3050, 1000.000000000000000 ) ;
#1413 = CIRCLE ( 'NONE', #2698, 3.000000000000002665 ) ;
#1414 = DIRECTION ( 'NONE',  ( -0.000000000000000000, 5.551115123125786646E-16, 1.000000000000000000 ) ) ;
#1415 = VERTEX_POINT ( 'NONE', #2164 ) ;
#1416 = DIRECTION ( 'NONE',  ( -0.000000000000000000, 1.000000000000000000, -0.000000000000000000 ) ) ;
#1417 = VECTOR ( 'NONE', #4206, 1000.000000000000000 ) ;
#1418 = ORIENTED_EDGE ( 'NONE', *, *, #178, .T. ) ;
#1419 = EDGE_CURVE ( 'NONE', #4827, #2697, #645, .T. ) ;
#1420 = CARTESIAN_POINT ( 'NONE',  ( 219.7717132720685242, 22.70568698268117913, -137.0835100035986045 ) ) ;
#1421 = DIRECTION ( 'NONE',  ( -0.000000000000000000, 1.000000000000000000, -0.000000000000000000 ) ) ;
#1422 = EDGE_LOOP ( 'NONE', ( #298, #1015, #138, #3988 ) ) ;
#1423 = AXIS2_PLACEMENT_3D ( 'NONE', #954, #2438, #518 ) ;
#1424 = CARTESIAN_POINT ( 'NONE',  ( 220.0000000000000000, 34.99999999999999289, -75.00000000000001421 ) ) ;
#1425 = EDGE_LOOP ( 'NONE', ( #2433, #2902 ) ) ;
#1426 = ORIENTED_EDGE ( 'NONE', *, *, #2825, .F. ) ;
#1427 = PLANE ( 'NONE',  #3935 ) ;
#1428 = LINE ( 'NONE', #3035, #532 ) ;
#1429 = LINE ( 'NONE', #4557, #127 ) ;
#1430 = ADVANCED_FACE ( 'NONE', ( #2091 ), #622, .F. ) ;
#1431 = DIRECTION ( 'NONE',  ( -0.000000000000000000, 1.000000000000000000, -0.000000000000000000 ) ) ;
#1432 = CARTESIAN_POINT ( 'NONE',  ( 176.0000000000000000, -93.00000000000000000, -14.99999999999999645 ) ) ;
#1433 = B_SPLINE_CURVE_WITH_KNOTS ( 'NONE', 3,
 ( #1507, #268, #2564, #4935, #2208, #4132, #1880, #688, #4911, #2232, #711, #641, #2635, #312, #4560, #2658, #4085, #4177, #1407, #2185, #4538, #363, #3709, #1852, #3383, #3801 ),
 .UNSPECIFIED., .F., .F.,
 ( 4, 2, 2, 2, 2, 2, 2, 2, 2, 2, 2, 2, 4 ),
 ( 0.004916783075933434978, 0.005531178703341304778, 0.006145574330749174578, 0.006452772144453120320, 0.006759969958157066930, 0.007374365585565051222, 0.007681563399269043801, 0.007988761212973035514, 0.008295959026677027226, 0.008603156840381020673, 0.008910354654085012385, 0.009217552467789005832, 0.009831948095197030890 ),
 .UNSPECIFIED. ) ;
#1434 = DIRECTION ( 'NONE',  ( -1.000000000000000000, -0.000000000000000000, -0.000000000000000000 ) ) ;
#1435 = EDGE_CURVE ( 'NONE', #974, #4827, #1625, .T. ) ;
#1436 = VERTEX_POINT ( 'NONE', #272 ) ;
#1437 = DIRECTION ( 'NONE',  ( 0.000000000000000000, 0.000000000000000000, -1.000000000000000000 ) ) ;
#1438 = CARTESIAN_POINT ( 'NONE',  ( 216.5584815957871285, 21.68000000000037630, -157.3000000000053262 ) ) ;
#1439 = ORIENTED_EDGE ( 'NONE', *, *, #4118, .T. ) ;
#1440 = VERTEX_POINT ( 'NONE', #2115 ) ;
#1441 = ADVANCED_FACE ( 'NONE', ( #228, #201 ), #1031, .F. ) ;
#1442 = ORIENTED_EDGE ( 'NONE', *, *, #1391, .T. ) ;
#1443 = CARTESIAN_POINT ( 'NONE',  ( 219.5799864573111222, 22.46179162726438960, -139.6037854880248119 ) ) ;
#1444 = CARTESIAN_POINT ( 'NONE',  ( 166.9999999999999716, -3.000000000000000000, -61.40000000000001279 ) ) ;
#1445 = ORIENTED_EDGE ( 'NONE', *, *, #2394, .F. ) ;
#1446 = CARTESIAN_POINT ( 'NONE',  ( 0.000000000000000000, 87.00000000000001421, 0.000000000000000000 ) ) ;
#1447 = ORIENTED_EDGE ( 'NONE', *, *, #2357, .F. ) ;
#1448 = ADVANCED_FACE ( 'NONE', ( #3665, #3343, #4014, #4868, #573, #179 ), #959, .T. ) ;
#1449 = AXIS2_PLACEMENT_3D ( 'NONE', #2574, #1059, #4072 ) ;
#1450 = ORIENTED_EDGE ( 'NONE', *, *, #2738, .F. ) ;
#1451 = LINE ( 'NONE', #2936, #4340 ) ;
#1452 = LINE ( 'NONE', #4081, #3027 ) ;
#1453 = EDGE_CURVE ( 'NONE', #3398, #4454, #2566, .T. ) ;
#1454 = DIRECTION ( 'NONE',  ( 0.000000000000000000, 0.000000000000000000, 1.000000000000000000 ) ) ;
#1455 = ORIENTED_EDGE ( 'NONE', *, *, #1123, .T. ) ;
#1456 = DIRECTION ( 'NONE',  ( 0.000000000000000000, 0.000000000000000000, -1.000000000000000000 ) ) ;
#1457 = CARTESIAN_POINT ( 'NONE',  ( 110.0000000000000000, 87.00000000000001421, -130.0000000000000000 ) ) ;
#1458 = VERTEX_POINT ( 'NONE', #1386 ) ;
#1459 = LINE ( 'NONE', #1483, #825 ) ;
#1460 = DIRECTION ( 'NONE',  ( 1.000000000000000000, -0.000000000000000000, -5.102127870520021228E-17 ) ) ;
#1461 = VERTEX_POINT ( 'NONE', #2900 ) ;
#1462 = VECTOR ( 'NONE', #991, 999.9999999999998863 ) ;
#1463 = CYLINDRICAL_SURFACE ( 'NONE', #4901, 9.999999999999994671 ) ;
#1464 = ORIENTED_EDGE ( 'NONE', *, *, #663, .F. ) ;
#1465 = VECTOR ( 'NONE', #2236, 1000.000000000000000 ) ;
#1466 = CIRCLE ( 'NONE', #807, 1.599999999999990319 ) ;
#1467 = EDGE_CURVE ( 'NONE', #3698, #3490, #2493, .T. ) ;
#1468 = CARTESIAN_POINT ( 'NONE',  ( 44.00000000000000000, -10.00000000000000000, -83.00000000000000000 ) ) ;
#1469 = CARTESIAN_POINT ( 'NONE',  ( 38.00000000000000711, 7.000000000000000000, -190.0000000000000000 ) ) ;
#1470 = DIRECTION ( 'NONE',  ( 0.000000000000000000, 0.000000000000000000, -1.000000000000000000 ) ) ;
#1471 = VERTEX_POINT ( 'NONE', #2520 ) ;
#1472 = AXIS2_PLACEMENT_3D ( 'NONE', #800, #3196, #3932 ) ;
#1473 = CIRCLE ( 'NONE', #2597, 8.000000000000007105 ) ;
#1474 = ORIENTED_EDGE ( 'NONE', *, *, #1328, .T. ) ;
#1475 = EDGE_CURVE ( 'NONE', #1837, #3228, #4772, .T. ) ;
#1476 = CARTESIAN_POINT ( 'NONE',  ( 215.0000000000000000, 10.00000000000002309, -4.999999999999973355 ) ) ;
#1477 = CARTESIAN_POINT ( 'NONE',  ( 76.00000000000001421, 3.000000000000000000, -68.00000000000000000 ) ) ;
#1478 = EDGE_CURVE ( 'NONE', #632, #3490, #2474, .T. ) ;
#1479 = CARTESIAN_POINT ( 'NONE',  ( 24.49999999999999289, -4.568651337178751604, -144.3898999473319122 ) ) ;
#1480 = VERTEX_POINT ( 'NONE', #1363 ) ;
#1481 = CARTESIAN_POINT ( 'NONE',  ( 44.00000000000000711, -12.00000000000000000, -95.00000000000000000 ) ) ;
#1482 = LINE ( 'NONE', #1806, #2501 ) ;
#1483 = CARTESIAN_POINT ( 'NONE',  ( 182.0000000000000000, 0.000000000000000000, -196.9999999999999716 ) ) ;
#1484 = ADVANCED_FACE ( 'NONE', ( #4039 ), #598, .F. ) ;
#1485 = CARTESIAN_POINT ( 'NONE',  ( 191.7000000000000171, 7.000000000000000000, -158.2500000000000000 ) ) ;
#1486 = EDGE_LOOP ( 'NONE', ( #942, #3455, #79, #2337 ) ) ;
#1487 = CARTESIAN_POINT ( 'NONE',  ( 46.10039527254103575, 87.00000000000001421, -209.2328496799144091 ) ) ;
#1488 = ORIENTED_EDGE ( 'NONE', *, *, #1475, .T. ) ;
#1489 = VECTOR ( 'NONE', #2124, 1000.000000000000000 ) ;
#1490 = CARTESIAN_POINT ( 'NONE',  ( 219.6825896050341669, 23.22999580313358337, -138.3510352846178648 ) ) ;
#1491 = FACE_OUTER_BOUND ( 'NONE', #2005, .T. ) ;
#1492 = CARTESIAN_POINT ( 'NONE',  ( 5.000000000000000000, 87.00000000000001421, -10.00000000000000178 ) ) ;
#1493 = VERTEX_POINT ( 'NONE', #4395 ) ;
#1494 = CIRCLE ( 'NONE', #131, 1.599999999999990319 ) ;
#1495 = EDGE_CURVE ( 'NONE', #2203, #4271, #1387, .T. ) ;
#1496 = ORIENTED_EDGE ( 'NONE', *, *, #690, .T. ) ;
#1497 = VECTOR ( 'NONE', #833, 1000.000000000000000 ) ;
#1498 = CARTESIAN_POINT ( 'NONE',  ( 67.00000000000000000, 3.000000000000000000, -47.00000000000000000 ) ) ;
#1499 = VECTOR ( 'NONE', #4728, 1000.000000000000000 ) ;
#1500 = DIRECTION ( 'NONE',  ( 1.000000000000000000, -0.000000000000000000, -0.000000000000000000 ) ) ;
#1501 = FACE_BOUND ( 'NONE', #4152, .T. ) ;
#1502 = VERTEX_POINT ( 'NONE', #4818 ) ;
#1503 = AXIS2_PLACEMENT_3D ( 'NONE', #356, #4881, #1900 ) ;
#1504 = EDGE_CURVE ( 'NONE', #2510, #2481, #3625, .T. ) ;
#1505 = AXIS2_PLACEMENT_3D ( 'NONE', #224, #3733, #2230 ) ;
#1506 = CARTESIAN_POINT ( 'NONE',  ( 205.3825308168844117, 3.000000000000000000, -163.0494536524393823 ) ) ;
#1507 = CARTESIAN_POINT ( 'NONE',  ( 216.5584815957871285, 21.68000000000037630, -157.3000000000053262 ) ) ;
#1508 = DIRECTION ( 'NONE',  ( 0.000000000000000000, 0.000000000000000000, 1.000000000000000000 ) ) ;
#1509 = APPROVAL_PERSON_ORGANIZATION ( #2079, #2152, #4568 ) ;
#1510 = ADVANCED_FACE ( 'NONE', ( #4066 ), #3317, .F. ) ;
#1511 = EDGE_LOOP ( 'NONE', ( #2729, #729, #3971, #2364, #3018, #3546 ) ) ;
#1512 = DIRECTION ( 'NONE',  ( -0.000000000000000000, 1.000000000000000000, -0.000000000000000000 ) ) ;
#1513 = ORIENTED_EDGE ( 'NONE', *, *, #2637, .F. ) ;
#1514 = LINE ( 'NONE', #3861, #817 ) ;
#1515 = ORIENTED_EDGE ( 'NONE', *, *, #1351, .T. ) ;
#1516 = APPROVAL_DATE_TIME ( #994, #2152 ) ;
#1517 = DIRECTION ( 'NONE',  ( 0.000000000000000000, 0.000000000000000000, 1.000000000000000000 ) ) ;
#1518 = CARTESIAN_POINT ( 'NONE',  ( 178.8996047274589785, 0.000000000000000000, -209.2328496799144091 ) ) ;
#1519 = CARTESIAN_POINT ( 'NONE',  ( 196.1735991726138479, 3.000000000000000000, -174.4060542355751977 ) ) ;
#1520 = ORIENTED_EDGE ( 'NONE', *, *, #1291, .F. ) ;
#1521 = VERTEX_POINT ( 'NONE', #3834 ) ;
#1522 = LINE ( 'NONE', #4222, #1304 ) ;
#1523 = DIRECTION ( 'NONE',  ( 0.000000000000000000, 0.000000000000000000, 1.000000000000000000 ) ) ;
#1524 = CARTESIAN_POINT ( 'NONE',  ( 210.5500000000000114, 43.50000000000000000, -135.7500000000000000 ) ) ;
#1525 = ORIENTED_EDGE ( 'NONE', *, *, #714, .F. ) ;
#1526 = LINE ( 'NONE', #1143, #1899 ) ;
#1527 = CARTESIAN_POINT ( 'NONE',  ( 191.7000000000000171, 7.000000000000000000, -142.5000000000000284 ) ) ;
#1528 = FACE_OUTER_BOUND ( 'NONE', #172, .T. ) ;
#1529 = EDGE_CURVE ( 'NONE', #3038, #1606, #4181, .T. ) ;
#1530 = CARTESIAN_POINT ( 'NONE',  ( 219.6083270548513440, 20.51264064962976263, -139.2746848942298357 ) ) ;
#1531 = ORIENTED_EDGE ( 'NONE', *, *, #1540, .T. ) ;
#1532 = CYLINDRICAL_SURFACE ( 'NONE', #4102, 1.549999999999995826 ) ;
#1533 = ORIENTED_EDGE ( 'NONE', *, *, #3222, .T. ) ;
#1534 = EDGE_CURVE ( 'NONE', #3561, #4281, #395, .T. ) ;
#1535 = DIRECTION ( 'NONE',  ( -0.000000000000000000, 1.000000000000000000, -0.000000000000000000 ) ) ;
#1536 = ORIENTED_EDGE ( 'NONE', *, *, #4139, .F. ) ;
#1537 = VECTOR ( 'NONE', #894, 1000.000000000000000 ) ;
#1538 = DIRECTION ( 'NONE',  ( 0.000000000000000000, 1.000000000000000000, 0.000000000000000000 ) ) ;
#1539 = DIRECTION ( 'NONE',  ( -0.000000000000000000, 1.000000000000000000, -0.000000000000000000 ) ) ;
#1540 = EDGE_CURVE ( 'NONE', #2807, #315, #4520, .T. ) ;
#1541 = CARTESIAN_POINT ( 'NONE',  ( 210.5500000000000114, 43.50000000000000000, -135.7500000000000000 ) ) ;
#1542 = ORIENTED_EDGE ( 'NONE', *, *, #2142, .T. ) ;
#1543 = AXIS2_PLACEMENT_3D ( 'NONE', #4839, #1411, #1148 ) ;
#1544 = VECTOR ( 'NONE', #1764, 1000.000000000000000 ) ;
#1545 = ORIENTED_EDGE ( 'NONE', *, *, #3487, .F. ) ;
#1546 = CARTESIAN_POINT ( 'NONE',  ( 44.00000000000000711, -10.20000000000000107, -86.00000000000000000 ) ) ;
#1547 = PLANE ( 'NONE',  #4704 ) ;
#1548 = AXIS2_PLACEMENT_3D ( 'NONE', #307, #1401, #1087 ) ;
#1549 = DIRECTION ( 'NONE',  ( 0.000000000000000000, 0.000000000000000000, 1.000000000000000000 ) ) ;
#1550 = ORIENTED_EDGE ( 'NONE', *, *, #2670, .F. ) ;
#1551 = AXIS2_PLACEMENT_3D ( 'NONE', #56, #3539, #2336 ) ;
#1552 = DIRECTION ( 'NONE',  ( 0.000000000000000000, 1.000000000000000000, 0.000000000000000000 ) ) ;
#1553 = CYLINDRICAL_SURFACE ( 'NONE', #3065, 8.000000000000007105 ) ;
#1554 = DIRECTION ( 'NONE',  ( -0.000000000000000000, 1.000000000000000000, -0.000000000000000000 ) ) ;
#1555 = CYLINDRICAL_SURFACE ( 'NONE', #4660, 1.599999999999997202 ) ;
#1556 = EDGE_LOOP ( 'NONE', ( #3526, #4800, #4806, #4330 ) ) ;
#1557 = EDGE_CURVE ( 'NONE', #2665, #1367, #4208, .T. ) ;
#1558 = DIRECTION ( 'NONE',  ( 0.000000000000000000, -1.000000000000000000, 0.000000000000000000 ) ) ;
#1559 = DIRECTION ( 'NONE',  ( -1.000000000000000000, -0.000000000000000000, -0.000000000000000000 ) ) ;
#1560 = EDGE_LOOP ( 'NONE', ( #2813, #3882 ) ) ;
#1561 = DIRECTION ( 'NONE',  ( 0.000000000000000000, 0.000000000000000000, 1.000000000000000000 ) ) ;
#1562 = VERTEX_POINT ( 'NONE', #314 ) ;
#1563 = ADVANCED_FACE ( 'NONE', ( #3782 ), #1532, .F. ) ;
#1564 = ORIENTED_EDGE ( 'NONE', *, *, #4955, .T. ) ;
#1565 = EDGE_CURVE ( 'NONE', #4754, #870, #1856, .T. ) ;
#1566 = CARTESIAN_POINT ( 'NONE',  ( 220.0000000000000000, 34.99999999999999289, -35.00000000000001421 ) ) ;
#1567 = LINE ( 'NONE', #3839, #982 ) ;
#1568 = LINE ( 'NONE', #4218, #856 ) ;
#1569 = ORIENTED_EDGE ( 'NONE', *, *, #4293, .T. ) ;
#1570 = VECTOR ( 'NONE', #839, 1000.000000000000000 ) ;
#1571 = VERTEX_POINT ( 'NONE', #1485 ) ;
#1572 = ADVANCED_FACE ( 'NONE', ( #1937 ), #342, .F. ) ;
#1573 = LINE ( 'NONE', #527, #331 ) ;
#1574 = DIRECTION ( 'NONE',  ( -0.000000000000000000, -0.000000000000000000, 1.000000000000000000 ) ) ;
#1575 = CIRCLE ( 'NONE', #4372, 2.500000000000002220 ) ;
#1576 = DIRECTION ( 'NONE',  ( -0.000000000000000000, 1.000000000000000000, -0.000000000000000000 ) ) ;
#1577 = ORIENTED_EDGE ( 'NONE', *, *, #2454, .F. ) ;
#1578 = ORIENTED_EDGE ( 'NONE', *, *, #4186, .T. ) ;
#1579 = PLANE ( 'NONE',  #3811 ) ;
#1580 = DIRECTION ( 'NONE',  ( 0.000000000000000000, 0.000000000000000000, 1.000000000000000000 ) ) ;
#1581 = DIRECTION ( 'NONE',  ( 0.000000000000000000, 0.000000000000000000, 1.000000000000000000 ) ) ;
#1582 = DIRECTION ( 'NONE',  ( 0.000000000000000000, 1.000000000000000000, -5.551115123125787632E-16 ) ) ;
#1583 = CIRCLE ( 'NONE', #1741, 5.000000000000004441 ) ;
#1584 = VERTEX_POINT ( 'NONE', #745 ) ;
#1585 = FACE_OUTER_BOUND ( 'NONE', #4870, .T. ) ;
#1586 = ORIENTED_EDGE ( 'NONE', *, *, #1048, .F. ) ;
#1587 = DIRECTION ( 'NONE',  ( -0.000000000000000000, 1.000000000000000000, -0.000000000000000000 ) ) ;
#1588 = ORIENTED_EDGE ( 'NONE', *, *, #764, .F. ) ;
#1589 = DIRECTION ( 'NONE',  ( -1.000000000000000000, 0.000000000000000000, 0.000000000000000000 ) ) ;
#1590 = VERTEX_POINT ( 'NONE', #3463 ) ;
#1591 = DIRECTION ( 'NONE',  ( -0.000000000000000000, 1.000000000000000000, -0.000000000000000000 ) ) ;
#1592 = DIRECTION ( 'NONE',  ( 0.000000000000000000, 1.000000000000000000, 0.000000000000000000 ) ) ;
#1593 = EDGE_CURVE ( 'NONE', #3022, #3948, #4158, .T. ) ;
#1594 = LINE ( 'NONE', #4630, #1889 ) ;
#1595 = ORIENTED_EDGE ( 'NONE', *, *, #2010, .T. ) ;
#1596 = VERTEX_POINT ( 'NONE', #3439 ) ;
#1597 = CARTESIAN_POINT ( 'NONE',  ( 41.10039527254102865, 6.999999999999999112, -204.2328496799144091 ) ) ;
#1598 = CARTESIAN_POINT ( 'NONE',  ( 205.3825308168844117, 3.000000000000000000, -161.0494536524393823 ) ) ;
#1599 = DIRECTION ( 'NONE',  ( -0.000000000000000000, -1.000000000000000000, -0.000000000000000000 ) ) ;
#1600 = ORIENTED_EDGE ( 'NONE', *, *, #637, .T. ) ;
#1601 = EDGE_CURVE ( 'NONE', #4521, #1258, #3759, .T. ) ;
#1602 = LINE ( 'NONE', #3432, #534 ) ;
#1603 = CARTESIAN_POINT ( 'NONE',  ( 173.8996047274589785, 6.999999999999999112, -209.2328496799144091 ) ) ;
#1604 = LINE ( 'NONE', #3189, #1260 ) ;
#1605 = LINE ( 'NONE', #2770, #2495 ) ;
#1606 = VERTEX_POINT ( 'NONE', #4942 ) ;
#1607 = DIRECTION ( 'NONE',  ( -1.000000000000000000, 0.000000000000000000, 0.000000000000000000 ) ) ;
#1608 = ORIENTED_EDGE ( 'NONE', *, *, #2494, .F. ) ;
#1609 = CARTESIAN_POINT ( 'NONE',  ( 182.0000000000000000, 27.00000000000000000, -190.0000000000000000 ) ) ;
#1610 = ORIENTED_EDGE ( 'NONE', *, *, #4721, .T. ) ;
#1611 = CIRCLE ( 'NONE', #4414, 1.000000000000000888 ) ;
#1612 = CARTESIAN_POINT ( 'NONE',  ( 52.99999999999999289, -3.000000000000000000, -63.00000000000000000 ) ) ;
#1613 = DIRECTION ( 'NONE',  ( 0.000000000000000000, 0.000000000000000000, 1.000000000000000000 ) ) ;
#1614 = AXIS2_PLACEMENT_3D ( 'NONE', #338, #3336, #2613 ) ;
#1615 = DIRECTION ( 'NONE',  ( -0.000000000000000000, 0.000000000000000000, -1.000000000000000000 ) ) ;
#1616 = VERTEX_POINT ( 'NONE', #31 ) ;
#1617 = ORIENTED_EDGE ( 'NONE', *, *, #4467, .F. ) ;
#1618 = EDGE_CURVE ( 'NONE', #2167, #3975, #3234, .T. ) ;
#1619 = DIRECTION ( 'NONE',  ( 0.000000000000000000, 0.000000000000000000, 1.000000000000000000 ) ) ;
#1620 = CARTESIAN_POINT ( 'NONE',  ( 19.49999999999999645, 1.000000000000000000, -147.0000000000000000 ) ) ;
#1621 = EDGE_LOOP ( 'NONE', ( #2315, #4338, #1930, #801 ) ) ;
#1622 = VERTEX_POINT ( 'NONE', #716 ) ;
#1623 = ADVANCED_FACE ( 'NONE', ( #4563 ), #1124, .F. ) ;
#1624 = DIRECTION ( 'NONE',  ( -0.000000000000000000, -0.000000000000000000, 1.000000000000000000 ) ) ;
#1625 = CIRCLE ( 'NONE', #4428, 1.599999999999990319 ) ;
#1626 = EDGE_CURVE ( 'NONE', #3926, #2621, #2260, .T. ) ;
#1627 = DIRECTION ( 'NONE',  ( 1.000000000000000000, 0.000000000000000000, -5.102127870520020612E-17 ) ) ;
#1628 = VECTOR ( 'NONE', #1640, 1000.000000000000000 ) ;
#1629 = CARTESIAN_POINT ( 'NONE',  ( 34.49999999999999289, 7.000000000000000000, -167.0000000000000000 ) ) ;
#1630 = VERTEX_POINT ( 'NONE', #1052 ) ;
#1631 = LINE ( 'NONE', #4612, #841 ) ;
#1632 = VECTOR ( 'NONE', #2565, 1000.000000000000000 ) ;
#1633 = ORIENTED_EDGE ( 'NONE', *, *, #1665, .T. ) ;
#1634 = FACE_BOUND ( 'NONE', #1723, .T. ) ;
#1635 = EDGE_CURVE ( 'NONE', #2335, #492, #2666, .T. ) ;
#1636 = CARTESIAN_POINT ( 'NONE',  ( 44.00000000000000711, -93.00000000000000000, -68.00000000000000000 ) ) ;
#1637 = CARTESIAN_POINT ( 'NONE',  ( 34.49999999999999289, 7.000000000000000000, -127.0000000000000000 ) ) ;
#1638 = VERTEX_POINT ( 'NONE', #3806 ) ;
#1639 = CARTESIAN_POINT ( 'NONE',  ( 217.3049859046633401, 21.67999999999999972, -154.2000000000000171 ) ) ;
#1640 = DIRECTION ( 'NONE',  ( -0.000000000000000000, 1.000000000000000000, -0.000000000000000000 ) ) ;
#1641 = DIRECTION ( 'NONE',  ( 1.000000000000000000, 0.000000000000000000, -0.000000000000000000 ) ) ;
#1642 = ORIENTED_EDGE ( 'NONE', *, *, #2389, .F. ) ;
#1643 = VERTEX_POINT ( 'NONE', #370 ) ;
#1644 = CARTESIAN_POINT ( 'NONE',  ( 0.000000000000000000, 10.00000000000000888, -35.00000000000000000 ) ) ;
#1645 = DIRECTION ( 'NONE',  ( 0.000000000000000000, 0.000000000000000000, -1.000000000000000000 ) ) ;
#1646 = EDGE_LOOP ( 'NONE', ( #284, #1288 ) ) ;
#1647 = EDGE_CURVE ( 'NONE', #2159, #794, #1912, .T. ) ;
#1648 = CIRCLE ( 'NONE', #1157, 1.599999999999990319 ) ;
#1649 = MECHANICAL_CONTEXT ( 'NONE', #2153, 'mechanical' ) ;
#1650 = DIRECTION ( 'NONE',  ( 0.000000000000000000, 0.000000000000000000, 1.000000000000000000 ) ) ;
#1651 = VECTOR ( 'NONE', #917, 1000.000000000000000 ) ;
#1652 = DIRECTION ( 'NONE',  ( -0.000000000000000000, 1.000000000000000000, -0.000000000000000000 ) ) ;
#1653 = EDGE_LOOP ( 'NONE', ( #4207, #866, #587, #4041 ) ) ;
#1654 = CARTESIAN_POINT ( 'NONE',  ( 21.42094381732307085, 3.000000000000000000, -176.1987551511599293 ) ) ;
#1655 = EDGE_CURVE ( 'NONE', #3010, #4168, #3365, .T. ) ;
#1656 = VECTOR ( 'NONE', #3596, 1000.000000000000000 ) ;
#1657 = EDGE_LOOP ( 'NONE', ( #4685, #2880, #3969, #1588 ) ) ;
#1658 = DIRECTION ( 'NONE',  ( 0.000000000000000000, 0.000000000000000000, 1.000000000000000000 ) ) ;
#1659 = CARTESIAN_POINT ( 'NONE',  ( 185.5000000000000000, 0.000000000000000000, 0.000000000000000000 ) ) ;
#1660 = AXIS2_PLACEMENT_3D ( 'NONE', #2057, #1676, #3213 ) ;
#1661 = LINE ( 'NONE', #1967, #2114 ) ;
#1662 = VECTOR ( 'NONE', #1431, 1000.000000000000000 ) ;
#1663 = ORIENTED_EDGE ( 'NONE', *, *, #36, .F. ) ;
#1664 = EDGE_CURVE ( 'NONE', #4432, #2212, #1954, .T. ) ;
#1665 = EDGE_CURVE ( 'NONE', #1415, #4003, #3946, .T. ) ;
#1666 = DIRECTION ( 'NONE',  ( 0.000000000000000000, 1.000000000000000000, 0.000000000000000000 ) ) ;
#1667 = LINE ( 'NONE', #3150, #4576 ) ;
#1668 = CARTESIAN_POINT ( 'NONE',  ( 185.5000000000000000, 0.000000000000000000, -127.0000000000000000 ) ) ;
#1669 = ORIENTED_EDGE ( 'NONE', *, *, #4519, .T. ) ;
#1670 = EDGE_CURVE ( 'NONE', #1702, #3283, #2064, .T. ) ;
#1671 = EDGE_LOOP ( 'NONE', ( #4647, #2713 ) ) ;
#1672 = FACE_BOUND ( 'NONE', #2536, .T. ) ;
#1673 = DIRECTION ( 'NONE',  ( 0.000000000000000000, -0.8202827025396763894, -0.5719582921107139173 ) ) ;
#1674 = EDGE_LOOP ( 'NONE', ( #1846, #3091, #963, #1595 ) ) ;
#1675 = DIRECTION ( 'NONE',  ( -0.000000000000000000, -0.000000000000000000, 1.000000000000000000 ) ) ;
#1676 = DIRECTION ( 'NONE',  ( -0.000000000000000000, 1.000000000000000000, -0.000000000000000000 ) ) ;
#1677 = CARTESIAN_POINT ( 'NONE',  ( 34.49999999999999289, 1.000000000000000000, -147.0000000000000000 ) ) ;
#1678 = AXIS2_PLACEMENT_3D ( 'NONE', #1130, #2674, #752 ) ;
#1679 = ORIENTED_EDGE ( 'NONE', *, *, #915, .T. ) ;
#1680 = DIRECTION ( 'NONE',  ( 0.000000000000000000, 0.000000000000000000, -1.000000000000000000 ) ) ;
#1681 = EDGE_CURVE ( 'NONE', #1911, #2247, #3145, .T. ) ;
#1682 = CARTESIAN_POINT ( 'NONE',  ( 5.000000000000000000, 0.000000000000000000, -2.499999999999999556 ) ) ;
#1683 = FACE_OUTER_BOUND ( 'NONE', #3328, .T. ) ;
#1684 = ORIENTED_EDGE ( 'NONE', *, *, #513, .T. ) ;
#1685 = VECTOR ( 'NONE', #2859, 1000.000000000000000 ) ;
#1686 = ORIENTED_EDGE ( 'NONE', *, *, #4374, .T. ) ;
#1687 = DIRECTION ( 'NONE',  ( -1.000000000000000000, -0.000000000000000000, -0.000000000000000000 ) ) ;
#1688 = CC_DESIGN_DATE_AND_TIME_ASSIGNMENT ( #724, #4026, ( #4707 ) ) ;
#1689 = DIRECTION ( 'NONE',  ( 0.000000000000000000, 0.000000000000000000, -1.000000000000000000 ) ) ;
#1690 = CARTESIAN_POINT ( 'NONE',  ( 41.10039527254102865, -12.00099999999999767, -209.2328496799144091 ) ) ;
#1691 = CARTESIAN_POINT ( 'NONE',  ( 176.0000000000000000, -3.600000000000000089, -95.00000000000000000 ) ) ;
#1692 = ORIENTED_EDGE ( 'NONE', *, *, #3896, .F. ) ;
#1693 = ORIENTED_EDGE ( 'NONE', *, *, #3671, .F. ) ;
#1694 = EDGE_CURVE ( 'NONE', #4003, #1606, #4646, .T. ) ;
#1695 = CYLINDRICAL_SURFACE ( 'NONE', #2569, 1.000000000000000888 ) ;
#1696 = CARTESIAN_POINT ( 'NONE',  ( 34.49999999999999289, 0.4760872834403059861, -140.8723564508509867 ) ) ;
#1697 = ORIENTED_EDGE ( 'NONE', *, *, #4382, .F. ) ;
#1698 = APPLICATION_PROTOCOL_DEFINITION ( 'international standard', 'config_control_design', 1994, #2153 ) ;
#1699 = CARTESIAN_POINT ( 'NONE',  ( 198.5790561826769363, 7.000000000000000000, -176.1987551511599293 ) ) ;
#1700 = FACE_OUTER_BOUND ( 'NONE', #709, .T. ) ;
#1701 = CIRCLE ( 'NONE', #1944, 105.0000000000000000 ) ;
#1702 = VERTEX_POINT ( 'NONE', #449 ) ;
#1703 = CIRCLE ( 'NONE', #2105, 3.000000000000002665 ) ;
#1704 = FACE_OUTER_BOUND ( 'NONE', #2200, .T. ) ;
#1705 = ORIENTED_EDGE ( 'NONE', *, *, #4157, .F. ) ;
#1706 = AXIS2_PLACEMENT_3D ( 'NONE', #2707, #3478, #3275 ) ;
#1707 = VECTOR ( 'NONE', #1421, 1000.000000000000000 ) ;
#1708 = CARTESIAN_POINT ( 'NONE',  ( 110.0000000000000000, 0.000000000000000000, -130.0000000000000000 ) ) ;
#1709 = CARTESIAN_POINT ( 'NONE',  ( 21.42094381732307085, 3.000000000000000000, -176.1987551511599293 ) ) ;
#1710 = FACE_BOUND ( 'NONE', #2802, .T. ) ;
#1711 = ORIENTED_EDGE ( 'NONE', *, *, #2435, .T. ) ;
#1712 = VECTOR ( 'NONE', #472, 1000.000000000000000 ) ;
#1713 = EDGE_CURVE ( 'NONE', #4351, #3398, #1994, .T. ) ;
#1714 = DIRECTION ( 'NONE',  ( 0.000000000000000000, 0.000000000000000000, 1.000000000000000000 ) ) ;
#1715 = DIRECTION ( 'NONE',  ( 0.000000000000000000, 0.000000000000000000, 1.000000000000000000 ) ) ;
#1716 = ORIENTED_EDGE ( 'NONE', *, *, #2980, .F. ) ;
#1717 = ORIENTED_EDGE ( 'NONE', *, *, #1626, .F. ) ;
#1718 = EDGE_CURVE ( 'NONE', #809, #1502, #1661, .T. ) ;
#1719 = EDGE_LOOP ( 'NONE', ( #914, #3892, #4258, #4850 ) ) ;
#1720 = ORIENTED_EDGE ( 'NONE', *, *, #2954, .F. ) ;
#1721 = DIRECTION ( 'NONE',  ( 0.000000000000000000, -0.8202827025396763894, -0.5719582921107139173 ) ) ;
#1722 = DIRECTION ( 'NONE',  ( -0.000000000000000000, 1.000000000000000000, -0.000000000000000000 ) ) ;
#1723 = EDGE_LOOP ( 'NONE', ( #4303, #3346 ) ) ;
#1724 = EDGE_CURVE ( 'NONE', #4923, #2069, #129, .T. ) ;
#1725 = PLANE ( 'NONE',  #2101 ) ;
#1726 = CARTESIAN_POINT ( 'NONE',  ( 220.0000000000000000, 87.00000000000001421, 0.000000000000000000 ) ) ;
#1727 = CARTESIAN_POINT ( 'NONE',  ( 52.99999999999999289, -3.000000000000000000, -63.00000000000000000 ) ) ;
#1728 = VERTEX_POINT ( 'NONE', #4315 ) ;
#1729 = CARTESIAN_POINT ( 'NONE',  ( 41.10039527254102865, 0.000000000000000000, -209.2328496799144091 ) ) ;
#1730 = AXIS2_PLACEMENT_3D ( 'NONE', #875, #3517, #3485 ) ;
#1731 = CARTESIAN_POINT ( 'NONE',  ( 182.5934105096588382, 87.00000000000001421, -205.8630130602268764 ) ) ;
#1732 = DIRECTION ( 'NONE',  ( 1.000000000000000000, 0.000000000000000000, 0.000000000000000000 ) ) ;
#1733 = ORIENTED_EDGE ( 'NONE', *, *, #4221, .T. ) ;
#1734 = AXIS2_PLACEMENT_3D ( 'NONE', #1747, #213, #3282 ) ;
#1735 = VECTOR ( 'NONE', #1210, 1000.000000000000000 ) ;
#1736 = CARTESIAN_POINT ( 'NONE',  ( 220.0000000000000000, 7.000000000000000000, 0.000000000000000000 ) ) ;
#1737 = CARTESIAN_POINT ( 'NONE',  ( 52.99999999999999289, 7.000000000000000000, -61.40000000000000568 ) ) ;
#1738 = EDGE_LOOP ( 'NONE', ( #345, #1902, #4169, #380 ) ) ;
#1739 = FACE_OUTER_BOUND ( 'NONE', #4470, .T. ) ;
#1740 = VECTOR ( 'NONE', #2581, 1000.000000000000000 ) ;
#1741 = AXIS2_PLACEMENT_3D ( 'NONE', #901, #521, #2063 ) ;
#1742 = ORIENTED_EDGE ( 'NONE', *, *, #1942, .T. ) ;
#1743 = DESIGN_CONTEXT ( 'detailed design', #2662, 'design' ) ;
#1744 = ADVANCED_FACE ( 'NONE', ( #4263 ), #105, .F. ) ;
#1745 = DIRECTION ( 'NONE',  ( 0.000000000000000000, -1.000000000000000000, 0.000000000000000000 ) ) ;
#1746 = DIRECTION ( 'NONE',  ( -0.000000000000000000, 1.000000000000000000, -0.000000000000000000 ) ) ;
#1747 = CARTESIAN_POINT ( 'NONE',  ( 166.9999999999999716, 3.000000000000000000, -63.00000000000000000 ) ) ;
#1748 = ORIENTED_EDGE ( 'NONE', *, *, #2640, .F. ) ;
#1749 = VECTOR ( 'NONE', #77, 1000.000000000000000 ) ;
#1750 = ADVANCED_FACE ( 'NONE', ( #3960 ), #855, .T. ) ;
#1751 = LINE ( 'NONE', #1374, #2182 ) ;
#1752 = CARTESIAN_POINT ( 'NONE',  ( 44.00000000000000711, -12.00000000000000000, -95.00000000000000000 ) ) ;
#1753 = EDGE_CURVE ( 'NONE', #3915, #1877, #3520, .T. ) ;
#1754 = PLANE ( 'NONE',  #2130 ) ;
#1755 = ORIENTED_EDGE ( 'NONE', *, *, #3944, .F. ) ;
#1756 = EDGE_CURVE ( 'NONE', #842, #815, #3908, .T. ) ;
#1757 = CARTESIAN_POINT ( 'NONE',  ( 153.0000000000000000, 7.000000000000000000, -63.00000000000000000 ) ) ;
#1758 = CARTESIAN_POINT ( 'NONE',  ( 182.0000000000000000, 27.00000000000000000, -190.0000000000000000 ) ) ;
#1759 = LINE ( 'NONE', #2516, #109 ) ;
#1760 = ADVANCED_FACE ( 'NONE', ( #1177 ), #496, .F. ) ;
#1761 = DIRECTION ( 'NONE',  ( -1.000000000000000000, 0.000000000000000000, 0.000000000000000000 ) ) ;
#1762 = PLANE ( 'NONE',  #2471 ) ;
#1763 = ORIENTED_EDGE ( 'NONE', *, *, #947, .T. ) ;
#1764 = DIRECTION ( 'NONE',  ( -0.000000000000000000, -1.000000000000000000, -0.000000000000000000 ) ) ;
#1765 = B_SPLINE_CURVE_WITH_KNOTS ( 'NONE', 3,
 ( #1639, #3174, #2071, #1285, #4700, #2804, #2416, #3594, #3938, #158, #2829, #501, #4341, #4869, #1032, #250, #4469, #3830, #2567, #1812, #3345, #3689, #1908, #3088, #4088, #4493, #1007, #1438 ),
 .UNSPECIFIED., .F., .F.,
 ( 4, 2, 2, 2, 2, 2, 2, 2, 2, 2, 2, 2, 2, 4 ),
 ( 0.000000000000000000, 0.0003072989422458652733, 0.0006145978844917305466, 0.0009218968267375957657, 0.001229195768983461093, 0.001843793653475119540, 0.002458391537966778204, 0.002765690480212617403, 0.003072989422458456167, 0.003380288364704295365, 0.003687587306950134130, 0.004302185191441805154, 0.004609484133687620500, 0.004916783075933434978 ),
 .UNSPECIFIED. ) ;
#1766 = EDGE_LOOP ( 'NONE', ( #979, #4742 ) ) ;
#1767 = DIRECTION ( 'NONE',  ( -0.000000000000000000, -1.000000000000000000, -0.000000000000000000 ) ) ;
#1768 = DIRECTION ( 'NONE',  ( -0.000000000000000000, 1.000000000000000000, -0.000000000000000000 ) ) ;
#1769 = CARTESIAN_POINT ( 'NONE',  ( 220.0000000000000000, 9.999999999999994671, -75.00000000000001421 ) ) ;
#1770 = ORIENTED_EDGE ( 'NONE', *, *, #3725, .T. ) ;
#1771 = EDGE_CURVE ( 'NONE', #4511, #617, #3092, .T. ) ;
#1772 = VERTEX_POINT ( 'NONE', #3170 ) ;
#1773 = COORDINATED_UNIVERSAL_TIME_OFFSET ( 7, 0, .AHEAD. ) ;
#1774 = VERTEX_POINT ( 'NONE', #4695 ) ;
#1775 = CARTESIAN_POINT ( 'NONE',  ( 153.0000000000000000, 7.000000000000000000, -63.00000000000000000 ) ) ;
#1776 = CARTESIAN_POINT ( 'NONE',  ( 44.00000000000000711, 7.000000000000000000, -95.00000000000000000 ) ) ;
#1777 = DIRECTION ( 'NONE',  ( -4.081702296416016983E-16, 0.000000000000000000, -1.000000000000000000 ) ) ;
#1778 = CIRCLE ( 'NONE', #2512, 2.499999999999995115 ) ;
#1779 = EDGE_CURVE ( 'NONE', #2247, #3205, #2721, .T. ) ;
#1780 = EDGE_LOOP ( 'NONE', ( #1586, #2268, #438, #4117 ) ) ;
#1781 = ADVANCED_FACE ( 'NONE', ( #3857 ), #2799, .F. ) ;
#1782 = CARTESIAN_POINT ( 'NONE',  ( 178.8996047274589785, 0.000000000000000000, -209.2328496799144091 ) ) ;
#1783 = VECTOR ( 'NONE', #4763, 1000.000000000000000 ) ;
#1784 = DIRECTION ( 'NONE',  ( 0.000000000000000000, 0.000000000000000000, 1.000000000000000000 ) ) ;
#1785 = PLANE ( 'NONE',  #185 ) ;
#1786 = VECTOR ( 'NONE', #3034, 1000.000000000000000 ) ;
#1787 = EDGE_CURVE ( 'NONE', #1799, #162, #3565, .T. ) ;
#1788 = CARTESIAN_POINT ( 'NONE',  ( 52.99999999999999289, 3.000000000000000000, -63.00000000000000000 ) ) ;
#1789 = AXIS2_PLACEMENT_3D ( 'NONE', #3449, #4339, #1137 ) ;
#1790 = CARTESIAN_POINT ( 'NONE',  ( 219.6150470326076913, 20.44725158176780155, -139.1950314686273202 ) ) ;
#1791 = VERTEX_POINT ( 'NONE', #2363 ) ;
#1792 = ORIENTED_EDGE ( 'NONE', *, *, #2542, .T. ) ;
#1793 = VECTOR ( 'NONE', #1559, 1000.000000000000000 ) ;
#1794 = EDGE_LOOP ( 'NONE', ( #4233, #1036, #4238, #4075 ) ) ;
#1795 = DIRECTION ( 'NONE',  ( 0.000000000000000000, 1.000000000000000000, 0.000000000000000000 ) ) ;
#1796 = CARTESIAN_POINT ( 'NONE',  ( 12.21201217305250175, 3.000000000000000000, -163.8421545680241422 ) ) ;
#1797 = LINE ( 'NONE', #701, #2783 ) ;
#1798 = ORIENTED_EDGE ( 'NONE', *, *, #2923, .F. ) ;
#1799 = VERTEX_POINT ( 'NONE', #2922 ) ;
#1800 = CARTESIAN_POINT ( 'NONE',  ( 24.49999999999999289, 1.523912716559723490, -153.1276435491489281 ) ) ;
#1801 = FACE_OUTER_BOUND ( 'NONE', #1422, .T. ) ;
#1802 = EDGE_CURVE ( 'NONE', #58, #2166, #1392, .T. ) ;
#1803 = PLANE ( 'NONE',  #2534 ) ;
#1804 = CARTESIAN_POINT ( 'NONE',  ( 24.49999999999999289, 6.568651337178705418, -149.6101000526680593 ) ) ;
#1805 = ORIENTED_EDGE ( 'NONE', *, *, #771, .F. ) ;
#1806 = CARTESIAN_POINT ( 'NONE',  ( -3.877617181595213185E-14, 0.000000000000000000, -94.99999999999992895 ) ) ;
#1807 = LINE ( 'NONE', #3042, #3628 ) ;
#1808 = ADVANCED_FACE ( 'NONE', ( #642 ), #2897, .F. ) ;
#1809 = VECTOR ( 'NONE', #4274, 1000.000000000000000 ) ;
#1810 = DIRECTION ( 'NONE',  ( 0.000000000000000000, 1.000000000000000000, -0.000000000000000000 ) ) ;
#1811 = CIRCLE ( 'NONE', #3887, 1.599999999999997202 ) ;
#1812 = CARTESIAN_POINT ( 'NONE',  ( 216.7135315880820485, 22.91830411697413439, -156.6876302502881799 ) ) ;
#1813 = VERTEX_POINT ( 'NONE', #3611 ) ;
#1814 = ADVANCED_FACE ( 'NONE', ( #977 ), #3637, .F. ) ;
#1815 = ORIENTED_EDGE ( 'NONE', *, *, #2765, .F. ) ;
#1816 = AXIS2_PLACEMENT_3D ( 'NONE', #3119, #4694, #4671 ) ;
#1817 = ORIENTED_EDGE ( 'NONE', *, *, #2119, .F. ) ;
#1818 = VECTOR ( 'NONE', #3008, 1000.000000000000000 ) ;
#1819 = CARTESIAN_POINT ( 'NONE',  ( 219.6150919109547317, 22.91313173079729992, -139.1944938834471373 ) ) ;
#1820 = CARTESIAN_POINT ( 'NONE',  ( 153.0000000000000000, 7.000000000000000000, -64.59999999999999432 ) ) ;
#1821 = ADVANCED_FACE ( 'NONE', ( #2136 ), #248, .F. ) ;
#1822 = ORIENTED_EDGE ( 'NONE', *, *, #1453, .T. ) ;
#1823 = AXIS2_PLACEMENT_3D ( 'NONE', #2941, #3382, #2207 ) ;
#1824 = CARTESIAN_POINT ( 'NONE',  ( 5.000000000000000000, 0.000000000000000000, -7.500000000000000888 ) ) ;
#1825 = EDGE_LOOP ( 'NONE', ( #4595, #2027, #2346, #2951, #4219, #2499 ) ) ;
#1826 = AXIS2_PLACEMENT_3D ( 'NONE', #95, #3603, #3237 ) ;
#1827 = ORIENTED_EDGE ( 'NONE', *, *, #2833, .T. ) ;
#1828 = CYLINDRICAL_SURFACE ( 'NONE', #1789, 104.9999999999999858 ) ;
#1829 = LINE ( 'NONE', #3702, #1740 ) ;
#1830 = DIRECTION ( 'NONE',  ( 0.000000000000000000, 0.000000000000000000, 1.000000000000000000 ) ) ;
#1831 = VERTEX_POINT ( 'NONE', #621 ) ;
#1832 = DIRECTION ( 'NONE',  ( 0.000000000000000000, 1.000000000000000000, 0.000000000000000000 ) ) ;
#1833 = FACE_OUTER_BOUND ( 'NONE', #2904, .T. ) ;
#1834 = PLANE ( 'NONE',  #657 ) ;
#1835 = ADVANCED_FACE ( 'NONE', ( #199 ), #3662, .F. ) ;
#1836 = DIRECTION ( 'NONE',  ( 0.000000000000000000, -0.5719582921107139173, 0.8202827025396763894 ) ) ;
#1837 = VERTEX_POINT ( 'NONE', #4466 ) ;
#1838 = CARTESIAN_POINT ( 'NONE',  ( 152.9999999999999716, 7.000000000000000000, -48.59999999999998721 ) ) ;
#1839 = VERTEX_POINT ( 'NONE', #2874 ) ;
#1840 = CARTESIAN_POINT ( 'NONE',  ( 219.6290420944742436, 23.02518160288653348, -139.0266395667385666 ) ) ;
#1841 = DIRECTION ( 'NONE',  ( 0.000000000000000000, -0.1961161351381842111, -0.9805806756909202226 ) ) ;
#1842 = ORIENTED_EDGE ( 'NONE', *, *, #2771, .T. ) ;
#1843 = DIRECTION ( 'NONE',  ( 0.000000000000000000, 0.000000000000000000, -1.000000000000000000 ) ) ;
#1844 = VERTEX_POINT ( 'NONE', #3247 ) ;
#1845 = EDGE_CURVE ( 'NONE', #3642, #1562, #956, .T. ) ;
#1846 = ORIENTED_EDGE ( 'NONE', *, *, #398, .F. ) ;
#1847 = FACE_OUTER_BOUND ( 'NONE', #2014, .T. ) ;
#1848 = CYLINDRICAL_SURFACE ( 'NONE', #4299, 1.549999999999995826 ) ;
#1849 = DIRECTION ( 'NONE',  ( 0.000000000000000000, 0.4244065126289539580, 0.9054717621428785002 ) ) ;
#1850 = ORIENTED_EDGE ( 'NONE', *, *, #1896, .T. ) ;
#1851 = FACE_OUTER_BOUND ( 'NONE', #2963, .T. ) ;
#1852 = CARTESIAN_POINT ( 'NONE',  ( 217.2954369570408630, 21.26604134707525162, -154.2424380976354144 ) ) ;
#1853 = CARTESIAN_POINT ( 'NONE',  ( 34.49999999999999289, 0.000000000000000000, -167.0000000000000000 ) ) ;
#1854 = AXIS2_PLACEMENT_3D ( 'NONE', #2266, #3472, #3789 ) ;
#1855 = ORIENTED_EDGE ( 'NONE', *, *, #3013, .T. ) ;
#1856 = LINE ( 'NONE', #2995, #498 ) ;
#1857 = VERTEX_POINT ( 'NONE', #3987 ) ;
#1858 = ADVANCED_FACE ( 'NONE', ( #1683, #1710, #2490 ), #1785, .T. ) ;
#1859 = AXIS2_PLACEMENT_3D ( 'NONE', #4018, #3643, #4042 ) ;
#1860 = CARTESIAN_POINT ( 'NONE',  ( 198.5790561826769363, -3.000000000000000000, -176.1987551511599293 ) ) ;
#1861 = ORIENTED_EDGE ( 'NONE', *, *, #4497, .F. ) ;
#1862 = VECTOR ( 'NONE', #2852, 1000.000000000000000 ) ;
#1863 = PERSON_AND_ORGANIZATION ( #2957, #2550 ) ;
#1864 = VECTOR ( 'NONE', #4342, 1000.000000000000000 ) ;
#1865 = CARTESIAN_POINT ( 'NONE',  ( 219.7577112109905499, 22.92005217177257492, -137.2983165421910883 ) ) ;
#1866 = LINE ( 'NONE', #4551, #2025 ) ;
#1867 = EDGE_CURVE ( 'NONE', #2399, #632, #1759, .T. ) ;
#1868 = ORIENTED_EDGE ( 'NONE', *, *, #477, .F. ) ;
#1869 = DIRECTION ( 'NONE',  ( -0.000000000000000000, 1.000000000000000000, -0.000000000000000000 ) ) ;
#1870 = ORIENTED_EDGE ( 'NONE', *, *, #125, .F. ) ;
#1871 = AXIS2_PLACEMENT_3D ( 'NONE', #2382, #1959, #488 ) ;
#1872 = VERTEX_POINT ( 'NONE', #3686 ) ;
#1873 = ORIENTED_EDGE ( 'NONE', *, *, #796, .F. ) ;
#1874 = DIRECTION ( 'NONE',  ( 1.020425574104004246E-16, 0.000000000000000000, 1.000000000000000000 ) ) ;
#1875 = DIRECTION ( 'NONE',  ( -0.000000000000000000, 1.000000000000000000, -0.000000000000000000 ) ) ;
#1876 = DIRECTION ( 'NONE',  ( -1.000000000000000000, 0.000000000000000000, 0.000000000000000000 ) ) ;
#1877 = VERTEX_POINT ( 'NONE', #3315 ) ;
#1878 = EDGE_CURVE ( 'NONE', #2212, #2117, #4796, .T. ) ;
#1879 = DIRECTION ( 'NONE',  ( -0.000000000000000000, -1.000000000000000000, -0.000000000000000000 ) ) ;
#1880 = CARTESIAN_POINT ( 'NONE',  ( 216.7135873660962488, 20.44150749825979574, -156.6874079685416916 ) ) ;
#1881 = CARTESIAN_POINT ( 'NONE',  ( 67.00000000000000000, 3.000000000000000000, -48.60000000000000142 ) ) ;
#1882 = DIRECTION ( 'NONE',  ( 1.000000000000000000, 0.000000000000000000, 0.000000000000000000 ) ) ;
#1883 = ORIENTED_EDGE ( 'NONE', *, *, #3952, .T. ) ;
#1884 = AXIS2_PLACEMENT_3D ( 'NONE', #2316, #1235, #3099 ) ;
#1885 = AXIS2_PLACEMENT_3D ( 'NONE', #1620, #436, #1645 ) ;
#1886 = DIRECTION ( 'NONE',  ( -1.000000000000000000, -0.000000000000000000, -0.000000000000000000 ) ) ;
#1887 = ORIENTED_EDGE ( 'NONE', *, *, #3172, .T. ) ;
#1888 = COORDINATED_UNIVERSAL_TIME_OFFSET ( 7, 0, .AHEAD. ) ;
#1889 = VECTOR ( 'NONE', #87, 1000.000000000000000 ) ;
#1890 = DIRECTION ( 'NONE',  ( 0.000000000000000000, 0.000000000000000000, 1.000000000000000000 ) ) ;
#1891 = FACE_OUTER_BOUND ( 'NONE', #1389, .T. ) ;
#1892 = CARTESIAN_POINT ( 'NONE',  ( 41.10039527254102865, 87.00000000000001421, -209.2328496799144091 ) ) ;
#1893 = VERTEX_POINT ( 'NONE', #2849 ) ;
#1894 = VECTOR ( 'NONE', #1360, 1000.000000000000000 ) ;
#1895 = EDGE_LOOP ( 'NONE', ( #4615, #2224, #432, #2017 ) ) ;
#1896 = EDGE_CURVE ( 'NONE', #4095, #1791, #1408, .T. ) ;
#1897 = VECTOR ( 'NONE', #382, 1000.000000000000000 ) ;
#1898 = DIRECTION ( 'NONE',  ( 5.782411586589358625E-16, 0.000000000000000000, -1.000000000000000000 ) ) ;
#1899 = VECTOR ( 'NONE', #4663, 1000.000000000000000 ) ;
#1900 = DIRECTION ( 'NONE',  ( 0.000000000000000000, 0.000000000000000000, -1.000000000000000000 ) ) ;
#1901 = CARTESIAN_POINT ( 'NONE',  ( 210.5500000000000114, 21.67999999999999972, -138.2500000000000000 ) ) ;
#1902 = ORIENTED_EDGE ( 'NONE', *, *, #1670, .T. ) ;
#1903 = CIRCLE ( 'NONE', #1826, 5.000000000000004441 ) ;
#1904 = PLANE ( 'NONE',  #4065 ) ;
#1905 = EDGE_CURVE ( 'NONE', #2362, #3398, #2945, .T. ) ;
#1906 = CARTESIAN_POINT ( 'NONE',  ( 191.7000000000000171, -3.000000000000000000, -135.7500000000000000 ) ) ;
#1907 = CARTESIAN_POINT ( 'NONE',  ( 34.49999999999999289, 7.000000000000000000, -127.0000000000000000 ) ) ;
#1908 = CARTESIAN_POINT ( 'NONE',  ( 216.6096955118775611, 22.46979818077996072, -157.0994386218301599 ) ) ;
#1909 = AXIS2_PLACEMENT_3D ( 'NONE', #541, #4056, #970 ) ;
#1910 = ADVANCED_FACE ( 'NONE', ( #2112 ), #4816, .F. ) ;
#1911 = VERTEX_POINT ( 'NONE', #1308 ) ;
#1912 = LINE ( 'NONE', #4114, #1142 ) ;
#1913 = ORIENTED_EDGE ( 'NONE', *, *, #3954, .F. ) ;
#1914 = FACE_OUTER_BOUND ( 'NONE', #2044, .T. ) ;
#1915 = ORIENTED_EDGE ( 'NONE', *, *, #4221, .F. ) ;
#1916 = CARTESIAN_POINT ( 'NONE',  ( 191.7000000000000171, -3.000000000000000000, -158.2500000000000000 ) ) ;
#1917 = DIRECTION ( 'NONE',  ( 0.000000000000000000, 1.000000000000000000, -0.000000000000000000 ) ) ;
#1918 = DIRECTION ( 'NONE',  ( 0.000000000000000000, 0.000000000000000000, 1.000000000000000000 ) ) ;
#1919 = ORIENTED_EDGE ( 'NONE', *, *, #1925, .F. ) ;
#1920 = EDGE_LOOP ( 'NONE', ( #4659, #7, #4573, #4236 ) ) ;
#1921 = CARTESIAN_POINT ( 'NONE',  ( 245.5500000000000114, 21.67999999999999972, -154.2000000000000171 ) ) ;
#1922 = LINE ( 'NONE', #2350, #2220 ) ;
#1923 = DIRECTION ( 'NONE',  ( -1.000000000000000000, -0.000000000000000000, -4.785444071660156958E-16 ) ) ;
#1924 = ORIENTED_EDGE ( 'NONE', *, *, #4639, .F. ) ;
#1925 = EDGE_CURVE ( 'NONE', #2423, #626, #930, .T. ) ;
#1926 = AXIS2_PLACEMENT_3D ( 'NONE', #1292, #4803, #2906 ) ;
#1927 = CARTESIAN_POINT ( 'NONE',  ( 182.0000000000000000, 27.00000000000000000, -190.0000000000000000 ) ) ;
#1928 = FACE_OUTER_BOUND ( 'NONE', #4861, .T. ) ;
#1929 = VECTOR ( 'NONE', #1721, 1000.000000000000000 ) ;
#1930 = ORIENTED_EDGE ( 'NONE', *, *, #3821, .T. ) ;
#1931 = CARTESIAN_POINT ( 'NONE',  ( 0.000000000000000000, 0.000000000000000000, -130.0000000000000000 ) ) ;
#1932 = CARTESIAN_POINT ( 'NONE',  ( 219.7623373425354600, 20.51084923256895465, -137.2273412033692352 ) ) ;
#1933 = ADVANCED_FACE ( 'NONE', ( #3434 ), #2992, .F. ) ;
#1934 = EDGE_CURVE ( 'NONE', #4005, #2215, #1459, .T. ) ;
#1935 = ORIENTED_EDGE ( 'NONE', *, *, #4293, .F. ) ;
#1936 = CARTESIAN_POINT ( 'NONE',  ( 0.000000000000000000, 87.00000000000001421, 0.000000000000000000 ) ) ;
#1937 = FACE_OUTER_BOUND ( 'NONE', #240, .T. ) ;
#1938 = AXIS2_PLACEMENT_3D ( 'NONE', #2039, #1224, #4689 ) ;
#1939 = ORIENTED_EDGE ( 'NONE', *, *, #1845, .F. ) ;
#1940 = DIRECTION ( 'NONE',  ( 0.000000000000000000, 0.000000000000000000, 1.000000000000000000 ) ) ;
#1941 = AXIS2_PLACEMENT_3D ( 'NONE', #4788, #3604, #4808 ) ;
#1942 = EDGE_CURVE ( 'NONE', #2870, #4511, #4913, .T. ) ;
#1943 = ORIENTED_EDGE ( 'NONE', *, *, #3466, .F. ) ;
#1944 = AXIS2_PLACEMENT_3D ( 'NONE', #996, #3557, #1650 ) ;
#1945 = CARTESIAN_POINT ( 'NONE',  ( 166.9999999999999716, -3.000000000000000000, -63.00000000000000000 ) ) ;
#1946 = DIRECTION ( 'NONE',  ( 0.000000000000000000, 0.000000000000000000, 1.000000000000000000 ) ) ;
#1947 = DIRECTION ( 'NONE',  ( -0.000000000000000000, -1.000000000000000000, -0.000000000000000000 ) ) ;
#1948 = ORIENTED_EDGE ( 'NONE', *, *, #4083, .F. ) ;
#1949 = AXIS2_PLACEMENT_3D ( 'NONE', #775, #1882, #1074 ) ;
#1950 = CIRCLE ( 'NONE', #2342, 7.849999999999996092 ) ;
#1951 = ORIENTED_EDGE ( 'NONE', *, *, #784, .T. ) ;
#1952 = LINE ( 'NONE', #3056, #4587 ) ;
#1953 = DIRECTION ( 'NONE',  ( 0.000000000000000000, -1.000000000000000000, 0.000000000000000000 ) ) ;
#1954 = CIRCLE ( 'NONE', #4512, 8.000000000000007105 ) ;
#1955 = DIRECTION ( 'NONE',  ( -0.000000000000000000, 1.000000000000000000, -0.000000000000000000 ) ) ;
#1956 = VERTEX_POINT ( 'NONE', #1051 ) ;
#1957 = DIRECTION ( 'NONE',  ( 0.000000000000000000, 0.000000000000000000, -1.000000000000000000 ) ) ;
#1958 = DIRECTION ( 'NONE',  ( 0.000000000000000000, 0.000000000000000000, -1.000000000000000000 ) ) ;
#1959 = DIRECTION ( 'NONE',  ( 0.000000000000000000, 1.000000000000000000, 0.000000000000000000 ) ) ;
#1960 = DIRECTION ( 'NONE',  ( 0.000000000000000000, 0.8202827025396765004, 0.5719582921107135842 ) ) ;
#1961 = AXIS2_PLACEMENT_3D ( 'NONE', #1612, #3788, #4569 ) ;
#1962 = ORIENTED_EDGE ( 'NONE', *, *, #1092, .F. ) ;
#1963 = EDGE_CURVE ( 'NONE', #3724, #870, #1807, .T. ) ;
#1964 = CIRCLE ( 'NONE', #1237, 1.599999999999997202 ) ;
#1965 = CYLINDRICAL_SURFACE ( 'NONE', #2462, 6.999999999999978684 ) ;
#1966 = VERTEX_POINT ( 'NONE', #1881 ) ;
#1967 = CARTESIAN_POINT ( 'NONE',  ( 34.49999999999999289, 6.568651337178705418, -149.6101000526680593 ) ) ;
#1968 = ORIENTED_EDGE ( 'NONE', *, *, #4960, .T. ) ;
#1969 = DIRECTION ( 'NONE',  ( 0.000000000000000000, 0.000000000000000000, 1.000000000000000000 ) ) ;
#1970 = ORIENTED_EDGE ( 'NONE', *, *, #1118, .T. ) ;
#1971 = EDGE_CURVE ( 'NONE', #2955, #3771, #4936, .T. ) ;
#1972 = CYLINDRICAL_SURFACE ( 'NONE', #4296, 7.849999999999996092 ) ;
#1973 = DIRECTION ( 'NONE',  ( 0.000000000000000000, 0.000000000000000000, 1.000000000000000000 ) ) ;
#1974 = FACE_OUTER_BOUND ( 'NONE', #613, .T. ) ;
#1975 = ORIENTED_EDGE ( 'NONE', *, *, #205, .F. ) ;
#1976 = AXIS2_PLACEMENT_3D ( 'NONE', #1302, #925, #2461 ) ;
#1977 = VERTEX_POINT ( 'NONE', #1073 ) ;
#1978 = CARTESIAN_POINT ( 'NONE',  ( 210.0000000000000284, 87.00000000000001421, -5.000000000000000000 ) ) ;
#1979 = CARTESIAN_POINT ( 'NONE',  ( 152.9999999999999716, -3.000000000000000000, -48.59999999999998721 ) ) ;
#1980 = VECTOR ( 'NONE', #4121, 1000.000000000000000 ) ;
#1981 = CARTESIAN_POINT ( 'NONE',  ( 215.0000000000000000, 87.00000000000000000, -35.00000000000004263 ) ) ;
#1982 = ORIENTED_EDGE ( 'NONE', *, *, #4111, .T. ) ;
#1983 = CARTESIAN_POINT ( 'NONE',  ( 5.000000000000000000, 87.00000000000001421, -75.00000000000001421 ) ) ;
#1984 = VECTOR ( 'NONE', #174, 1000.000000000000000 ) ;
#1985 = CARTESIAN_POINT ( 'NONE',  ( 34.49999999999999289, 6.999999999999993783, -151.5000000000000284 ) ) ;
#1986 = LINE ( 'NONE', #3516, #1749 ) ;
#1987 = ORIENTED_EDGE ( 'NONE', *, *, #4038, .T. ) ;
#1988 = PLANE ( 'NONE',  #2656 ) ;
#1989 = VECTOR ( 'NONE', #1953, 1000.000000000000000 ) ;
#1990 = VECTOR ( 'NONE', #3514, 1000.000000000000000 ) ;
#1991 = ORIENTED_EDGE ( 'NONE', *, *, #2369, .F. ) ;
#1992 = DIRECTION ( 'NONE',  ( 0.000000000000000000, 0.000000000000000000, -1.000000000000000000 ) ) ;
#1993 = ORIENTED_EDGE ( 'NONE', *, *, #4285, .T. ) ;
#1994 = LINE ( 'NONE', #81, #2996 ) ;
#1995 = VERTEX_POINT ( 'NONE', #3016 ) ;
#1996 = FACE_OUTER_BOUND ( 'NONE', #828, .T. ) ;
#1997 = EDGE_CURVE ( 'NONE', #1844, #2348, #313, .T. ) ;
#1998 = DIRECTION ( 'NONE',  ( -0.000000000000000000, 1.000000000000000000, -0.000000000000000000 ) ) ;
#1999 = DIRECTION ( 'NONE',  ( 0.000000000000000000, 1.000000000000000000, 0.000000000000000000 ) ) ;
#2000 = DIRECTION ( 'NONE',  ( 1.000000000000000000, 0.000000000000000000, 0.000000000000000000 ) ) ;
#2001 = VERTEX_POINT ( 'NONE', #3803 ) ;
#2002 = EDGE_CURVE ( 'NONE', #1493, #3744, #4909, .T. ) ;
#2003 = EDGE_CURVE ( 'NONE', #2078, #4547, #2614, .T. ) ;
#2004 = EDGE_LOOP ( 'NONE', ( #826, #1230, #117, #2452 ) ) ;
#2005 = EDGE_LOOP ( 'NONE', ( #961, #4311, #2769, #2910 ) ) ;
#2006 = FACE_OUTER_BOUND ( 'NONE', #1511, .T. ) ;
#2007 = VECTOR ( 'NONE', #3966, 1000.000000000000000 ) ;
#2008 = CARTESIAN_POINT ( 'NONE',  ( 24.49999999999999289, -4.044738620619069636, -150.5175434964809256 ) ) ;
#2009 = VERTEX_POINT ( 'NONE', #3711 ) ;
#2010 = EDGE_CURVE ( 'NONE', #3355, #2999, #738, .T. ) ;
#2011 = CARTESIAN_POINT ( 'NONE',  ( 0.000000000000000000, 87.00000000000001421, -130.0000000000000000 ) ) ;
#2012 = LINE ( 'NONE', #4687, #4256 ) ;
#2013 = DIRECTION ( 'NONE',  ( 0.000000000000000000, 0.000000000000000000, -1.000000000000000000 ) ) ;
#2014 = EDGE_LOOP ( 'NONE', ( #3391, #4553, #2177, #2199 ) ) ;
#2015 = DIRECTION ( 'NONE',  ( 0.000000000000000000, 0.000000000000000000, -1.000000000000000000 ) ) ;
#2016 = ORIENTED_EDGE ( 'NONE', *, *, #335, .F. ) ;
#2017 = ORIENTED_EDGE ( 'NONE', *, *, #733, .T. ) ;
#2018 = CARTESIAN_POINT ( 'NONE',  ( 52.99999999999999289, 3.000000000000000000, -61.40000000000000568 ) ) ;
#2019 = CARTESIAN_POINT ( 'NONE',  ( 19.49999999999999645, 7.000000000000000000, -151.5000000000000284 ) ) ;
#2020 = ORIENTED_EDGE ( 'NONE', *, *, #3284, .F. ) ;
#2021 = AXIS2_PLACEMENT_3D ( 'NONE', #2434, #2741, #3955 ) ;
#2022 = ADVANCED_FACE ( 'NONE', ( #1528 ), #294, .F. ) ;
#2023 = FACE_OUTER_BOUND ( 'NONE', #474, .T. ) ;
#2024 = DIRECTION ( 'NONE',  ( -0.000000000000000000, 1.000000000000000000, -0.000000000000000000 ) ) ;
#2025 = VECTOR ( 'NONE', #2624, 1000.000000000000000 ) ;
#2026 = CARTESIAN_POINT ( 'NONE',  ( 66.99999999999998579, 3.000000000000000000, -63.00000000000000000 ) ) ;
#2027 = ORIENTED_EDGE ( 'NONE', *, *, #3888, .F. ) ;
#2028 = VERTEX_POINT ( 'NONE', #3736 ) ;
#2029 = ADVANCED_FACE ( 'NONE', ( #4540 ), #3756, .T. ) ;
#2030 = CARTESIAN_POINT ( 'NONE',  ( 176.0000000000000000, -3.000000000000000000, -41.99999999999999289 ) ) ;
#2031 = CARTESIAN_POINT ( 'NONE',  ( 66.99999999999998579, 3.000000000000000000, -63.00000000000000000 ) ) ;
#2032 = VERTEX_POINT ( 'NONE', #2636 ) ;
#2033 = VECTOR ( 'NONE', #2194, 1000.000000000000000 ) ;
#2034 = VECTOR ( 'NONE', #4880, 1000.000000000000000 ) ;
#2035 = DIRECTION ( 'NONE',  ( 0.000000000000000000, 1.000000000000000000, 0.000000000000000000 ) ) ;
#2036 = CYLINDRICAL_SURFACE ( 'NONE', #4232, 3.000000000000002665 ) ;
#2037 = ADVANCED_FACE ( 'NONE', ( #689 ), #270, .F. ) ;
#2038 = ORIENTED_EDGE ( 'NONE', *, *, #4317, .F. ) ;
#2039 = CARTESIAN_POINT ( 'NONE',  ( 198.5790561826769363, 0.000000000000000000, -176.1987551511599293 ) ) ;
#2040 = ORIENTED_EDGE ( 'NONE', *, *, #4074, .F. ) ;
#2041 = FACE_BOUND ( 'NONE', #3984, .T. ) ;
#2042 = PLANE ( 'NONE',  #1088 ) ;
#2043 = DIRECTION ( 'NONE',  ( -0.000000000000000000, 1.000000000000000000, 1.734723475976807587E-16 ) ) ;
#2044 = EDGE_LOOP ( 'NONE', ( #3678, #3430, #1362, #2473 ) ) ;
#2045 = VERTEX_POINT ( 'NONE', #1853 ) ;
#2046 = CARTESIAN_POINT ( 'NONE',  ( 39.25519782485118014, 7.000000000000000000, -209.2328496799144091 ) ) ;
#2047 = FACE_OUTER_BOUND ( 'NONE', #582, .T. ) ;
#2048 = CARTESIAN_POINT ( 'NONE',  ( 10.00000000000000000, 7.000000000000000000, -95.00000000000000000 ) ) ;
#2049 = ORIENTED_EDGE ( 'NONE', *, *, #603, .F. ) ;
#2050 = ORIENTED_EDGE ( 'NONE', *, *, #1724, .T. ) ;
#2051 = CARTESIAN_POINT ( 'NONE',  ( 176.0000000000000000, -93.00000000000000000, -41.99999999999999289 ) ) ;
#2052 = DIRECTION ( 'NONE',  ( 0.000000000000000000, 0.000000000000000000, 1.000000000000000000 ) ) ;
#2053 = ORIENTED_EDGE ( 'NONE', *, *, #4603, .T. ) ;
#2054 = CIRCLE ( 'NONE', #3885, 7.849999999999996092 ) ;
#2055 = ADVANCED_FACE ( 'NONE', ( #4109 ), #1834, .F. ) ;
#2056 = CARTESIAN_POINT ( 'NONE',  ( 19.49999999999999645, 0.000000000000000000, -139.5669656263407035 ) ) ;
#2057 = CARTESIAN_POINT ( 'NONE',  ( 166.9999999999999716, -3.000000000000000000, -47.00000000000000000 ) ) ;
#2058 = DIRECTION ( 'NONE',  ( 0.000000000000000000, 0.000000000000000000, -1.000000000000000000 ) ) ;
#2059 = CIRCLE ( 'NONE', #3339, 7.849999999999996092 ) ;
#2060 = EDGE_LOOP ( 'NONE', ( #2934, #4834, #611, #2525 ) ) ;
#2061 = ADVANCED_FACE ( 'NONE', ( #713 ), #3410, .F. ) ;
#2062 = DIRECTION ( 'NONE',  ( 0.000000000000000000, 0.000000000000000000, 1.000000000000000000 ) ) ;
#2063 = DIRECTION ( 'NONE',  ( 0.000000000000000000, 0.000000000000000000, 1.000000000000000000 ) ) ;
#2064 = LINE ( 'NONE', #2823, #1712 ) ;
#2065 = CIRCLE ( 'NONE', #686, 9.999999999999994671 ) ;
#2066 = ORIENTED_EDGE ( 'NONE', *, *, #3335, .F. ) ;
#2067 = EDGE_CURVE ( 'NONE', #4945, #1702, #2209, .T. ) ;
#2068 = AXIS2_PLACEMENT_3D ( 'NONE', #4305, #2429, #4786 ) ;
#2069 = VERTEX_POINT ( 'NONE', #1931 ) ;
#2070 = DIRECTION ( 'NONE',  ( -0.000000000000000000, 1.734723475976807341E-16, -1.000000000000000000 ) ) ;
#2071 = CARTESIAN_POINT ( 'NONE',  ( 217.3026541955652533, 21.88602981750866405, -154.2103455811491131 ) ) ;
#2072 = CARTESIAN_POINT ( 'NONE',  ( 21.42094381732307085, 3.000000000000000000, -177.1987551511599293 ) ) ;
#2073 = CARTESIAN_POINT ( 'NONE',  ( 66.99999999999998579, 3.000000000000000000, -61.39999999999999858 ) ) ;
#2074 = ORIENTED_EDGE ( 'NONE', *, *, #832, .F. ) ;
#2075 = VERTEX_POINT ( 'NONE', #3532 ) ;
#2076 = DIRECTION ( 'NONE',  ( -0.000000000000000000, -0.000000000000000000, 1.000000000000000000 ) ) ;
#2077 = CARTESIAN_POINT ( 'NONE',  ( 47.00000000000000711, -3.000000000000000000, -41.99999999999999289 ) ) ;
#2078 = VERTEX_POINT ( 'NONE', #847 ) ;
#2079 = PERSON_AND_ORGANIZATION ( #2957, #2550 ) ;
#2080 = CARTESIAN_POINT ( 'NONE',  ( 210.5500000000000114, 43.50000000000000000, -135.7500000000000000 ) ) ;
#2081 = CARTESIAN_POINT ( 'NONE',  ( 66.99999999999998579, 7.000000000000000000, -63.00000000000000000 ) ) ;
#2082 = EDGE_CURVE ( 'NONE', #4696, #4476, #3138, .T. ) ;
#2083 = FACE_OUTER_BOUND ( 'NONE', #1674, .T. ) ;
#2084 = VERTEX_POINT ( 'NONE', #3484 ) ;
#2085 = CARTESIAN_POINT ( 'NONE',  ( 210.5500000000000114, 7.000000000000000000, -158.2500000000000000 ) ) ;
#2086 = CARTESIAN_POINT ( 'NONE',  ( 34.49999999999999289, 6.044738620619011904, -143.4824565035190744 ) ) ;
#2087 = DIRECTION ( 'NONE',  ( -1.000000000000000000, 0.000000000000000000, 0.000000000000000000 ) ) ;
#2088 = EDGE_CURVE ( 'NONE', #4420, #4674, #4027, .T. ) ;
#2089 = ORIENTED_EDGE ( 'NONE', *, *, #1118, .F. ) ;
#2090 = VECTOR ( 'NONE', #3720, 1000.000000000000000 ) ;
#2091 = FACE_OUTER_BOUND ( 'NONE', #517, .T. ) ;
#2092 = PLANE ( 'NONE',  #163 ) ;
#2093 = ORIENTED_EDGE ( 'NONE', *, *, #2276, .F. ) ;
#2094 = EDGE_CURVE ( 'NONE', #3177, #2510, #4829, .T. ) ;
#2095 = VERTEX_POINT ( 'NONE', #3903 ) ;
#2096 = ORIENTED_EDGE ( 'NONE', *, *, #1004, .T. ) ;
#2097 = CIRCLE ( 'NONE', #2758, 1.599999999999990319 ) ;
#2098 = CARTESIAN_POINT ( 'NONE',  ( 185.5000000000000000, -3.000000000000000000, -151.5000000000000000 ) ) ;
#2099 = CARTESIAN_POINT ( 'NONE',  ( 24.49999999999999289, 6.568651337178705418, -149.6101000526680593 ) ) ;
#2100 = ORIENTED_EDGE ( 'NONE', *, *, #246, .F. ) ;
#2101 = AXIS2_PLACEMENT_3D ( 'NONE', #614, #2506, #514 ) ;
#2102 = CARTESIAN_POINT ( 'NONE',  ( 153.0000000000000000, 3.000000000000000000, -64.59999999999999432 ) ) ;
#2103 = FACE_OUTER_BOUND ( 'NONE', #1311, .T. ) ;
#2104 = VECTOR ( 'NONE', #4555, 1000.000000000000000 ) ;
#2105 = AXIS2_PLACEMENT_3D ( 'NONE', #3445, #4241, #2292 ) ;
#2106 = PLANE ( 'NONE',  #3331 ) ;
#2107 = ORIENTED_EDGE ( 'NONE', *, *, #3687, .T. ) ;
#2108 = VECTOR ( 'NONE', #355, 1000.000000000000000 ) ;
#2109 = AXIS2_PLACEMENT_3D ( 'NONE', #4701, #2830, #1973 ) ;
#2110 = CARTESIAN_POINT ( 'NONE',  ( 24.49999999999999289, -4.568651337178751604, -144.3898999473319122 ) ) ;
#2111 = CARTESIAN_POINT ( 'NONE',  ( 66.99999999999998579, 7.000000000000000000, -63.00000000000000000 ) ) ;
#2112 = FACE_OUTER_BOUND ( 'NONE', #1719, .T. ) ;
#2113 = VERTEX_POINT ( 'NONE', #4666 ) ;
#2114 = VECTOR ( 'NONE', #4618, 1000.000000000000000 ) ;
#2115 = CARTESIAN_POINT ( 'NONE',  ( 152.9999999999999716, 7.000000000000000000, -45.40000000000001279 ) ) ;
#2116 = DIRECTION ( 'NONE',  ( 0.000000000000000000, 0.000000000000000000, -1.000000000000000000 ) ) ;
#2117 = VERTEX_POINT ( 'NONE', #97 ) ;
#2118 = DIRECTION ( 'NONE',  ( 0.000000000000000000, -1.000000000000000000, 0.000000000000000000 ) ) ;
#2119 = EDGE_CURVE ( 'NONE', #3958, #2166, #1604, .T. ) ;
#2120 = ORIENTED_EDGE ( 'NONE', *, *, #2327, .T. ) ;
#2121 = EDGE_CURVE ( 'NONE', #162, #3277, #389, .T. ) ;
#2122 = FACE_BOUND ( 'NONE', #4625, .T. ) ;
#2123 = LINE ( 'NONE', #303, #4260 ) ;
#2124 = DIRECTION ( 'NONE',  ( -0.000000000000000000, -0.000000000000000000, 1.000000000000000000 ) ) ;
#2125 = ORIENTED_EDGE ( 'NONE', *, *, #3431, .F. ) ;
#2126 = EDGE_CURVE ( 'NONE', #3926, #3710, #227, .T. ) ;
#2127 = CALENDAR_DATE ( 2026, 17, 9 ) ;
#2128 = CARTESIAN_POINT ( 'NONE',  ( 19.49999999999999645, 0.000000000000000000, 0.000000000000000000 ) ) ;
#2129 = DIRECTION ( 'NONE',  ( 1.000000000000000000, 0.000000000000000000, 0.000000000000000000 ) ) ;
#2130 = AXIS2_PLACEMENT_3D ( 'NONE', #4833, #3309, #1403 ) ;
#2131 = DIRECTION ( 'NONE',  ( -0.000000000000000000, -1.000000000000000000, -0.000000000000000000 ) ) ;
#2132 = ORIENTED_EDGE ( 'NONE', *, *, #2867, .T. ) ;
#2133 = FACE_BOUND ( 'NONE', #156, .T. ) ;
#2134 = VECTOR ( 'NONE', #2811, 1000.000000000000000 ) ;
#2135 = DIRECTION ( 'NONE',  ( -1.000000000000000000, 0.000000000000000000, -0.000000000000000000 ) ) ;
#2136 = FACE_OUTER_BOUND ( 'NONE', #647, .T. ) ;
#2137 = CIRCLE ( 'NONE', #1166, 1.600000000000004086 ) ;
#2138 = VECTOR ( 'NONE', #2391, 1000.000000000000000 ) ;
#2139 = DIRECTION ( 'NONE',  ( 0.000000000000000000, 0.000000000000000000, 1.000000000000000000 ) ) ;
#2140 = DIRECTION ( 'NONE',  ( 0.000000000000000000, -1.000000000000000000, 5.551115123125786646E-16 ) ) ;
#2141 = EDGE_LOOP ( 'NONE', ( #1339, #2583, #1078, #4620 ) ) ;
#2142 = EDGE_CURVE ( 'NONE', #1877, #327, #874, .T. ) ;
#2143 = VERTEX_POINT ( 'NONE', #4641 ) ;
#2144 = AXIS2_PLACEMENT_3D ( 'NONE', #2507, #2156, #3655 ) ;
#2145 = VECTOR ( 'NONE', #337, 1000.000000000000000 ) ;
#2146 = ORIENTED_EDGE ( 'NONE', *, *, #4562, .F. ) ;
#2147 = CARTESIAN_POINT ( 'NONE',  ( 39.25519782485118014, 87.00000000000001421, -214.2328496799144091 ) ) ;
#2148 = LINE ( 'NONE', #1038, #413 ) ;
#2149 = ADVANCED_FACE ( 'NONE', ( #4278 ), #2036, .F. ) ;
#2150 = LINE ( 'NONE', #586, #850 ) ;
#2151 = ORIENTED_EDGE ( 'NONE', *, *, #3609, .T. ) ;
#2152 = APPROVAL ( #4919, 'UNSPECIFIED' ) ;
#2153 = APPLICATION_CONTEXT ( 'configuration controlled 3d designs of mechanical parts and assemblies' ) ;
#2154 = EDGE_LOOP ( 'NONE', ( #1030, #840, #774, #1396 ) ) ;
#2155 = CARTESIAN_POINT ( 'NONE',  ( 180.7448021751488341, 87.00000000000001421, -214.2328496799144091 ) ) ;
#2156 = DIRECTION ( 'NONE',  ( 0.000000000000000000, 1.000000000000000000, 0.000000000000000000 ) ) ;
#2157 = LINE ( 'NONE', #3682, #4610 ) ;
#2158 = EDGE_CURVE ( 'NONE', #632, #403, #3456, .T. ) ;
#2159 = VERTEX_POINT ( 'NONE', #2717 ) ;
#2160 = DIRECTION ( 'NONE',  ( -1.000000000000000000, -0.000000000000000000, -0.000000000000000000 ) ) ;
#2161 = VERTEX_POINT ( 'NONE', #50 ) ;
#2162 = CARTESIAN_POINT ( 'NONE',  ( 182.0000000000000000, 27.00000000000000000, -190.0000000000000000 ) ) ;
#2163 = CARTESIAN_POINT ( 'NONE',  ( 220.0000000000000000, 3.000000000000000000, 0.000000000000000000 ) ) ;
#2164 = CARTESIAN_POINT ( 'NONE',  ( 198.5790561826769363, 3.000000000000000000, -179.1987551511599293 ) ) ;
#2165 = DIRECTION ( 'NONE',  ( 0.000000000000000000, -0.000000000000000000, -1.000000000000000000 ) ) ;
#2166 = VERTEX_POINT ( 'NONE', #3558 ) ;
#2167 = VERTEX_POINT ( 'NONE', #3877 ) ;
#2168 = EDGE_LOOP ( 'NONE', ( #3717, #3253 ) ) ;
#2169 = ADVANCED_FACE ( 'NONE', ( #25 ), #121, .F. ) ;
#2170 = CARTESIAN_POINT ( 'NONE',  ( 219.5899786114191556, 22.63239091025594263, -139.4898730704098284 ) ) ;
#2171 = DIRECTION ( 'NONE',  ( -0.000000000000000000, 1.000000000000000000, -0.000000000000000000 ) ) ;
#2172 = EDGE_LOOP ( 'NONE', ( #3419, #4863, #2371, #538 ) ) ;
#2173 = DIRECTION ( 'NONE',  ( -0.000000000000000000, 1.000000000000000000, -0.000000000000000000 ) ) ;
#2174 = ORIENTED_EDGE ( 'NONE', *, *, #3785, .F. ) ;
#2175 = EDGE_CURVE ( 'NONE', #2633, #4446, #1189, .T. ) ;
#2176 = APPROVAL_ROLE ( '' ) ;
#2177 = ORIENTED_EDGE ( 'NONE', *, *, #4934, .T. ) ;
#2178 = CARTESIAN_POINT ( 'NONE',  ( 5.000000000000000000, 87.00000000000001421, -5.000000000000000000 ) ) ;
#2179 = CARTESIAN_POINT ( 'NONE',  ( 18.01920650021932602, 0.000000000000000000, -169.1241044017996558 ) ) ;
#2180 = DIRECTION ( 'NONE',  ( 0.000000000000000000, 0.000000000000000000, -1.000000000000000000 ) ) ;
#2181 = LINE ( 'NONE', #2537, #1662 ) ;
#2182 = VECTOR ( 'NONE', #2911, 1000.000000000000000 ) ;
#2183 = EDGE_CURVE ( 'NONE', #1367, #2069, #4141, .T. ) ;
#2184 = ORIENTED_EDGE ( 'NONE', *, *, #3131, .T. ) ;
#2185 = CARTESIAN_POINT ( 'NONE',  ( 217.2161624463028033, 20.64624009528669291, -154.5906485507511263 ) ) ;
#2186 = VERTEX_POINT ( 'NONE', #4611 ) ;
#2187 = DIRECTION ( 'NONE',  ( 0.000000000000000000, 0.000000000000000000, -1.000000000000000000 ) ) ;
#2188 = VECTOR ( 'NONE', #1512, 1000.000000000000000 ) ;
#2189 = VECTOR ( 'NONE', #3886, 1000.000000000000000 ) ;
#2190 = DIRECTION ( 'NONE',  ( -0.000000000000000000, 1.000000000000000000, -0.000000000000000000 ) ) ;
#2191 = AXIS2_PLACEMENT_3D ( 'NONE', #340, #364, #1120 ) ;
#2192 = CARTESIAN_POINT ( 'NONE',  ( 210.0000000000000000, -93.00000000000000000, -15.00000000000000000 ) ) ;
#2193 = ORIENTED_EDGE ( 'NONE', *, *, #637, .F. ) ;
#2194 = DIRECTION ( 'NONE',  ( -1.000000000000000000, 0.000000000000000000, 4.081702296416016490E-16 ) ) ;
#2195 = ORIENTED_EDGE ( 'NONE', *, *, #3556, .F. ) ;
#2196 = LINE ( 'NONE', #3764, #4239 ) ;
#2197 = CYLINDRICAL_SURFACE ( 'NONE', #4583, 7.000000000000006217 ) ;
#2198 = CARTESIAN_POINT ( 'NONE',  ( 201.9807934997806740, 3.000000000000000000, -169.1241044017996558 ) ) ;
#2199 = ORIENTED_EDGE ( 'NONE', *, *, #3436, .T. ) ;
#2200 = EDGE_LOOP ( 'NONE', ( #4703, #1578, #3909, #4592 ) ) ;
#2201 = CARTESIAN_POINT ( 'NONE',  ( 198.5790561826769363, -3.000000000000000000, -177.1987551511599293 ) ) ;
#2202 = DIRECTION ( 'NONE',  ( 1.000000000000000000, 0.000000000000000000, 0.000000000000000000 ) ) ;
#2203 = VERTEX_POINT ( 'NONE', #2307 ) ;
#2204 = DIRECTION ( 'NONE',  ( 0.000000000000000000, 0.000000000000000000, -1.000000000000000000 ) ) ;
#2205 = ORIENTED_EDGE ( 'NONE', *, *, #3139, .F. ) ;
#2206 = EDGE_CURVE ( 'NONE', #1702, #4691, #1267, .T. ) ;
#2207 = DIRECTION ( 'NONE',  ( 0.000000000000000000, 0.000000000000000000, -1.000000000000000000 ) ) ;
#2208 = CARTESIAN_POINT ( 'NONE',  ( 216.6392750248796233, 20.71932372605188988, -156.9830880238903035 ) ) ;
#2209 = LINE ( 'NONE', #1223, #581 ) ;
#2210 = CC_DESIGN_PERSON_AND_ORGANIZATION_ASSIGNMENT ( #1863, #3677, ( #458 ) ) ;
#2211 = VECTOR ( 'NONE', #220, 1000.000000000000000 ) ;
#2212 = VERTEX_POINT ( 'NONE', #2330 ) ;
#2213 = CARTESIAN_POINT ( 'NONE',  ( 198.5790561826769363, 0.000000000000000000, -176.1987551511599293 ) ) ;
#2214 = CIRCLE ( 'NONE', #3021, 7.849999999999996092 ) ;
#2215 = VERTEX_POINT ( 'NONE', #442 ) ;
#2216 = DIRECTION ( 'NONE',  ( 1.000000000000000000, -0.000000000000000000, -0.000000000000000000 ) ) ;
#2217 = EDGE_CURVE ( 'NONE', #560, #933, #1986, .T. ) ;
#2218 = AXIS2_PLACEMENT_3D ( 'NONE', #4753, #4344, #2831 ) ;
#2219 = ORIENTED_EDGE ( 'NONE', *, *, #4112, .T. ) ;
#2220 = VECTOR ( 'NONE', #115, 1000.000000000000000 ) ;
#2221 = CARTESIAN_POINT ( 'NONE',  ( 219.7759168534461480, 22.62592480597582423, -137.0179248595175636 ) ) ;
#2222 = LINE ( 'NONE', #2553, #4103 ) ;
#2223 = DIRECTION ( 'NONE',  ( 0.000000000000000000, 0.000000000000000000, 1.000000000000000000 ) ) ;
#2224 = ORIENTED_EDGE ( 'NONE', *, *, #3852, .T. ) ;
#2225 = VERTEX_POINT ( 'NONE', #3605 ) ;
#2226 = CARTESIAN_POINT ( 'NONE',  ( 37.40658949034116176, 47.00000000000000711, -205.8630130602268764 ) ) ;
#2227 = CARTESIAN_POINT ( 'NONE',  ( 152.9999999999999716, -3.000000000000000000, -47.00000000000000000 ) ) ;
#2228 = CARTESIAN_POINT ( 'NONE',  ( 215.0000000000000000, 87.00000000000001421, -5.000000000000000000 ) ) ;
#2229 = ORIENTED_EDGE ( 'NONE', *, *, #1129, .T. ) ;
#2230 = DIRECTION ( 'NONE',  ( 0.000000000000000000, 0.000000000000000000, 1.000000000000000000 ) ) ;
#2231 = ADVANCED_FACE ( 'NONE', ( #997 ), #170, .F. ) ;
#2232 = CARTESIAN_POINT ( 'NONE',  ( 216.8463014254637926, 20.16943243398868191, -156.1515720492602952 ) ) ;
#2233 = DIRECTION ( 'NONE',  ( 0.000000000000000000, -0.4244065126289411904, -0.9054717621428846064 ) ) ;
#2234 = VERTEX_POINT ( 'NONE', #242 ) ;
#2235 = ADVANCED_FACE ( 'NONE', ( #895 ), #4405, .F. ) ;
#2236 = DIRECTION ( 'NONE',  ( -1.000000000000000000, -0.000000000000000000, -0.000000000000000000 ) ) ;
#2237 = AXIS2_PLACEMENT_3D ( 'NONE', #577, #4751, #1689 ) ;
#2238 = ORIENTED_EDGE ( 'NONE', *, *, #3431, .T. ) ;
#2239 = CARTESIAN_POINT ( 'NONE',  ( 185.5000000000000000, 7.000000000000000000, -167.0000000000000000 ) ) ;
#2240 = ORIENTED_EDGE ( 'NONE', *, *, #3847, .F. ) ;
#2241 = ADVANCED_FACE ( 'NONE', ( #1700 ), #4386, .F. ) ;
#2242 = CARTESIAN_POINT ( 'NONE',  ( 220.0000000000000000, 87.00000000000001421, 0.000000000000000000 ) ) ;
#2243 = CARTESIAN_POINT ( 'NONE',  ( 38.00000000000000711, 0.000000000000000000, -183.0000000000000000 ) ) ;
#2244 = AXIS2_PLACEMENT_3D ( 'NONE', #936, #1666, #1715 ) ;
#2245 = EDGE_LOOP ( 'NONE', ( #2151, #3447, #1133, #3071 ) ) ;
#2246 = DIRECTION ( 'NONE',  ( 0.000000000000000000, 1.000000000000000000, 0.000000000000000000 ) ) ;
#2247 = VERTEX_POINT ( 'NONE', #2533 ) ;
#2248 = ORIENTED_EDGE ( 'NONE', *, *, #861, .T. ) ;
#2249 = ORIENTED_EDGE ( 'NONE', *, *, #1845, .T. ) ;
#2250 = DIRECTION ( 'NONE',  ( 0.000000000000000000, 0.000000000000000000, 1.000000000000000000 ) ) ;
#2251 = DIRECTION ( 'NONE',  ( 0.000000000000000000, 0.000000000000000000, 1.000000000000000000 ) ) ;
#2252 = LINE ( 'NONE', #4882, #3173 ) ;
#2253 = ORIENTED_EDGE ( 'NONE', *, *, #4038, .F. ) ;
#2254 = CARTESIAN_POINT ( 'NONE',  ( 76.00000000000001421, 0.000000000000000000, -41.99999999999997868 ) ) ;
#2255 = PLANE ( 'NONE',  #4429 ) ;
#2256 = DIRECTION ( 'NONE',  ( 1.000000000000000000, 0.000000000000000000, 0.000000000000000000 ) ) ;
#2257 = AXIS2_PLACEMENT_3D ( 'NONE', #4292, #2397, #4652 ) ;
#2258 = AXIS2_PLACEMENT_3D ( 'NONE', #76, #467, #3137 ) ;
#2259 = EDGE_LOOP ( 'NONE', ( #1536, #3837, #3296, #3210 ) ) ;
#2260 = LINE ( 'NONE', #2971, #1220 ) ;
#2261 = VERTEX_POINT ( 'NONE', #2460 ) ;
#2262 = CARTESIAN_POINT ( 'NONE',  ( 166.9999999999999716, 3.000000000000000000, -63.00000000000000000 ) ) ;
#2263 = ORIENTED_EDGE ( 'NONE', *, *, #276, .F. ) ;
#2264 = AXIS2_PLACEMENT_3D ( 'NONE', #1736, #1761, #3249 ) ;
#2265 = CARTESIAN_POINT ( 'NONE',  ( 219.7957649456480738, 21.67999999999999972, -136.7000000000000171 ) ) ;
#2266 = CARTESIAN_POINT ( 'NONE',  ( 220.0000000000000000, 9.999999999999994671, -75.00000000000001421 ) ) ;
#2267 = CYLINDRICAL_SURFACE ( 'NONE', #4929, 2.500000000000002220 ) ;
#2268 = ORIENTED_EDGE ( 'NONE', *, *, #1963, .T. ) ;
#2269 = VECTOR ( 'NONE', #2087, 1000.000000000000000 ) ;
#2270 = EDGE_CURVE ( 'NONE', #426, #3757, #374, .T. ) ;
#2271 = ORIENTED_EDGE ( 'NONE', *, *, #1278, .F. ) ;
#2272 = DIRECTION ( 'NONE',  ( 1.000000000000000000, -0.000000000000000000, -0.000000000000000000 ) ) ;
#2273 = CARTESIAN_POINT ( 'NONE',  ( 216.5584815957871285, 21.68000000000037630, -157.3000000000053262 ) ) ;
#2274 = PLANE ( 'NONE',  #1079 ) ;
#2275 = VERTEX_POINT ( 'NONE', #1776 ) ;
#2276 = EDGE_CURVE ( 'NONE', #1630, #2117, #3036, .T. ) ;
#2277 = FACE_OUTER_BOUND ( 'NONE', #1738, .T. ) ;
#2278 = CARTESIAN_POINT ( 'NONE',  ( 166.9999999999999716, 7.000000000000000000, -63.00000000000000000 ) ) ;
#2279 = DIRECTION ( 'NONE',  ( -0.000000000000000000, 1.000000000000000000, -0.000000000000000000 ) ) ;
#2280 = CARTESIAN_POINT ( 'NONE',  ( 219.5662471182315869, 21.27329610548055427, -139.7592788172384815 ) ) ;
#2281 = VERTEX_POINT ( 'NONE', #1726 ) ;
#2282 = DIRECTION ( 'NONE',  ( 0.000000000000000000, 0.000000000000000000, -1.000000000000000000 ) ) ;
#2283 = ORIENTED_EDGE ( 'NONE', *, *, #3381, .F. ) ;
#2284 = AXIS2_PLACEMENT_3D ( 'NONE', #4857, #3037, #2302 ) ;
#2285 = DIRECTION ( 'NONE',  ( -0.000000000000000000, 1.000000000000000000, -0.000000000000000000 ) ) ;
#2286 = ORIENTED_EDGE ( 'NONE', *, *, #2175, .T. ) ;
#2287 = ORIENTED_EDGE ( 'NONE', *, *, #4421, .T. ) ;
#2288 = APPROVAL_STATUS ( 'not_yet_approved' ) ;
#2289 = AXIS2_PLACEMENT_3D ( 'NONE', #3845, #4225, #2404 ) ;
#2290 = ADVANCED_FACE ( 'NONE', ( #1325 ), #3981, .F. ) ;
#2291 = CARTESIAN_POINT ( 'NONE',  ( 10.00000000000000178, 87.00000000000001421, -5.000000000000000000 ) ) ;
#2292 = DIRECTION ( 'NONE',  ( 0.000000000000000000, 0.000000000000000000, -1.000000000000000000 ) ) ;
#2293 = CARTESIAN_POINT ( 'NONE',  ( 24.49999999999999289, 0.000000000000000000, 0.000000000000000000 ) ) ;
#2294 = ORIENTED_EDGE ( 'NONE', *, *, #462, .F. ) ;
#2295 = ORIENTED_EDGE ( 'NONE', *, *, #4686, .T. ) ;
#2296 = AXIS2_PLACEMENT_3D ( 'NONE', #3306, #3287, #2866 ) ;
#2297 = ADVANCED_FACE ( 'NONE', ( #3680 ), #950, .T. ) ;
#2298 = DIRECTION ( 'NONE',  ( 0.000000000000000000, 0.000000000000000000, -1.000000000000000000 ) ) ;
#2299 = CIRCLE ( 'NONE', #3342, 2.500000000000002220 ) ;
#2300 = LINE ( 'NONE', #463, #2873 ) ;
#2301 = CC_DESIGN_PERSON_AND_ORGANIZATION_ASSIGNMENT ( #3923, #1323, ( #1169 ) ) ;
#2302 = DIRECTION ( 'NONE',  ( 0.000000000000000000, 0.000000000000000000, -1.000000000000000000 ) ) ;
#2303 = ORIENTED_EDGE ( 'NONE', *, *, #4621, .T. ) ;
#2304 = FACE_BOUND ( 'NONE', #887, .T. ) ;
#2305 = DIRECTION ( 'NONE',  ( -0.000000000000000000, -1.000000000000000000, -0.000000000000000000 ) ) ;
#2306 = EDGE_LOOP ( 'NONE', ( #984, #3106, #4188, #3464 ) ) ;
#2307 = CARTESIAN_POINT ( 'NONE',  ( 52.99999999999999289, 3.000000000000000000, -64.60000000000000853 ) ) ;
#2308 = ADVANCED_FACE ( 'NONE', ( #2103 ), #3630, .F. ) ;
#2309 = CARTESIAN_POINT ( 'NONE',  ( 219.7396135632884864, 20.28596884638718834, -137.5647925752908520 ) ) ;
#2310 = CARTESIAN_POINT ( 'NONE',  ( 202.4802482016619365, 0.000000000000000000, -161.2900093678618703 ) ) ;
#2311 = DIRECTION ( 'NONE',  ( 0.000000000000000000, 1.000000000000000000, 0.000000000000000000 ) ) ;
#2312 = VERTEX_POINT ( 'NONE', #4831 ) ;
#2313 = CARTESIAN_POINT ( 'NONE',  ( 67.00000000000000000, -3.000000000000000000, -47.00000000000000000 ) ) ;
#2314 = EDGE_CURVE ( 'NONE', #1379, #4476, #3263, .T. ) ;
#2315 = ORIENTED_EDGE ( 'NONE', *, *, #1867, .T. ) ;
#2316 = CARTESIAN_POINT ( 'NONE',  ( 178.8996047274589785, 87.00000000000001421, -209.2328496799144091 ) ) ;
#2317 = DIRECTION ( 'NONE',  ( -0.000000000000000000, -1.000000000000000000, -0.000000000000000000 ) ) ;
#2318 = CYLINDRICAL_SURFACE ( 'NONE', #3893, 7.849999999999996092 ) ;
#2319 = VERTEX_POINT ( 'NONE', #1354 ) ;
#2320 = EDGE_CURVE ( 'NONE', #696, #4159, #219, .T. ) ;
#2321 = EDGE_LOOP ( 'NONE', ( #3078, #4478, #341, #3325 ) ) ;
#2322 = DIRECTION ( 'NONE',  ( 0.000000000000000000, 1.000000000000000000, 0.000000000000000000 ) ) ;
#2323 = CARTESIAN_POINT ( 'NONE',  ( 18.51866120210060629, 3.000000000000000000, -176.9581994357374413 ) ) ;
#2324 = LINE ( 'NONE', #4325, #4851 ) ;
#2325 = ORIENTED_EDGE ( 'NONE', *, *, #2858, .F. ) ;
#2326 = AXIS2_PLACEMENT_3D ( 'NONE', #4165, #4498, #4474 ) ;
#2327 = EDGE_CURVE ( 'NONE', #2203, #2261, #590, .T. ) ;
#2328 = LINE ( 'NONE', #410, #3348 ) ;
#2329 = DIRECTION ( 'NONE',  ( -0.000000000000000000, 0.000000000000000000, 1.000000000000000000 ) ) ;
#2330 = CARTESIAN_POINT ( 'NONE',  ( 182.0000000000000000, 27.00000000000000000, -182.0000000000000000 ) ) ;
#2331 = FACE_OUTER_BOUND ( 'NONE', #1041, .T. ) ;
#2332 = ORIENTED_EDGE ( 'NONE', *, *, #3615, .F. ) ;
#2333 = EDGE_CURVE ( 'NONE', #2009, #3642, #4809, .T. ) ;
#2334 = CARTESIAN_POINT ( 'NONE',  ( 41.10039527254102865, 87.00000000000001421, -211.7328496799144091 ) ) ;
#2335 = VERTEX_POINT ( 'NONE', #146 ) ;
#2336 = DIRECTION ( 'NONE',  ( 0.000000000000000000, 0.000000000000000000, 1.000000000000000000 ) ) ;
#2337 = ORIENTED_EDGE ( 'NONE', *, *, #354, .F. ) ;
#2338 = ADVANCED_FACE ( 'NONE', ( #2912 ), #3951, .F. ) ;
#2339 = DIRECTION ( 'NONE',  ( -1.000000000000000000, -0.000000000000000000, -0.000000000000000000 ) ) ;
#2340 = EDGE_CURVE ( 'NONE', #3504, #3874, #3340, .T. ) ;
#2341 = ORIENTED_EDGE ( 'NONE', *, *, #4497, .T. ) ;
#2342 = AXIS2_PLACEMENT_3D ( 'NONE', #3367, #2118, #4871 ) ;
#2343 = LINE ( 'NONE', #1916, #4377 ) ;
#2344 = DIRECTION ( 'NONE',  ( -0.000000000000000000, 1.000000000000000000, -0.000000000000000000 ) ) ;
#2345 = LINE ( 'NONE', #3571, #1656 ) ;
#2346 = ORIENTED_EDGE ( 'NONE', *, *, #4575, .F. ) ;
#2347 = VECTOR ( 'NONE', #1687, 1000.000000000000000 ) ;
#2348 = VERTEX_POINT ( 'NONE', #1477 ) ;
#2349 = DIRECTION ( 'NONE',  ( -0.000000000000000000, -1.000000000000000000, -0.000000000000000000 ) ) ;
#2350 = CARTESIAN_POINT ( 'NONE',  ( 53.00000000000000000, -3.000000000000000000, -45.40000000000000568 ) ) ;
#2351 = DIRECTION ( 'NONE',  ( -1.000000000000000000, -0.000000000000000000, -0.000000000000000000 ) ) ;
#2352 = ORIENTED_EDGE ( 'NONE', *, *, #4044, .T. ) ;
#2353 = ORIENTED_EDGE ( 'NONE', *, *, #1878, .T. ) ;
#2354 = DIRECTION ( 'NONE',  ( -0.000000000000000000, 1.000000000000000000, -0.000000000000000000 ) ) ;
#2355 = CARTESIAN_POINT ( 'NONE',  ( 5.000000000000000000, 87.00000000000001421, -5.000000000000000000 ) ) ;
#2356 = DIRECTION ( 'NONE',  ( 0.000000000000000000, -1.000000000000000000, 0.000000000000000000 ) ) ;
#2357 = EDGE_CURVE ( 'NONE', #1367, #300, #4904, .T. ) ;
#2358 = CARTESIAN_POINT ( 'NONE',  ( 220.0000000000000000, 10.00000000000000888, -35.00000000000000000 ) ) ;
#2359 = CIRCLE ( 'NONE', #3871, 1.599999999999997202 ) ;
#2360 = VERTEX_POINT ( 'NONE', #4483 ) ;
#2361 = DIRECTION ( 'NONE',  ( 0.000000000000000000, 0.000000000000000000, 1.000000000000000000 ) ) ;
#2362 = VERTEX_POINT ( 'NONE', #2606 ) ;
#2363 = CARTESIAN_POINT ( 'NONE',  ( 173.0000000000000000, 7.000000000000000000, -67.99999999999997158 ) ) ;
#2364 = ORIENTED_EDGE ( 'NONE', *, *, #1681, .T. ) ;
#2365 = EDGE_CURVE ( 'NONE', #4696, #3767, #1023, .T. ) ;
#2366 = LINE ( 'NONE', #451, #2915 ) ;
#2367 = FACE_OUTER_BOUND ( 'NONE', #2259, .T. ) ;
#2368 = CYLINDRICAL_SURFACE ( 'NONE', #2257, 5.000000000000004441 ) ;
#2369 = EDGE_CURVE ( 'NONE', #3032, #3113, #1829, .T. ) ;
#2370 = CARTESIAN_POINT ( 'NONE',  ( 47.00000000000000000, 7.000000000000000000, -68.00000000000000000 ) ) ;
#2371 = ORIENTED_EDGE ( 'NONE', *, *, #3652, .F. ) ;
#2372 = CIRCLE ( 'NONE', #4448, 1.600000000000004086 ) ;
#2373 = VERTEX_POINT ( 'NONE', #287 ) ;
#2374 = CARTESIAN_POINT ( 'NONE',  ( 38.00000000000000711, 27.00000000000000000, -197.0000000000000000 ) ) ;
#2375 = VECTOR ( 'NONE', #1110, 1000.000000000000000 ) ;
#2376 = LINE ( 'NONE', #116, #4614 ) ;
#2377 = ORIENTED_EDGE ( 'NONE', *, *, #2094, .T. ) ;
#2378 = ORIENTED_EDGE ( 'NONE', *, *, #1011, .F. ) ;
#2379 = LINE ( 'NONE', #1352, #1175 ) ;
#2380 = VECTOR ( 'NONE', #1316, 1000.000000000000000 ) ;
#2381 = CARTESIAN_POINT ( 'NONE',  ( 5.000000000000000000, 87.00000000000001421, -5.000000000000000000 ) ) ;
#2382 = CARTESIAN_POINT ( 'NONE',  ( 5.000000000000000000, 0.000000000000000000, -5.000000000000000000 ) ) ;
#2383 = EDGE_LOOP ( 'NONE', ( #2551, #13, #1915, #1991, #2074, #3590, #2609, #704 ) ) ;
#2384 = CARTESIAN_POINT ( 'NONE',  ( 219.7957649456480738, 21.67999999999999972, -136.7000000000000171 ) ) ;
#2385 = MANIFOLD_SOLID_BREP ( 'Cut-Extrude23', #2845 ) ;
#2386 = VECTOR ( 'NONE', #1574, 1000.000000000000000 ) ;
#2387 = VECTOR ( 'NONE', #3012, 1000.000000000000000 ) ;
#2388 = EDGE_LOOP ( 'NONE', ( #4126, #373, #4655, #3166, #3438, #2734, #1192, #3634 ) ) ;
#2389 = EDGE_CURVE ( 'NONE', #1436, #1415, #2622, .T. ) ;
#2390 = AXIS2_PLACEMENT_3D ( 'NONE', #4229, #3925, #3116 ) ;
#2391 = DIRECTION ( 'NONE',  ( -0.000000000000000000, -1.000000000000000000, -0.000000000000000000 ) ) ;
#2392 = CARTESIAN_POINT ( 'NONE',  ( 182.0000000000000000, 27.00000000000000000, -190.0000000000000000 ) ) ;
#2393 = EDGE_LOOP ( 'NONE', ( #700, #4129, #3459, #3956, #2377, #2782 ) ) ;
#2394 = EDGE_CURVE ( 'NONE', #4691, #1562, #735, .T. ) ;
#2395 = ORIENTED_EDGE ( 'NONE', *, *, #4955, .F. ) ;
#2396 = LINE ( 'NONE', #2046, #4161 ) ;
#2397 = DIRECTION ( 'NONE',  ( 0.000000000000000000, 1.000000000000000000, 0.000000000000000000 ) ) ;
#2398 = CARTESIAN_POINT ( 'NONE',  ( 205.3825308168844117, 7.000000000000000000, -162.0494536524393823 ) ) ;
#2399 = VERTEX_POINT ( 'NONE', #1067 ) ;
#2400 = VERTEX_POINT ( 'NONE', #2273 ) ;
#2401 = ADVANCED_FACE ( 'NONE', ( #3378, #3796, #4530 ), #3750, .T. ) ;
#2402 = ADVANCED_FACE ( 'NONE', ( #1089, #264 ), #330, .F. ) ;
#2403 = CYLINDRICAL_SURFACE ( 'NONE', #3977, 1.000000000000000888 ) ;
#2404 = DIRECTION ( 'NONE',  ( 1.000000000000000000, 0.000000000000000000, -0.000000000000000000 ) ) ;
#2405 = EDGE_LOOP ( 'NONE', ( #4419, #3179, #2096, #2722 ) ) ;
#2406 = DIRECTION ( 'NONE',  ( -0.000000000000000000, 1.000000000000000000, -0.000000000000000000 ) ) ;
#2407 = LINE ( 'NONE', #23, #3067 ) ;
#2408 = DIRECTION ( 'NONE',  ( 0.000000000000000000, 1.000000000000000000, 0.000000000000000000 ) ) ;
#2409 = ORIENTED_EDGE ( 'NONE', *, *, #2121, .F. ) ;
#2410 = DIRECTION ( 'NONE',  ( 0.000000000000000000, 0.000000000000000000, 1.000000000000000000 ) ) ;
#2411 = ORIENTED_EDGE ( 'NONE', *, *, #985, .F. ) ;
#2412 = DIRECTION ( 'NONE',  ( 1.000000000000000000, 0.000000000000000000, 0.000000000000000000 ) ) ;
#2413 = FACE_OUTER_BOUND ( 'NONE', #743, .T. ) ;
#2414 = CARTESIAN_POINT ( 'NONE',  ( 220.0000000000000000, 34.99999999999999289, -75.00000000000001421 ) ) ;
#2415 = ORIENTED_EDGE ( 'NONE', *, *, #4407, .F. ) ;
#2416 = CARTESIAN_POINT ( 'NONE',  ( 217.2575064712819142, 22.46510168745727043, -154.4096448571140172 ) ) ;
#2417 = DIRECTION ( 'NONE',  ( -0.000000000000000000, -1.000000000000000000, -0.000000000000000000 ) ) ;
#2418 = CIRCLE ( 'NONE', #4676, 8.000000000000007105 ) ;
#2419 = EDGE_CURVE ( 'NONE', #3004, #3233, #1452, .T. ) ;
#2420 = ADVANCED_FACE ( 'NONE', ( #4150 ), #1848, .F. ) ;
#2421 = LINE ( 'NONE', #3227, #2380 ) ;
#2422 = EDGE_LOOP ( 'NONE', ( #3120, #4902, #677, #1212, #479, #2764 ) ) ;
#2423 = VERTEX_POINT ( 'NONE', #4125 ) ;
#2424 = CARTESIAN_POINT ( 'NONE',  ( 76.00000000000001421, 3.000000000000000000, -41.99999999999997868 ) ) ;
#2425 = LINE ( 'NONE', #45, #2617 ) ;
#2426 = EDGE_LOOP ( 'NONE', ( #4140, #2487, #2294, #4447 ) ) ;
#2427 = ADVANCED_FACE ( 'NONE', ( #1801 ), #682, .F. ) ;
#2428 = VECTOR ( 'NONE', #1746, 1000.000000000000000 ) ;
#2429 = DIRECTION ( 'NONE',  ( 0.000000000000000000, 0.000000000000000000, 1.000000000000000000 ) ) ;
#2430 = VECTOR ( 'NONE', #2272, 1000.000000000000000 ) ;
#2431 = CARTESIAN_POINT ( 'NONE',  ( 67.00000000000000000, 7.000000000000000000, -48.60000000000000142 ) ) ;
#2432 = CARTESIAN_POINT ( 'NONE',  ( 210.5500000000000114, -3.000000000000000000, -135.7500000000000000 ) ) ;
#2433 = ORIENTED_EDGE ( 'NONE', *, *, #2776, .T. ) ;
#2434 = CARTESIAN_POINT ( 'NONE',  ( 178.8996047274589785, -12.00099999999999767, -209.2328496799144091 ) ) ;
#2435 = EDGE_CURVE ( 'NONE', #4501, #3469, #3773, .T. ) ;
#2436 = AXIS2_PLACEMENT_3D ( 'NONE', #4411, #4086, #4745 ) ;
#2437 = EDGE_LOOP ( 'NONE', ( #715, #1136, #1251, #2876 ) ) ;
#2438 = DIRECTION ( 'NONE',  ( -0.000000000000000000, -1.000000000000000000, -0.000000000000000000 ) ) ;
#2439 = CARTESIAN_POINT ( 'NONE',  ( 176.0000000000000000, -27.03846153846155431, -1.807692307692300160 ) ) ;
#2440 = DIRECTION ( 'NONE',  ( -0.000000000000000000, 1.000000000000000000, -0.000000000000000000 ) ) ;
#2441 = ORIENTED_EDGE ( 'NONE', *, *, #1694, .T. ) ;
#2442 = ORIENTED_EDGE ( 'NONE', *, *, #4358, .T. ) ;
#2443 = DIRECTION ( 'NONE',  ( -0.000000000000000000, 1.000000000000000000, -0.000000000000000000 ) ) ;
#2444 = DIRECTION ( 'NONE',  ( -0.000000000000000000, 1.000000000000000000, -0.000000000000000000 ) ) ;
#2445 = FACE_OUTER_BOUND ( 'NONE', #3597, .T. ) ;
#2446 = DIRECTION ( 'NONE',  ( -1.000000000000000000, -0.000000000000000000, -0.000000000000000000 ) ) ;
#2447 = ORIENTED_EDGE ( 'NONE', *, *, #520, .F. ) ;
#2448 = ORIENTED_EDGE ( 'NONE', *, *, #947, .F. ) ;
#2449 = EDGE_CURVE ( 'NONE', #3948, #4841, #3402, .T. ) ;
#2450 = FACE_OUTER_BOUND ( 'NONE', #3206, .T. ) ;
#2451 = PLANE ( 'NONE',  #4131 ) ;
#2452 = ORIENTED_EDGE ( 'NONE', *, *, #4934, .F. ) ;
#2453 = AXIS2_PLACEMENT_3D ( 'NONE', #3332, #4484, #661 ) ;
#2454 = EDGE_CURVE ( 'NONE', #1461, #176, #1428, .T. ) ;
#2455 = DATE_TIME_ROLE ( 'creation_date' ) ;
#2456 = EDGE_CURVE ( 'NONE', #1596, #4122, #2653, .T. ) ;
#2457 = PLANE ( 'NONE',  #1296 ) ;
#2458 = VECTOR ( 'NONE', #1722, 1000.000000000000000 ) ;
#2459 = VERTEX_POINT ( 'NONE', #2561 ) ;
#2460 = CARTESIAN_POINT ( 'NONE',  ( 52.99999999999999289, 7.000000000000000000, -64.60000000000000853 ) ) ;
#2461 = DIRECTION ( 'NONE',  ( 0.000000000000000000, 0.000000000000000000, 1.000000000000000000 ) ) ;
#2462 = AXIS2_PLACEMENT_3D ( 'NONE', #104, #1280, #2361 ) ;
#2463 = ORIENTED_EDGE ( 'NONE', *, *, #1384, .T. ) ;
#2464 = CARTESIAN_POINT ( 'NONE',  ( 205.3825308168844117, -3.000000000000000000, -162.0494536524393823 ) ) ;
#2465 = ORIENTED_EDGE ( 'NONE', *, *, #3722, .T. ) ;
#2466 = EDGE_CURVE ( 'NONE', #1872, #3233, #3810, .T. ) ;
#2467 = CARTESIAN_POINT ( 'NONE',  ( 201.4813387978993831, 0.000000000000000000, -176.9581994357374413 ) ) ;
#2468 = CARTESIAN_POINT ( 'NONE',  ( 191.7000000000000171, 0.000000000000000000, -0.000000000000000000 ) ) ;
#2469 = VECTOR ( 'NONE', #150, 1000.000000000000000 ) ;
#2470 = ORIENTED_EDGE ( 'NONE', *, *, #2712, .F. ) ;
#2471 = AXIS2_PLACEMENT_3D ( 'NONE', #2192, #4840, #2546 ) ;
#2472 = CC_DESIGN_APPROVAL ( #2152, ( #458 ) ) ;
#2473 = ORIENTED_EDGE ( 'NONE', *, *, #4656, .T. ) ;
#2474 = LINE ( 'NONE', #4798, #21 ) ;
#2475 = LINE ( 'NONE', #4318, #1368 ) ;
#2476 = FACE_OUTER_BOUND ( 'NONE', #2154, .T. ) ;
#2477 = EDGE_LOOP ( 'NONE', ( #2125, #4706 ) ) ;
#2478 = ORIENTED_EDGE ( 'NONE', *, *, #2419, .F. ) ;
#2479 = LINE ( 'NONE', #3280, #165 ) ;
#2480 = DIRECTION ( 'NONE',  ( 0.000000000000000000, 1.000000000000000000, 0.000000000000000000 ) ) ;
#2481 = VERTEX_POINT ( 'NONE', #2323 ) ;
#2482 = CARTESIAN_POINT ( 'NONE',  ( 44.00000000000000711, -3.600000000000000977, -95.00000000000000000 ) ) ;
#2483 = CARTESIAN_POINT ( 'NONE',  ( 220.0000000000000000, -26.34615384615385381, -5.269230769230773603 ) ) ;
#2484 = ORIENTED_EDGE ( 'NONE', *, *, #1042, .F. ) ;
#2485 = LINE ( 'NONE', #4004, #2211 ) ;
#2486 = EDGE_CURVE ( 'NONE', #578, #67, #1922, .T. ) ;
#2487 = ORIENTED_EDGE ( 'NONE', *, *, #4382, .T. ) ;
#2488 = LINE ( 'NONE', #2110, #772 ) ;
#2489 = DIRECTION ( 'NONE',  ( 0.000000000000000000, 0.000000000000000000, -1.000000000000000000 ) ) ;
#2490 = FACE_BOUND ( 'NONE', #4771, .T. ) ;
#2491 = ORIENTED_EDGE ( 'NONE', *, *, #4779, .T. ) ;
#2492 = EDGE_CURVE ( 'NONE', #1075, #274, #61, .T. ) ;
#2493 = LINE ( 'NONE', #4087, #2918 ) ;
#2494 = EDGE_CURVE ( 'NONE', #2917, #3525, #2300, .T. ) ;
#2495 = VECTOR ( 'NONE', #2818, 1000.000000000000000 ) ;
#2496 = CARTESIAN_POINT ( 'NONE',  ( 0.000000000000000000, 0.000000000000000000, -68.00000000000000000 ) ) ;
#2497 = ORIENTED_EDGE ( 'NONE', *, *, #771, .T. ) ;
#2498 = LINE ( 'NONE', #299, #1544 ) ;
#2499 = ORIENTED_EDGE ( 'NONE', *, *, #453, .F. ) ;
#2500 = EDGE_CURVE ( 'NONE', #3022, #3320, #3844, .T. ) ;
#2501 = VECTOR ( 'NONE', #4862, 1000.000000000000000 ) ;
#2502 = LINE ( 'NONE', #4732, #1929 ) ;
#2503 = LINE ( 'NONE', #1444, #4750 ) ;
#2504 = CYLINDRICAL_SURFACE ( 'NONE', #3262, 1.599999999999990319 ) ;
#2505 = VERTEX_POINT ( 'NONE', #3872 ) ;
#2506 = DIRECTION ( 'NONE',  ( 0.000000000000000000, -1.000000000000000000, 3.469446951953613696E-16 ) ) ;
#2507 = CARTESIAN_POINT ( 'NONE',  ( 182.0000000000000000, 7.000000000000000000, -190.0000000000000000 ) ) ;
#2508 = AXIS2_PLACEMENT_3D ( 'NONE', #2313, #1535, #1561 ) ;
#2509 = DIRECTION ( 'NONE',  ( 0.000000000000000000, 1.000000000000000000, 0.000000000000000000 ) ) ;
#2510 = VERTEX_POINT ( 'NONE', #406 ) ;
#2511 = VECTOR ( 'NONE', #405, 1000.000000000000000 ) ;
#2512 = AXIS2_PLACEMENT_3D ( 'NONE', #3924, #4254, #4306 ) ;
#2513 = FACE_BOUND ( 'NONE', #957, .T. ) ;
#2514 = EDGE_CURVE ( 'NONE', #1033, #75, #435, .T. ) ;
#2515 = FACE_OUTER_BOUND ( 'NONE', #4473, .T. ) ;
#2516 = CARTESIAN_POINT ( 'NONE',  ( 5.000000000000000000, 10.00000000000002309, -4.999999999999973355 ) ) ;
#2517 = ORIENTED_EDGE ( 'NONE', *, *, #4565, .T. ) ;
#2518 = AXIS2_PLACEMENT_3D ( 'NONE', #2659, #4958, #4133 ) ;
#2519 = ADVANCED_FACE ( 'NONE', ( #3057 ), #1160, .F. ) ;
#2520 = CARTESIAN_POINT ( 'NONE',  ( 144.0000000000000284, 0.000000000000000000, -68.00000000000000000 ) ) ;
#2521 = EDGE_CURVE ( 'NONE', #1643, #2215, #685, .T. ) ;
#2522 = CARTESIAN_POINT ( 'NONE',  ( 205.3825308168844117, 3.000000000000000000, -162.0494536524393823 ) ) ;
#2523 = EDGE_LOOP ( 'NONE', ( #1545, #4245 ) ) ;
#2524 = VERTEX_POINT ( 'NONE', #1598 ) ;
#2525 = ORIENTED_EDGE ( 'NONE', *, *, #2320, .F. ) ;
#2526 = ADVANCED_FACE ( 'NONE', ( #2006 ), #3133, .F. ) ;
#2527 = DIRECTION ( 'NONE',  ( -1.000000000000000000, 0.000000000000000000, 0.000000000000000000 ) ) ;
#2528 = CARTESIAN_POINT ( 'NONE',  ( 18.00000000000000711, 87.00000000000001421, -214.2328496799144091 ) ) ;
#2529 = CARTESIAN_POINT ( 'NONE',  ( 201.9807934997806740, 3.000000000000000000, -169.1241044017996558 ) ) ;
#2530 = EDGE_LOOP ( 'NONE', ( #394, #4295, #1693, #2684 ) ) ;
#2531 = ORIENTED_EDGE ( 'NONE', *, *, #3172, .F. ) ;
#2532 = CARTESIAN_POINT ( 'NONE',  ( 0.000000000000000000, 0.000000000000000000, 0.000000000000000000 ) ) ;
#2533 = CARTESIAN_POINT ( 'NONE',  ( 173.0000000000000284, 7.000000000000000000, -41.99999999999999289 ) ) ;
#2534 = AXIS2_PLACEMENT_3D ( 'NONE', #708, #1849, #1068 ) ;
#2535 = CARTESIAN_POINT ( 'NONE',  ( 210.0000000000000000, 7.000000000000000000, -15.00000000000000000 ) ) ;
#2536 = EDGE_LOOP ( 'NONE', ( #3781, #4943 ) ) ;
#2537 = CARTESIAN_POINT ( 'NONE',  ( 53.00000000000000000, -3.000000000000000000, -48.59999999999999432 ) ) ;
#2538 = AXIS2_PLACEMENT_3D ( 'NONE', #2293, #1641, #1615 ) ;
#2539 = CYLINDRICAL_SURFACE ( 'NONE', #4699, 109.9999999999999858 ) ;
#2540 = DIRECTION ( 'NONE',  ( 0.000000000000000000, 0.000000000000000000, -1.000000000000000000 ) ) ;
#2541 = AXIS2_PLACEMENT_3D ( 'NONE', #4836, #976, #1307 ) ;
#2542 = EDGE_CURVE ( 'NONE', #885, #1379, #3550, .T. ) ;
#2543 = VECTOR ( 'NONE', #3672, 1000.000000000000000 ) ;
#2544 = VECTOR ( 'NONE', #4176, 1000.000000000000000 ) ;
#2545 = DIRECTION ( 'NONE',  ( 0.000000000000000000, 0.000000000000000000, -1.000000000000000000 ) ) ;
#2546 = DIRECTION ( 'NONE',  ( 0.000000000000000000, 0.000000000000000000, -1.000000000000000000 ) ) ;
#2547 = EDGE_LOOP ( 'NONE', ( #4113, #18, #3726, #4163, #2784, #746 ) ) ;
#2548 = CARTESIAN_POINT ( 'NONE',  ( 24.49999999999999289, 0.4760872834403059861, -140.8723564508509867 ) ) ;
#2549 = ADVANCED_FACE ( 'NONE', ( #3450 ), #2403, .F. ) ;
#2550 = ORGANIZATION ( 'UNSPECIFIED', 'UNSPECIFIED', '' ) ;
#2551 = ORIENTED_EDGE ( 'NONE', *, *, #1328, .F. ) ;
#2552 = DIRECTION ( 'NONE',  ( 0.000000000000000000, 1.000000000000000000, 0.000000000000000000 ) ) ;
#2553 = CARTESIAN_POINT ( 'NONE',  ( 24.49999999999999289, 6.044738620619011904, -143.4824565035190744 ) ) ;
#2554 = ORIENTED_EDGE ( 'NONE', *, *, #4891, .F. ) ;
#2555 = PLANE ( 'NONE',  #4777 ) ;
#2556 = ORIENTED_EDGE ( 'NONE', *, *, #1071, .T. ) ;
#2557 = ADVANCED_FACE ( 'NONE', ( #2709 ), #4578, .F. ) ;
#2558 = APPROVAL_DATE_TIME ( #1399, #4507 ) ;
#2559 = ORIENTED_EDGE ( 'NONE', *, *, #1297, .T. ) ;
#2560 = DIRECTION ( 'NONE',  ( -0.000000000000000000, 1.000000000000000000, -0.000000000000000000 ) ) ;
#2561 = CARTESIAN_POINT ( 'NONE',  ( 210.5500000000000114, 21.67999999999999972, -136.7000000000000171 ) ) ;
#2562 = DIRECTION ( 'NONE',  ( 0.000000000000000000, -0.000000000000000000, -1.000000000000000000 ) ) ;
#2563 = CARTESIAN_POINT ( 'NONE',  ( 182.0000000000000000, 27.00000000000000000, -190.0000000000000000 ) ) ;
#2564 = CARTESIAN_POINT ( 'NONE',  ( 216.5692329923820409, 21.26811276540023954, -157.2581219747775378 ) ) ;
#2565 = DIRECTION ( 'NONE',  ( -0.000000000000000000, 1.000000000000000000, -0.000000000000000000 ) ) ;
#2566 = LINE ( 'NONE', #551, #411 ) ;
#2567 = CARTESIAN_POINT ( 'NONE',  ( 216.7552327113002946, 23.02875667008067495, -156.5203265653496203 ) ) ;
#2568 = EDGE_LOOP ( 'NONE', ( #4549, #4853 ) ) ;
#2569 = AXIS2_PLACEMENT_3D ( 'NONE', #3972, #2810, #2836 ) ;
#2570 = DIRECTION ( 'NONE',  ( 1.000000000000000000, 0.000000000000000000, -2.668805347656625692E-16 ) ) ;
#2571 = CIRCLE ( 'NONE', #2244, 8.000000000000007105 ) ;
#2572 = VERTEX_POINT ( 'NONE', #1213 ) ;
#2573 = EDGE_CURVE ( 'NONE', #592, #4756, #1341, .T. ) ;
#2574 = CARTESIAN_POINT ( 'NONE',  ( 21.42094381732307085, 3.000000000000000000, -176.1987551511599293 ) ) ;
#2575 = LINE ( 'NONE', #1796, #24 ) ;
#2576 = LINE ( 'NONE', #112, #1247 ) ;
#2577 = ORIENTED_EDGE ( 'NONE', *, *, #1019, .T. ) ;
#2578 = ORIENTED_EDGE ( 'NONE', *, *, #3258, .F. ) ;
#2579 = FACE_OUTER_BOUND ( 'NONE', #3559, .T. ) ;
#2580 = CIRCLE ( 'NONE', #810, 105.0000000000000000 ) ;
#2581 = DIRECTION ( 'NONE',  ( 0.000000000000000000, 0.000000000000000000, -1.000000000000000000 ) ) ;
#2582 = PRODUCT_DEFINITION ( 'UNKNOWN', '', #458, #1743 ) ;
#2583 = ORIENTED_EDGE ( 'NONE', *, *, #1534, .T. ) ;
#2584 = DIRECTION ( 'NONE',  ( 0.000000000000000000, -1.000000000000000000, 3.469446951953613696E-16 ) ) ;
#2585 = CIRCLE ( 'NONE', #1381, 1.000000000000000888 ) ;
#2586 = DIRECTION ( 'NONE',  ( 0.000000000000000000, 0.000000000000000000, 1.000000000000000000 ) ) ;
#2587 = CIRCLE ( 'NONE', #409, 5.000000000000004441 ) ;
#2588 = DIRECTION ( 'NONE',  ( -0.000000000000000000, 0.000000000000000000, 1.000000000000000000 ) ) ;
#2589 = DIRECTION ( 'NONE',  ( -0.000000000000000000, 0.000000000000000000, 1.000000000000000000 ) ) ;
#2590 = EDGE_CURVE ( 'NONE', #3205, #4351, #2682, .T. ) ;
#2591 = VECTOR ( 'NONE', #3389, 1000.000000000000000 ) ;
#2592 = VECTOR ( 'NONE', #4475, 1000.000000000000000 ) ;
#2593 = CARTESIAN_POINT ( 'NONE',  ( 14.61746918311558652, 7.000000000000000000, -162.0494536524393823 ) ) ;
#2594 = VECTOR ( 'NONE', #547, 1000.000000000000000 ) ;
#2595 = ORIENTED_EDGE ( 'NONE', *, *, #1626, .T. ) ;
#2596 = DIRECTION ( 'NONE',  ( 0.000000000000000000, 1.000000000000000000, 0.000000000000000000 ) ) ;
#2597 = AXIS2_PLACEMENT_3D ( 'NONE', #579, #3347, #4471 ) ;
#2598 = ORIENTED_EDGE ( 'NONE', *, *, #2603, .F. ) ;
#2599 = CARTESIAN_POINT ( 'NONE',  ( 219.7951512054009982, 21.88340312614855776, -136.7100792162318328 ) ) ;
#2600 = CARTESIAN_POINT ( 'NONE',  ( 38.00000000000000711, 0.000000000000000000, -190.0000000000000000 ) ) ;
#2601 = CARTESIAN_POINT ( 'NONE',  ( 166.9999999999999716, 3.000000000000000000, -61.40000000000001279 ) ) ;
#2602 = ORIENTED_EDGE ( 'NONE', *, *, #1557, .T. ) ;
#2603 = EDGE_CURVE ( 'NONE', #2045, #2807, #4196, .T. ) ;
#2604 = ORIENTED_EDGE ( 'NONE', *, *, #1156, .T. ) ;
#2605 = CARTESIAN_POINT ( 'NONE',  ( 14.61746918311558652, -3.000000000000000000, -161.0494536524393823 ) ) ;
#2606 = CARTESIAN_POINT ( 'NONE',  ( 210.0000000000000000, 0.000000000000000000, -15.00000000000000000 ) ) ;
#2607 = VERTEX_POINT ( 'NONE', #2374 ) ;
#2608 = DIRECTION ( 'NONE',  ( 0.000000000000000000, -3.469446951953613696E-16, -1.000000000000000000 ) ) ;
#2609 = ORIENTED_EDGE ( 'NONE', *, *, #4186, .F. ) ;
#2610 = ORIENTED_EDGE ( 'NONE', *, *, #3549, .T. ) ;
#2611 = EDGE_CURVE ( 'NONE', #1415, #3038, #813, .T. ) ;
#2612 = CYLINDRICAL_SURFACE ( 'NONE', #4212, 8.000000000000007105 ) ;
#2613 = DIRECTION ( 'NONE',  ( 1.000000000000000000, 0.000000000000000000, -0.000000000000000000 ) ) ;
#2614 = LINE ( 'NONE', #4864, #3551 ) ;
#2615 = ADVANCED_FACE ( 'NONE', ( #3898 ), #1547, .F. ) ;
#2616 = DIRECTION ( 'NONE',  ( -0.000000000000000000, -1.000000000000000000, -0.000000000000000000 ) ) ;
#2617 = VECTOR ( 'NONE', #1214, 1000.000000000000000 ) ;
#2618 = VERTEX_POINT ( 'NONE', #558 ) ;
#2619 = LINE ( 'NONE', #4211, #3860 ) ;
#2620 = VECTOR ( 'NONE', #929, 1000.000000000000000 ) ;
#2621 = VERTEX_POINT ( 'NONE', #3208 ) ;
#2622 = CIRCLE ( 'NONE', #452, 3.000000000000002665 ) ;
#2623 = CARTESIAN_POINT ( 'NONE',  ( 176.0000000000000000, -12.00000000000000000, -83.00000000000000000 ) ) ;
#2624 = DIRECTION ( 'NONE',  ( 0.000000000000000000, 0.000000000000000000, 1.000000000000000000 ) ) ;
#2625 = AXIS2_PLACEMENT_3D ( 'NONE', #3957, #4692, #4794 ) ;
#2626 = CARTESIAN_POINT ( 'NONE',  ( 176.0000000000000000, -12.00000000000000000, -83.00000000000000000 ) ) ;
#2627 = ORIENTED_EDGE ( 'NONE', *, *, #1435, .T. ) ;
#2628 = ORIENTED_EDGE ( 'NONE', *, *, #2456, .F. ) ;
#2629 = ORIENTED_EDGE ( 'NONE', *, *, #2126, .T. ) ;
#2630 = CARTESIAN_POINT ( 'NONE',  ( 44.00000000000000711, -10.00000000000000000, -83.00000000000000000 ) ) ;
#2631 = CARTESIAN_POINT ( 'NONE',  ( 34.49999999999999289, -3.000000000000000000, -127.0000000000000000 ) ) ;
#2632 = CARTESIAN_POINT ( 'NONE',  ( 0.000000000000000000, 10.00000000000000888, -35.00000000000000000 ) ) ;
#2633 = VERTEX_POINT ( 'NONE', #3996 ) ;
#2634 = CARTESIAN_POINT ( 'NONE',  ( 191.7000000000000171, -3.000000000000000000, -135.7500000000000000 ) ) ;
#2635 = CARTESIAN_POINT ( 'NONE',  ( 216.9911388691039349, 20.13946419115220721, -155.5520317255738121 ) ) ;
#2636 = CARTESIAN_POINT ( 'NONE',  ( 5.000000000000000000, 7.000000000000000000, -130.0000000000000000 ) ) ;
#2637 = EDGE_CURVE ( 'NONE', #1638, #2360, #4400, .T. ) ;
#2638 = DIRECTION ( 'NONE',  ( -1.000000000000000000, -0.000000000000000000, -0.000000000000000000 ) ) ;
#2639 = ORIENTED_EDGE ( 'NONE', *, *, #3403, .F. ) ;
#2640 = EDGE_CURVE ( 'NONE', #4005, #679, #367, .T. ) ;
#2641 = CYLINDRICAL_SURFACE ( 'NONE', #3937, 1.000000000000000888 ) ;
#2642 = ORIENTED_EDGE ( 'NONE', *, *, #1593, .F. ) ;
#2643 = ORIENTED_EDGE ( 'NONE', *, *, #2206, .T. ) ;
#2644 = ADVANCED_FACE ( 'NONE', ( #4021, #3622, #606 ), #3600, .T. ) ;
#2645 = PERSON_AND_ORGANIZATION ( #2957, #2550 ) ;
#2646 = CARTESIAN_POINT ( 'NONE',  ( 201.9807934997806740, 3.000000000000000000, -176.9741044017996501 ) ) ;
#2647 = CARTESIAN_POINT ( 'NONE',  ( 67.00000000000000000, -3.000000000000000000, -47.00000000000000000 ) ) ;
#2648 = EDGE_CURVE ( 'NONE', #423, #4496, #2502, .T. ) ;
#2649 = DIRECTION ( 'NONE',  ( 0.000000000000000000, 1.000000000000000000, 0.000000000000000000 ) ) ;
#2650 = VERTEX_POINT ( 'NONE', #3255 ) ;
#2651 = ORIENTED_EDGE ( 'NONE', *, *, #3827, .F. ) ;
#2652 = DIRECTION ( 'NONE',  ( 0.000000000000000000, 0.000000000000000000, 1.000000000000000000 ) ) ;
#2653 = LINE ( 'NONE', #636, #1012 ) ;
#2654 = DIRECTION ( 'NONE',  ( 0.000000000000000000, 1.000000000000000000, 0.000000000000000000 ) ) ;
#2655 = ORIENTED_EDGE ( 'NONE', *, *, #520, .T. ) ;
#2656 = AXIS2_PLACEMENT_3D ( 'NONE', #490, #4667, #3165 ) ;
#2657 = CARTESIAN_POINT ( 'NONE',  ( 173.0000000000000284, 3.000000000000000000, -41.99999999999999289 ) ) ;
#2658 = CARTESIAN_POINT ( 'NONE',  ( 217.1045671050658825, 20.28236697017822721, -155.0723130555552984 ) ) ;
#2659 = CARTESIAN_POINT ( 'NONE',  ( 21.42094381732307085, 7.000000000000000000, -176.1987551511599293 ) ) ;
#2660 = VECTOR ( 'NONE', #2417, 1000.000000000000000 ) ;
#2661 = DIRECTION ( 'NONE',  ( 0.000000000000000000, 0.000000000000000000, -1.000000000000000000 ) ) ;
#2662 = APPLICATION_CONTEXT ( 'configuration controlled 3d designs of mechanical parts and assemblies' ) ;
#2663 = VECTOR ( 'NONE', #2716, 1000.000000000000000 ) ;
#2664 = EDGE_CURVE ( 'NONE', #626, #1638, #2479, .T. ) ;
#2665 = VERTEX_POINT ( 'NONE', #2147 ) ;
#2666 = LINE ( 'NONE', #2692, #3157 ) ;
#2667 = ORIENTED_EDGE ( 'NONE', *, *, #3139, .T. ) ;
#2668 = AXIS2_PLACEMENT_3D ( 'NONE', #3786, #748, #1940 ) ;
#2669 = DIRECTION ( 'NONE',  ( 0.000000000000000000, 0.000000000000000000, -1.000000000000000000 ) ) ;
#2670 = EDGE_CURVE ( 'NONE', #2312, #2113, #84, .T. ) ;
#2671 = ORIENTED_EDGE ( 'NONE', *, *, #2894, .T. ) ;
#2672 = VECTOR ( 'NONE', #2616, 1000.000000000000000 ) ;
#2673 = EDGE_CURVE ( 'NONE', #3490, #1813, #141, .T. ) ;
#2674 = DIRECTION ( 'NONE',  ( 0.000000000000000000, 1.000000000000000000, 0.000000000000000000 ) ) ;
#2675 = CYLINDRICAL_SURFACE ( 'NONE', #4416, 1.600000000000004086 ) ;
#2676 = DIRECTION ( 'NONE',  ( 0.000000000000000000, 0.000000000000000000, 1.000000000000000000 ) ) ;
#2677 = ORIENTED_EDGE ( 'NONE', *, *, #4413, .F. ) ;
#2678 = VECTOR ( 'NONE', #1460, 1000.000000000000000 ) ;
#2679 = ORIENTED_EDGE ( 'NONE', *, *, #2067, .F. ) ;
#2680 = EDGE_CURVE ( 'NONE', #3710, #4518, #584, .T. ) ;
#2681 = DIRECTION ( 'NONE',  ( 1.000000000000000000, 0.000000000000000000, 0.000000000000000000 ) ) ;
#2682 = LINE ( 'NONE', #3479, #2386 ) ;
#2683 = FACE_OUTER_BOUND ( 'NONE', #811, .T. ) ;
#2684 = ORIENTED_EDGE ( 'NONE', *, *, #4528, .T. ) ;
#2685 = DIRECTION ( 'NONE',  ( 0.000000000000000000, -0.000000000000000000, -1.000000000000000000 ) ) ;
#2686 = DIRECTION ( 'NONE',  ( -1.000000000000000000, -0.000000000000000000, -0.000000000000000000 ) ) ;
#2687 = ORIENTED_EDGE ( 'NONE', *, *, #1226, .T. ) ;
#2688 = CARTESIAN_POINT ( 'NONE',  ( 245.5500000000000114, 21.67999999999999972, -139.8000000000000114 ) ) ;
#2689 = CARTESIAN_POINT ( 'NONE',  ( 219.7054166246668103, 20.12977099287269311, -138.0475763052357934 ) ) ;
#2690 = ADVANCED_FACE ( 'NONE', ( #3180 ), #1695, .F. ) ;
#2691 = ORIENTED_EDGE ( 'NONE', *, *, #3585, .T. ) ;
#2692 = CARTESIAN_POINT ( 'NONE',  ( 220.0000000000000000, 0.000000000000000000, 0.000000000000000000 ) ) ;
#2693 = ORIENTED_EDGE ( 'NONE', *, *, #754, .T. ) ;
#2694 = ADVANCED_FACE ( 'NONE', ( #4348 ), #1346, .T. ) ;
#2695 = CIRCLE ( 'NONE', #2453, 5.000000000000004441 ) ;
#2696 = DIRECTION ( 'NONE',  ( -0.000000000000000000, 1.000000000000000000, -0.000000000000000000 ) ) ;
#2697 = VERTEX_POINT ( 'NONE', #944 ) ;
#2698 = AXIS2_PLACEMENT_3D ( 'NONE', #3373, #728, #1470 ) ;
#2699 = FACE_OUTER_BOUND ( 'NONE', #571, .T. ) ;
#2700 = PLANE ( 'NONE',  #1854 ) ;
#2701 = ADVANCED_FACE ( 'NONE', ( #2450, #1672, #4708, #4424, #2122 ), #2883, .T. ) ;
#2702 = FACE_OUTER_BOUND ( 'NONE', #1657, .T. ) ;
#2703 = ORIENTED_EDGE ( 'NONE', *, *, #3699, .T. ) ;
#2704 = VECTOR ( 'NONE', #808, 1000.000000000000000 ) ;
#2705 = ORIENTED_EDGE ( 'NONE', *, *, #1713, .T. ) ;
#2706 = AXIS2_PLACEMENT_3D ( 'NONE', #4047, #1745, #188 ) ;
#2707 = CARTESIAN_POINT ( 'NONE',  ( 38.00000000000000711, 27.00000000000000000, -190.0000000000000000 ) ) ;
#2708 = VECTOR ( 'NONE', #3333, 1000.000000000000000 ) ;
#2709 = FACE_OUTER_BOUND ( 'NONE', #2141, .T. ) ;
#2710 = CARTESIAN_POINT ( 'NONE',  ( 166.9999999999999716, 3.000000000000000000, -48.59999999999998721 ) ) ;
#2711 = EDGE_LOOP ( 'NONE', ( #3578, #1633, #2441, #4617 ) ) ;
#2712 = EDGE_CURVE ( 'NONE', #2348, #2719, #3231, .T. ) ;
#2713 = ORIENTED_EDGE ( 'NONE', *, *, #603, .T. ) ;
#2714 = CARTESIAN_POINT ( 'NONE',  ( 67.00000000000000000, 3.000000000000000000, -47.00000000000000000 ) ) ;
#2715 = EDGE_CURVE ( 'NONE', #1772, #3205, #508, .T. ) ;
#2716 = DIRECTION ( 'NONE',  ( 1.000000000000000000, 0.000000000000000000, 0.000000000000000000 ) ) ;
#2717 = CARTESIAN_POINT ( 'NONE',  ( 173.8996047274589785, 87.00000000000001421, -209.2328496799144091 ) ) ;
#2718 = DIRECTION ( 'NONE',  ( -0.000000000000000000, 1.000000000000000000, -0.000000000000000000 ) ) ;
#2719 = VERTEX_POINT ( 'NONE', #166 ) ;
#2720 = LINE ( 'NONE', #3855, #4055 ) ;
#2721 = LINE ( 'NONE', #4235, #4105 ) ;
#2722 = ORIENTED_EDGE ( 'NONE', *, *, #153, .F. ) ;
#2723 = DIRECTION ( 'NONE',  ( 0.000000000000000000, 0.5719582921107136952, -0.8202827025396767224 ) ) ;
#2724 = ORIENTED_EDGE ( 'NONE', *, *, #4811, .F. ) ;
#2725 = CYLINDRICAL_SURFACE ( 'NONE', #2777, 1.599999999999990319 ) ;
#2726 = DIRECTION ( 'NONE',  ( -1.000000000000000000, 0.000000000000000000, 0.000000000000000000 ) ) ;
#2727 = PLANE ( 'NONE',  #2538 ) ;
#2728 = ORIENTED_EDGE ( 'NONE', *, *, #4343, .F. ) ;
#2729 = ORIENTED_EDGE ( 'NONE', *, *, #429, .F. ) ;
#2730 = EDGE_CURVE ( 'NONE', #2373, #2075, #3575, .T. ) ;
#2731 = CARTESIAN_POINT ( 'NONE',  ( 44.00000000000000711, -93.00000000000000000, -15.00000000000000178 ) ) ;
#2732 = DIRECTION ( 'NONE',  ( 0.000000000000000000, 0.000000000000000000, 1.000000000000000000 ) ) ;
#2733 = CARTESIAN_POINT ( 'NONE',  ( 21.42094381732307085, 3.000000000000000000, -176.1987551511599293 ) ) ;
#2734 = ORIENTED_EDGE ( 'NONE', *, *, #1453, .F. ) ;
#2735 = VECTOR ( 'NONE', #1037, 1000.000000000000000 ) ;
#2736 = ORIENTED_EDGE ( 'NONE', *, *, #1351, .F. ) ;
#2737 = FACE_OUTER_BOUND ( 'NONE', #1355, .T. ) ;
#2738 = EDGE_CURVE ( 'NONE', #684, #1562, #4488, .T. ) ;
#2739 = CARTESIAN_POINT ( 'NONE',  ( 67.00000000000000000, 3.000000000000000000, -45.39999999999999858 ) ) ;
#2740 = DIRECTION ( 'NONE',  ( -0.000000000000000000, 1.000000000000000000, -0.000000000000000000 ) ) ;
#2741 = DIRECTION ( 'NONE',  ( -0.000000000000000000, 1.000000000000000000, -0.000000000000000000 ) ) ;
#2742 = ORIENTED_EDGE ( 'NONE', *, *, #3705, .F. ) ;
#2743 = AXIS2_PLACEMENT_3D ( 'NONE', #1457, #293, #1027 ) ;
#2744 = EDGE_CURVE ( 'NONE', #2917, #33, #795, .T. ) ;
#2745 = DIRECTION ( 'NONE',  ( -0.000000000000000000, -1.000000000000000000, -0.000000000000000000 ) ) ;
#2746 = ORIENTED_EDGE ( 'NONE', *, *, #2003, .T. ) ;
#2747 = CARTESIAN_POINT ( 'NONE',  ( 10.00000000000000000, -93.00000000000000000, -95.00000000000000000 ) ) ;
#2748 = ORIENTED_EDGE ( 'NONE', *, *, #2809, .F. ) ;
#2749 = CARTESIAN_POINT ( 'NONE',  ( 205.3825308168844117, 7.000000000000000000, -161.0494536524393823 ) ) ;
#2750 = AXIS2_PLACEMENT_3D ( 'NONE', #2532, #120, #540 ) ;
#2751 = ORIENTED_EDGE ( 'NONE', *, *, #233, .F. ) ;
#2752 = CIRCLE ( 'NONE', #572, 2.500000000000002220 ) ;
#2753 = LINE ( 'NONE', #4268, #1497 ) ;
#2754 = CYLINDRICAL_SURFACE ( 'NONE', #4250, 5.000000000000004441 ) ;
#2755 = LINE ( 'NONE', #3914, #1735 ) ;
#2756 = ORIENTED_EDGE ( 'NONE', *, *, #2389, .T. ) ;
#2757 = VECTOR ( 'NONE', #935, 1000.000000000000000 ) ;
#2758 = AXIS2_PLACEMENT_3D ( 'NONE', #2278, #2990, #4885 ) ;
#2759 = ORIENTED_EDGE ( 'NONE', *, *, #3335, .T. ) ;
#2760 = ORIENTED_EDGE ( 'NONE', *, *, #1077, .F. ) ;
#2761 = DIRECTION ( 'NONE',  ( 0.000000000000000000, -1.000000000000000000, 0.000000000000000000 ) ) ;
#2762 = VECTOR ( 'NONE', #1732, 1000.000000000000000 ) ;
#2763 = CARTESIAN_POINT ( 'NONE',  ( 0.000000000000000000, 9.999999999999994671, -75.00000000000001421 ) ) ;
#2764 = ORIENTED_EDGE ( 'NONE', *, *, #764, .T. ) ;
#2765 = EDGE_CURVE ( 'NONE', #1318, #1831, #2196, .T. ) ;
#2766 = DIRECTION ( 'NONE',  ( 0.000000000000000000, -1.000000000000000000, 0.000000000000000000 ) ) ;
#2767 = DIRECTION ( 'NONE',  ( 0.000000000000000000, 0.000000000000000000, -1.000000000000000000 ) ) ;
#2768 = DIRECTION ( 'NONE',  ( -0.000000000000000000, -0.000000000000000000, 1.000000000000000000 ) ) ;
#2769 = ORIENTED_EDGE ( 'NONE', *, *, #3394, .F. ) ;
#2770 = CARTESIAN_POINT ( 'NONE',  ( 14.61746918311558652, -3.000000000000000000, -163.0494536524393823 ) ) ;
#2771 = EDGE_CURVE ( 'NONE', #2009, #2078, #726, .T. ) ;
#2772 = ORIENTED_EDGE ( 'NONE', *, *, #4519, .F. ) ;
#2773 = DIRECTION ( 'NONE',  ( -0.000000000000000000, -1.000000000000000000, -0.000000000000000000 ) ) ;
#2774 = CARTESIAN_POINT ( 'NONE',  ( 0.000000000000000000, 7.000000000000000000, -130.0000000000000000 ) ) ;
#2775 = ORIENTED_EDGE ( 'NONE', *, *, #3062, .T. ) ;
#2776 = EDGE_CURVE ( 'NONE', #3452, #2955, #505, .T. ) ;
#2777 = AXIS2_PLACEMENT_3D ( 'NONE', #1945, #1591, #3149 ) ;
#2778 = VERTEX_POINT ( 'NONE', #3351 ) ;
#2779 = CARTESIAN_POINT ( 'NONE',  ( 215.0000000000000000, 7.000000000000000000, -5.000000000000000000 ) ) ;
#2780 = CARTESIAN_POINT ( 'NONE',  ( 191.7000000000000171, 0.000000000000000000, -151.5000000000000000 ) ) ;
#2781 = FACE_OUTER_BOUND ( 'NONE', #4602, .T. ) ;
#2782 = ORIENTED_EDGE ( 'NONE', *, *, #1504, .T. ) ;
#2783 = VECTOR ( 'NONE', #3747, 1000.000000000000000 ) ;
#2784 = ORIENTED_EDGE ( 'NONE', *, *, #2003, .F. ) ;
#2785 = CARTESIAN_POINT ( 'NONE',  ( 44.00000000000000711, -0.000000000000000000, -86.00000000000000000 ) ) ;
#2786 = AXIS2_PLACEMENT_3D ( 'NONE', #1132, #4191, #66 ) ;
#2787 = CARTESIAN_POINT ( 'NONE',  ( 47.00000000000000711, 3.000000000000000000, -41.99999999999999289 ) ) ;
#2788 = EDGE_LOOP ( 'NONE', ( #53, #1711, #1240, #544 ) ) ;
#2789 = VECTOR ( 'NONE', #1500, 1000.000000000000000 ) ;
#2790 = CARTESIAN_POINT ( 'NONE',  ( 176.0000000000000000, -10.00000000000000000, -83.00000000000000000 ) ) ;
#2791 = CARTESIAN_POINT ( 'NONE',  ( 5.000000000000000000, 87.00000000000000000, -35.00000000000004263 ) ) ;
#2792 = ORIENTED_EDGE ( 'NONE', *, *, #3048, .F. ) ;
#2793 = CYLINDRICAL_SURFACE ( 'NONE', #1730, 1.599999999999990319 ) ;
#2794 = ORIENTED_EDGE ( 'NONE', *, *, #4848, .F. ) ;
#2795 = FACE_BOUND ( 'NONE', #2477, .T. ) ;
#2796 = EDGE_CURVE ( 'NONE', #2281, #2186, #3323, .T. ) ;
#2797 = CYLINDRICAL_SURFACE ( 'NONE', #3503, 7.849999999999996092 ) ;
#2798 = APPROVAL_PERSON_ORGANIZATION ( #2645, #4507, #2176 ) ;
#2799 = PLANE ( 'NONE',  #3864 ) ;
#2800 = ORIENTED_EDGE ( 'NONE', *, *, #3888, .T. ) ;
#2801 = AXIS2_PLACEMENT_3D ( 'NONE', #1752, #2937, #4001 ) ;
#2802 = EDGE_LOOP ( 'NONE', ( #3863, #143 ) ) ;
#2803 = EDGE_CURVE ( 'NONE', #4122, #1471, #279, .T. ) ;
#2804 = CARTESIAN_POINT ( 'NONE',  ( 217.2685467319004999, 22.37557608074929050, -154.3610456499827137 ) ) ;
#2805 = CYLINDRICAL_SURFACE ( 'NONE', #3769, 1.599999999999990319 ) ;
#2806 = DIRECTION ( 'NONE',  ( 0.000000000000000000, 0.08518905960320007076, -0.9963648047396708174 ) ) ;
#2807 = VERTEX_POINT ( 'NONE', #4895 ) ;
#2808 = VERTEX_POINT ( 'NONE', #1468 ) ;
#2809 = EDGE_CURVE ( 'NONE', #176, #4262, #4874, .T. ) ;
#2810 = DIRECTION ( 'NONE',  ( -0.000000000000000000, 1.000000000000000000, -0.000000000000000000 ) ) ;
#2811 = DIRECTION ( 'NONE',  ( -0.000000000000000000, 1.734723475976807341E-16, -1.000000000000000000 ) ) ;
#2812 = ORIENTED_EDGE ( 'NONE', *, *, #1635, .F. ) ;
#2813 = ORIENTED_EDGE ( 'NONE', *, *, #796, .T. ) ;
#2814 = PERSON_AND_ORGANIZATION ( #2957, #2550 ) ;
#2815 = LINE ( 'NONE', #3629, #1783 ) ;
#2816 = DIRECTION ( 'NONE',  ( 0.000000000000000000, 0.000000000000000000, -1.000000000000000000 ) ) ;
#2817 = EDGE_LOOP ( 'NONE', ( #2760, #4949, #926, #1326 ) ) ;
#2818 = DIRECTION ( 'NONE',  ( -0.000000000000000000, 1.000000000000000000, -0.000000000000000000 ) ) ;
#2819 = ORIENTED_EDGE ( 'NONE', *, *, #2796, .F. ) ;
#2820 = VECTOR ( 'NONE', #4780, 1000.000000000000000 ) ;
#2821 = CYLINDRICAL_SURFACE ( 'NONE', #290, 7.500000000000007105 ) ;
#2822 = DIRECTION ( 'NONE',  ( 0.000000000000000000, 0.1961161351381841556, -0.9805806756909202226 ) ) ;
#2823 = CARTESIAN_POINT ( 'NONE',  ( 210.5500000000000114, 43.50000000000000000, -158.2500000000000000 ) ) ;
#2824 = EDGE_LOOP ( 'NONE', ( #2484, #2395 ) ) ;
#2825 = EDGE_CURVE ( 'NONE', #3911, #837, #1013, .T. ) ;
#2826 = VERTEX_POINT ( 'NONE', #653 ) ;
#2827 = AXIS2_PLACEMENT_3D ( 'NONE', #4310, #823, #2015 ) ;
#2828 = FACE_OUTER_BOUND ( 'NONE', #2846, .T. ) ;
#2829 = CARTESIAN_POINT ( 'NONE',  ( 217.1262538503625876, 23.04006301001895096, -154.9800330861311863 ) ) ;
#2830 = DIRECTION ( 'NONE',  ( 0.000000000000000000, 1.000000000000000000, 0.000000000000000000 ) ) ;
#2831 = DIRECTION ( 'NONE',  ( 0.000000000000000000, 0.000000000000000000, 1.000000000000000000 ) ) ;
#2832 = ORIENTED_EDGE ( 'NONE', *, *, #1048, .T. ) ;
#2833 = EDGE_CURVE ( 'NONE', #4079, #953, #3370, .T. ) ;
#2834 = EDGE_CURVE ( 'NONE', #2225, #4068, #1108, .T. ) ;
#2835 = EDGE_LOOP ( 'NONE', ( #1924, #1868 ) ) ;
#2836 = DIRECTION ( 'NONE',  ( 0.000000000000000000, 0.000000000000000000, 1.000000000000000000 ) ) ;
#2837 = CARTESIAN_POINT ( 'NONE',  ( 66.99999999999998579, 7.000000000000000000, -64.60000000000000853 ) ) ;
#2838 = ORIENTED_EDGE ( 'NONE', *, *, #1802, .T. ) ;
#2839 = EDGE_CURVE ( 'NONE', #67, #1590, #1964, .T. ) ;
#2840 = COORDINATED_UNIVERSAL_TIME_OFFSET ( 7, 0, .AHEAD. ) ;
#2841 = VECTOR ( 'NONE', #4837, 1000.000000000000000 ) ;
#2842 = FACE_BOUND ( 'NONE', #2422, .T. ) ;
#2843 = CARTESIAN_POINT ( 'NONE',  ( 215.0000000000000000, 7.000000000000000000, -5.000000000000000000 ) ) ;
#2844 = CARTESIAN_POINT ( 'NONE',  ( 210.0000000000000000, -93.00000000000000000, -95.00000000000001421 ) ) ;
#2845 = CLOSED_SHELL ( 'NONE', ( #2557, #3910, #643, #627, #2420, #4628, #4279, #2149, #2022, #2241, #3269, #1430, #3820, #2877, #1484, #2519, #1933, #301, #4670, #1410, #4637, #484, #707, #3368, #1760, #2169, #2690, #221, #1256, #4588, #2061, #4472, #1821, #4725, #923, #2549, #4543, #3400, #118, #1378, #2308, #2231, #2956, #3103, #160, #4078, #42, #790, #1441, #2401, #3039, #3043, #1448, #292, #3741, #3496, #3112, #1181, #3291, #1835, #3375, #3217, #3199, #1781, #1808, #3530, #4842, #3125, #971, #533, #4010, #886, #4838, #1750, #4878, #4259, #415, #2402, #4873, #1315, #3535, #2694, #491, #1744, #2235, #4664, #4594, #1572, #1034, #215, #2055, #3505, #1623, #3473, #1910, #4069, #4312, #4052, #583, #238, #2427, #2338, #891, #2526, #668, #3316, #958, #2701, #2988, #2037, #4480, #2029, #3055, #2297, #2887, #1510, #2928, #2290, #1814, #2644, #4534, #507, #4193, #4154, #1858, #266, #4251, #3713, #723, #4287, #4817, #4092, #747, #4597, #2615, #1249, #1563, #555, #3310, #4164, #816, #3167, #699 ) ) ;
#2846 = EDGE_LOOP ( 'NONE', ( #625, #1488, #4636, #4740 ) ) ;
#2847 = FACE_BOUND ( 'NONE', #2168, .T. ) ;
#2848 = LINE ( 'NONE', #126, #2469 ) ;
#2849 = CARTESIAN_POINT ( 'NONE',  ( 44.00000000000000000, 0.000000000000000000, -68.00000000000000000 ) ) ;
#2850 = EDGE_LOOP ( 'NONE', ( #114, #2038, #1102, #2969, #1474, #556 ) ) ;
#2851 = EDGE_LOOP ( 'NONE', ( #2341, #4272, #1340, #3618 ) ) ;
#2852 = DIRECTION ( 'NONE',  ( -0.000000000000000000, 1.000000000000000000, -0.000000000000000000 ) ) ;
#2853 = PLANE ( 'NONE',  #3211 ) ;
#2854 = DIRECTION ( 'NONE',  ( -0.000000000000000000, 1.000000000000000000, -0.000000000000000000 ) ) ;
#2855 = CARTESIAN_POINT ( 'NONE',  ( 44.00000000000000711, 7.000000000000000000, -41.99999999999999289 ) ) ;
#2856 = VERTEX_POINT ( 'NONE', #3420 ) ;
#2857 = EDGE_LOOP ( 'NONE', ( #3835, #1542, #4359, #4243 ) ) ;
#2858 = EDGE_CURVE ( 'NONE', #277, #2319, #3794, .T. ) ;
#2859 = DIRECTION ( 'NONE',  ( 0.000000000000000000, 1.734723475976807587E-16, -1.000000000000000000 ) ) ;
#2860 = CARTESIAN_POINT ( 'NONE',  ( 176.0000000000000000, -12.00000000000000000, -95.00000000000000000 ) ) ;
#2861 = ORIENTED_EDGE ( 'NONE', *, *, #2867, .F. ) ;
#2862 = VECTOR ( 'NONE', #3528, 1000.000000000000000 ) ;
#2863 = DIRECTION ( 'NONE',  ( 0.000000000000000000, 1.000000000000000000, 0.000000000000000000 ) ) ;
#2864 = DIRECTION ( 'NONE',  ( -0.000000000000000000, -1.000000000000000000, -0.000000000000000000 ) ) ;
#2865 = AXIS2_PLACEMENT_3D ( 'NONE', #3723, #3423, #3791 ) ;
#2866 = DIRECTION ( 'NONE',  ( 0.000000000000000000, 0.000000000000000000, -1.000000000000000000 ) ) ;
#2867 = EDGE_CURVE ( 'NONE', #3504, #684, #3814, .T. ) ;
#2868 = CARTESIAN_POINT ( 'NONE',  ( 144.0000000000000284, 0.000000000000000000, -41.99999999999999289 ) ) ;
#2869 = CIRCLE ( 'NONE', #766, 1.000000000000000888 ) ;
#2870 = VERTEX_POINT ( 'NONE', #3444 ) ;
#2871 = CARTESIAN_POINT ( 'NONE',  ( 52.99999999999999289, 7.000000000000000000, -63.00000000000000000 ) ) ;
#2872 = DIRECTION ( 'NONE',  ( -0.000000000000000000, 1.000000000000000000, -0.000000000000000000 ) ) ;
#2873 = VECTOR ( 'NONE', #3109, 1000.000000000000000 ) ;
#2874 = CARTESIAN_POINT ( 'NONE',  ( 38.00000000000000711, 0.000000000000000000, -197.0000000000000000 ) ) ;
#2875 = AXIS2_PLACEMENT_3D ( 'NONE', #1757, #1832, #619 ) ;
#2876 = ORIENTED_EDGE ( 'NONE', *, *, #1099, .F. ) ;
#2877 = ADVANCED_FACE ( 'NONE', ( #3838 ), #2725, .F. ) ;
#2878 = DIRECTION ( 'NONE',  ( -0.000000000000000000, 1.000000000000000000, -0.000000000000000000 ) ) ;
#2879 = LINE ( 'NONE', #203, #3693 ) ;
#2880 = ORIENTED_EDGE ( 'NONE', *, *, #3729, .T. ) ;
#2881 = ORIENTED_EDGE ( 'NONE', *, *, #832, .T. ) ;
#2882 = ORIENTED_EDGE ( 'NONE', *, *, #2357, .T. ) ;
#2883 = PLANE ( 'NONE',  #1043 ) ;
#2884 = LINE ( 'NONE', #4947, #1058 ) ;
#2885 = CARTESIAN_POINT ( 'NONE',  ( 178.8996047274589785, 87.00000000000001421, -209.2328496799144091 ) ) ;
#2886 = VERTEX_POINT ( 'NONE', #3471 ) ;
#2887 = ADVANCED_FACE ( 'NONE', ( #805 ), #456, .F. ) ;
#2888 = LINE ( 'NONE', #1298, #3983 ) ;
#2889 = CARTESIAN_POINT ( 'NONE',  ( 152.9999999999999716, 7.000000000000000000, -47.00000000000000000 ) ) ;
#2890 = CARTESIAN_POINT ( 'NONE',  ( 52.99999999999999289, -3.000000000000000000, -64.60000000000000853 ) ) ;
#2891 = VERTEX_POINT ( 'NONE', #1566 ) ;
#2892 = DIRECTION ( 'NONE',  ( 0.000000000000000000, 1.000000000000000000, 0.000000000000000000 ) ) ;
#2893 = ORIENTED_EDGE ( 'NONE', *, *, #3585, .F. ) ;
#2894 = EDGE_CURVE ( 'NONE', #4147, #3469, #4045, .T. ) ;
#2895 = DIRECTION ( 'NONE',  ( 0.000000000000000000, 0.000000000000000000, 1.000000000000000000 ) ) ;
#2896 = CARTESIAN_POINT ( 'NONE',  ( 44.00000000000000711, -8.400000000000000355, -95.00000000000000000 ) ) ;
#2897 = PLANE ( 'NONE',  #4431 ) ;
#2898 = ORIENTED_EDGE ( 'NONE', *, *, #1100, .F. ) ;
#2899 = EDGE_CURVE ( 'NONE', #4079, #1995, #4240, .T. ) ;
#2900 = CARTESIAN_POINT ( 'NONE',  ( 220.0000000000000000, 9.999999999999994671, -75.00000000000001421 ) ) ;
#2901 = CARTESIAN_POINT ( 'NONE',  ( 0.000000000000000000, 7.000000000000000000, 0.000000000000000000 ) ) ;
#2902 = ORIENTED_EDGE ( 'NONE', *, *, #3160, .T. ) ;
#2903 = DIRECTION ( 'NONE',  ( 0.000000000000000000, 0.000000000000000000, 1.000000000000000000 ) ) ;
#2904 = EDGE_LOOP ( 'NONE', ( #4879, #732, #1919, #852 ) ) ;
#2905 = VECTOR ( 'NONE', #476, 1000.000000000000000 ) ;
#2906 = DIRECTION ( 'NONE',  ( 0.000000000000000000, 0.000000000000000000, -1.000000000000000000 ) ) ;
#2907 = LINE ( 'NONE', #4825, #3148 ) ;
#2908 = CARTESIAN_POINT ( 'NONE',  ( 44.00000000000000000, -12.00000000000000000, -83.00000000000000000 ) ) ;
#2909 = ORIENTED_EDGE ( 'NONE', *, *, #3976, .F. ) ;
#2910 = ORIENTED_EDGE ( 'NONE', *, *, #3644, .T. ) ;
#2911 = DIRECTION ( 'NONE',  ( -0.000000000000000000, 1.000000000000000000, -0.000000000000000000 ) ) ;
#2912 = FACE_OUTER_BOUND ( 'NONE', #3990, .T. ) ;
#2913 = CIRCLE ( 'NONE', #3307, 1.600000000000004086 ) ;
#2914 = EDGE_CURVE ( 'NONE', #2423, #1571, #2343, .T. ) ;
#2915 = VECTOR ( 'NONE', #1204, 1000.000000000000000 ) ;
#2916 = DIRECTION ( 'NONE',  ( -1.000000000000000000, 0.000000000000000000, 4.081702296416016983E-16 ) ) ;
#2917 = VERTEX_POINT ( 'NONE', #8 ) ;
#2918 = VECTOR ( 'NONE', #3714, 1000.000000000000000 ) ;
#2919 = VECTOR ( 'NONE', #806, 1000.000000000000000 ) ;
#2920 = DIRECTION ( 'NONE',  ( -1.000000000000000000, 0.000000000000000000, -0.000000000000000000 ) ) ;
#2921 = CARTESIAN_POINT ( 'NONE',  ( -1.530638361156004125E-15, 0.000000000000000000, -14.99999999999997868 ) ) ;
#2922 = CARTESIAN_POINT ( 'NONE',  ( 185.5000000000000000, 0.000000000000000000, -167.0000000000000000 ) ) ;
#2923 = EDGE_CURVE ( 'NONE', #2826, #2032, #3181, .T. ) ;
#2924 = VECTOR ( 'NONE', #4515, 1000.000000000000000 ) ;
#2925 = DIRECTION ( 'NONE',  ( 0.000000000000000000, 0.000000000000000000, -1.000000000000000000 ) ) ;
#2926 = CARTESIAN_POINT ( 'NONE',  ( 219.7836218571975451, 20.89799629400637926, -136.8965515271075901 ) ) ;
#2927 = VERTEX_POINT ( 'NONE', #427 ) ;
#2928 = ADVANCED_FACE ( 'NONE', ( #2367 ), #1972, .F. ) ;
#2929 = CARTESIAN_POINT ( 'NONE',  ( 23.82640082738615561, 3.000000000000000000, -174.4060542355751977 ) ) ;
#2930 = EDGE_LOOP ( 'NONE', ( #4422, #510, #4226, #3529 ) ) ;
#2931 = CARTESIAN_POINT ( 'NONE',  ( 0.000000000000000000, 0.000000000000000000, -67.99999999999997158 ) ) ;
#2932 = DIRECTION ( 'NONE',  ( -0.000000000000000000, -1.000000000000000000, -0.000000000000000000 ) ) ;
#2933 = CARTESIAN_POINT ( 'NONE',  ( 34.49999999999999289, -4.044738620619069636, -150.5175434964809256 ) ) ;
#2934 = ORIENTED_EDGE ( 'NONE', *, *, #4897, .T. ) ;
#2935 = ORIENTED_EDGE ( 'NONE', *, *, #1665, .F. ) ;
#2936 = CARTESIAN_POINT ( 'NONE',  ( 173.0000000000000284, 3.000000000000000000, -41.99999999999999289 ) ) ;
#2937 = DIRECTION ( 'NONE',  ( -0.000000000000000000, 0.000000000000000000, 1.000000000000000000 ) ) ;
#2938 = AXIS2_PLACEMENT_3D ( 'NONE', #3797, #4509, #4128 ) ;
#2939 = FACE_OUTER_BOUND ( 'NONE', #4060, .T. ) ;
#2940 = ORIENTED_EDGE ( 'NONE', *, *, #4867, .T. ) ;
#2941 = CARTESIAN_POINT ( 'NONE',  ( 19.49999999999999645, 1.000000000000000000, -147.0000000000000000 ) ) ;
#2942 = ORIENTED_EDGE ( 'NONE', *, *, #4575, .T. ) ;
#2943 = CYLINDRICAL_SURFACE ( 'NONE', #4025, 1.599999999999997202 ) ;
#2944 = ORIENTED_EDGE ( 'NONE', *, *, #575, .F. ) ;
#2945 = LINE ( 'NONE', #570, #1632 ) ;
#2946 = VECTOR ( 'NONE', #30, 1000.000000000000000 ) ;
#2947 = EDGE_CURVE ( 'NONE', #679, #4005, #3024, .T. ) ;
#2948 = VECTOR ( 'NONE', #1375, 1000.000000000000000 ) ;
#2949 = CARTESIAN_POINT ( 'NONE',  ( 5.000000000000000000, 0.000000000000000000, -5.000000000000000000 ) ) ;
#2950 = LINE ( 'NONE', #3716, #872 ) ;
#2951 = ORIENTED_EDGE ( 'NONE', *, *, #2573, .F. ) ;
#2952 = DIRECTION ( 'NONE',  ( 0.000000000000000000, 0.000000000000000000, -1.000000000000000000 ) ) ;
#2953 = LOCAL_TIME ( 14, 16, 59.00000000000000000, #512 ) ;
#2954 = EDGE_CURVE ( 'NONE', #4486, #626, #2753, .T. ) ;
#2955 = VERTEX_POINT ( 'NONE', #3075 ) ;
#2956 = ADVANCED_FACE ( 'NONE', ( #3889 ), #4189, .F. ) ;
#2957 = PERSON ( 'UNSPECIFIED', 'UNSPECIFIED', 'UNSPECIFIED', ('UNSPECIFIED'), ('UNSPECIFIED'), ('UNSPECIFIED') ) ;
#2958 = CARTESIAN_POINT ( 'NONE',  ( 219.5670372403068598, 22.08302762106175976, -139.7501152732757816 ) ) ;
#2959 = LINE ( 'NONE', #3352, #1462 ) ;
#2960 = CARTESIAN_POINT ( 'NONE',  ( 10.00000000000000000, 0.000000000000000000, -95.00000000000000000 ) ) ;
#2961 = EDGE_LOOP ( 'NONE', ( #194, #4333 ) ) ;
#2962 = EDGE_CURVE ( 'NONE', #4754, #756, #4598, .T. ) ;
#2963 = EDGE_LOOP ( 'NONE', ( #448, #2353, #3244, #483 ) ) ;
#2964 = DIRECTION ( 'NONE',  ( -1.000000000000000000, -0.000000000000000000, -0.000000000000000000 ) ) ;
#2965 = DIRECTION ( 'NONE',  ( 0.000000000000000000, -1.000000000000000000, 0.000000000000000000 ) ) ;
#2966 = DIRECTION ( 'NONE',  ( -1.000000000000000000, 0.000000000000000000, 0.000000000000000000 ) ) ;
#2967 = DIRECTION ( 'NONE',  ( -0.000000000000000000, 1.000000000000000000, -0.000000000000000000 ) ) ;
#2968 = DIRECTION ( 'NONE',  ( -1.000000000000000000, 0.000000000000000000, -0.000000000000000000 ) ) ;
#2969 = ORIENTED_EDGE ( 'NONE', *, *, #549, .T. ) ;
#2970 = DIRECTION ( 'NONE',  ( -0.000000000000000000, 1.000000000000000000, -0.000000000000000000 ) ) ;
#2971 = CARTESIAN_POINT ( 'NONE',  ( 166.9999999999999716, -3.000000000000000000, -45.40000000000001279 ) ) ;
#2972 = DIRECTION ( 'NONE',  ( -0.000000000000000000, 1.000000000000000000, -0.000000000000000000 ) ) ;
#2973 = ORIENTED_EDGE ( 'NONE', *, *, #1635, .T. ) ;
#2974 = EDGE_CURVE ( 'NONE', #3819, #578, #2359, .T. ) ;
#2975 = LINE ( 'NONE', #2548, #422 ) ;
#2976 = ORIENTED_EDGE ( 'NONE', *, *, #4832, .F. ) ;
#2977 = VECTOR ( 'NONE', #3192, 1000.000000000000000 ) ;
#2978 = CARTESIAN_POINT ( 'NONE',  ( 219.5634958164818613, 21.88420336779963549, -139.7898305364660416 ) ) ;
#2979 = CARTESIAN_POINT ( 'NONE',  ( 24.49999999999999289, 0.4760872834403059861, -140.8723564508509867 ) ) ;
#2980 = EDGE_CURVE ( 'NONE', #3975, #2167, #4036, .T. ) ;
#2981 = FACE_OUTER_BOUND ( 'NONE', #2788, .T. ) ;
#2982 = EDGE_LOOP ( 'NONE', ( #3567, #3540 ) ) ;
#2983 = EDGE_LOOP ( 'NONE', ( #722, #3393, #2693, #2671 ) ) ;
#2984 = DIRECTION ( 'NONE',  ( 0.000000000000000000, 1.000000000000000000, 0.000000000000000000 ) ) ;
#2985 = CARTESIAN_POINT ( 'NONE',  ( 214.8424413107592557, 87.00000000000001421, -135.7500000000000000 ) ) ;
#2986 = FACE_OUTER_BOUND ( 'NONE', #72, .T. ) ;
#2987 = VERTEX_POINT ( 'NONE', #2291 ) ;
#2988 = ADVANCED_FACE ( 'NONE', ( #2699 ), #4215, .F. ) ;
#2989 = LINE ( 'NONE', #1481, #3187 ) ;
#2990 = DIRECTION ( 'NONE',  ( 0.000000000000000000, 1.000000000000000000, 0.000000000000000000 ) ) ;
#2991 = CIRCLE ( 'NONE', #3854, 109.9999999999999858 ) ;
#2992 = CYLINDRICAL_SURFACE ( 'NONE', #32, 7.000000000000006217 ) ;
#2993 = VECTOR ( 'NONE', #4417, 1000.000000000000000 ) ;
#2994 = AXIS2_PLACEMENT_3D ( 'NONE', #3372, #4896, #376 ) ;
#2995 = CARTESIAN_POINT ( 'NONE',  ( 191.7000000000000171, -3.000000000000000000, -142.5000000000000284 ) ) ;
#2996 = VECTOR ( 'NONE', #1281, 1000.000000000000000 ) ;
#2997 = ORIENTED_EDGE ( 'NONE', *, *, #4848, .T. ) ;
#2998 = DIRECTION ( 'NONE',  ( 1.000000000000000000, 0.000000000000000000, 0.000000000000000000 ) ) ;
#2999 = VERTEX_POINT ( 'NONE', #4418 ) ;
#3000 = CARTESIAN_POINT ( 'NONE',  ( 219.6084907004322986, 22.84915540547903134, -139.2727580637695723 ) ) ;
#3001 = DIRECTION ( 'NONE',  ( 0.000000000000000000, 1.000000000000000000, 0.000000000000000000 ) ) ;
#3002 = DIRECTION ( 'NONE',  ( -0.000000000000000000, 1.000000000000000000, -0.000000000000000000 ) ) ;
#3003 = ORIENTED_EDGE ( 'NONE', *, *, #1228, .F. ) ;
#3004 = VERTEX_POINT ( 'NONE', #1313 ) ;
#3005 = EDGE_CURVE ( 'NONE', #4767, #1893, #3569, .T. ) ;
#3006 = ORIENTED_EDGE ( 'NONE', *, *, #1655, .F. ) ;
#3007 = DIRECTION ( 'NONE',  ( 1.000000000000000000, 0.000000000000000000, -1.020425574104004246E-16 ) ) ;
#3008 = DIRECTION ( 'NONE',  ( 1.000000000000000000, 0.000000000000000000, 0.000000000000000000 ) ) ;
#3009 = DIRECTION ( 'NONE',  ( -0.000000000000000000, 1.000000000000000000, -0.000000000000000000 ) ) ;
#3010 = VERTEX_POINT ( 'NONE', #3276 ) ;
#3011 = EDGE_CURVE ( 'NONE', #2117, #1630, #2571, .T. ) ;
#3012 = DIRECTION ( 'NONE',  ( 0.000000000000000000, 0.000000000000000000, -1.000000000000000000 ) ) ;
#3013 = EDGE_CURVE ( 'NONE', #4420, #3135, #2475, .T. ) ;
#3014 = FACE_OUTER_BOUND ( 'NONE', #4784, .T. ) ;
#3015 = AXIS2_PLACEMENT_3D ( 'NONE', #4635, #3873, #3183 ) ;
#3016 = CARTESIAN_POINT ( 'NONE',  ( 215.0000000000000000, 87.00000000000001421, -7.499999999999995559 ) ) ;
#3017 = AXIS2_PLACEMENT_3D ( 'NONE', #3158, #4248, #1549 ) ;
#3018 = ORIENTED_EDGE ( 'NONE', *, *, #1779, .T. ) ;
#3019 = EDGE_CURVE ( 'NONE', #1282, #794, #2396, .T. ) ;
#3020 = DIRECTION ( 'NONE',  ( 0.000000000000000000, 0.000000000000000000, -1.000000000000000000 ) ) ;
#3021 = AXIS2_PLACEMENT_3D ( 'NONE', #2198, #3002, #4526 ) ;
#3022 = VERTEX_POINT ( 'NONE', #3201 ) ;
#3023 = CARTESIAN_POINT ( 'NONE',  ( 144.0000000000000284, 0.000000000000000000, -41.99999999999999289 ) ) ;
#3024 = CIRCLE ( 'NONE', #368, 6.999999999999978684 ) ;
#3025 = AXIS2_PLACEMENT_3D ( 'NONE', #1541, #402, #3101 ) ;
#3026 = VERTEX_POINT ( 'NONE', #1737 ) ;
#3027 = VECTOR ( 'NONE', #4459, 1000.000000000000000 ) ;
#3028 = CARTESIAN_POINT ( 'NONE',  ( 215.0000000000000000, 0.000000000000000000, -5.000000000000000000 ) ) ;
#3029 = LINE ( 'NONE', #3815, #2919 ) ;
#3030 = VECTOR ( 'NONE', #2822, 999.9999999999998863 ) ;
#3031 = CARTESIAN_POINT ( 'NONE',  ( 173.0000000000000000, 7.000000000000000000, -67.99999999999997158 ) ) ;
#3032 = VERTEX_POINT ( 'NONE', #3992 ) ;
#3033 = VERTEX_POINT ( 'NONE', #3543 ) ;
#3034 = DIRECTION ( 'NONE',  ( 0.000000000000000000, 1.000000000000000000, 0.000000000000000000 ) ) ;
#3035 = CARTESIAN_POINT ( 'NONE',  ( 220.0000000000000000, 9.999999999999994671, -75.00000000000001421 ) ) ;
#3036 = CIRCLE ( 'NONE', #2144, 8.000000000000007105 ) ;
#3037 = DIRECTION ( 'NONE',  ( -0.000000000000000000, 1.000000000000000000, -0.000000000000000000 ) ) ;
#3038 = VERTEX_POINT ( 'NONE', #4367 ) ;
#3039 = ADVANCED_FACE ( 'NONE', ( #182, #4015 ), #2853, .T. ) ;
#3040 = CARTESIAN_POINT ( 'NONE',  ( 38.00000000000000711, 27.00000000000000000, -190.0000000000000000 ) ) ;
#3041 = DIRECTION ( 'NONE',  ( -1.000000000000000000, 0.000000000000000000, 0.000000000000000000 ) ) ;
#3042 = CARTESIAN_POINT ( 'NONE',  ( 179.2999999999999829, 7.000000000000000000, -142.5000000000000284 ) ) ;
#3043 = ADVANCED_FACE ( 'NONE', ( #2023 ), #2092, .F. ) ;
#3044 = CC_DESIGN_DATE_AND_TIME_ASSIGNMENT ( #4353, #2455, ( #2582 ) ) ;
#3045 = DIRECTION ( 'NONE',  ( -1.000000000000000000, -0.000000000000000000, -0.000000000000000000 ) ) ;
#3046 = EDGE_LOOP ( 'NONE', ( #3405, #693, #2174, #4554, #2651, #4931 ) ) ;
#3047 = DIRECTION ( 'NONE',  ( 0.000000000000000000, 0.000000000000000000, -1.000000000000000000 ) ) ;
#3048 = EDGE_CURVE ( 'NONE', #3767, #3911, #134, .T. ) ;
#3049 = ORIENTED_EDGE ( 'NONE', *, *, #1467, .F. ) ;
#3050 = DIRECTION ( 'NONE',  ( -0.000000000000000000, 1.000000000000000000, -0.000000000000000000 ) ) ;
#3051 = CARTESIAN_POINT ( 'NONE',  ( 215.0000000000000000, 0.000000000000000000, -5.000000000000000000 ) ) ;
#3052 = FACE_OUTER_BOUND ( 'NONE', #624, .T. ) ;
#3053 = ORIENTED_EDGE ( 'NONE', *, *, #3563, .T. ) ;
#3054 = EDGE_LOOP ( 'NONE', ( #1205, #1056 ) ) ;
#3055 = ADVANCED_FACE ( 'NONE', ( #4774 ), #3641, .T. ) ;
#3056 = CARTESIAN_POINT ( 'NONE',  ( 176.0000000000000000, 0.000000000000000000, -73.00000000000001421 ) ) ;
#3057 = FACE_OUTER_BOUND ( 'NONE', #3506, .T. ) ;
#3058 = FACE_OUTER_BOUND ( 'NONE', #1091, .T. ) ;
#3059 = EDGE_LOOP ( 'NONE', ( #3572, #2705, #4887, #4182 ) ) ;
#3060 = CARTESIAN_POINT ( 'NONE',  ( 173.0000000000000284, 3.000000000000000000, -68.00000000000000000 ) ) ;
#3061 = CIRCLE ( 'NONE', #1206, 5.000000000000004441 ) ;
#3062 = EDGE_CURVE ( 'NONE', #2159, #1521, #3061, .T. ) ;
#3063 = DIRECTION ( 'NONE',  ( -0.000000000000000000, -1.000000000000000000, -0.000000000000000000 ) ) ;
#3064 = DIRECTION ( 'NONE',  ( 1.000000000000000000, 0.000000000000000000, 0.000000000000000000 ) ) ;
#3065 = AXIS2_PLACEMENT_3D ( 'NONE', #3086, #3063, #1958 ) ;
#3066 = CARTESIAN_POINT ( 'NONE',  ( 219.6514387728793167, 20.20952397450455607, -138.7504740884128296 ) ) ;
#3067 = VECTOR ( 'NONE', #3902, 1000.000000000000000 ) ;
#3068 = EDGE_CURVE ( 'NONE', #4162, #988, #2879, .T. ) ;
#3069 = ORIENTED_EDGE ( 'NONE', *, *, #2494, .T. ) ;
#3070 = CARTESIAN_POINT ( 'NONE',  ( 24.49999999999999289, 0.4760872834403059861, -140.8723564508509867 ) ) ;
#3071 = ORIENTED_EDGE ( 'NONE', *, *, #3737, .F. ) ;
#3072 = DIRECTION ( 'NONE',  ( 0.000000000000000000, 0.000000000000000000, 1.000000000000000000 ) ) ;
#3073 = ORIENTED_EDGE ( 'NONE', *, *, #2765, .T. ) ;
#3074 = EDGE_CURVE ( 'NONE', #4198, #426, #960, .T. ) ;
#3075 = CARTESIAN_POINT ( 'NONE',  ( 219.5625848545015515, 21.68000000000070671, -139.8000000000075147 ) ) ;
#3076 = DIRECTION ( 'NONE',  ( 0.000000000000000000, 1.000000000000000000, 0.000000000000000000 ) ) ;
#3077 = DIRECTION ( 'NONE',  ( 0.000000000000000000, 0.000000000000000000, -1.000000000000000000 ) ) ;
#3078 = ORIENTED_EDGE ( 'NONE', *, *, #3344, .F. ) ;
#3079 = AXIS2_PLACEMENT_3D ( 'NONE', #4585, #1146, #4490 ) ;
#3080 = ORIENTED_EDGE ( 'NONE', *, *, #90, .F. ) ;
#3081 = LINE ( 'NONE', #785, #1057 ) ;
#3082 = DIRECTION ( 'NONE',  ( -0.000000000000000000, 0.000000000000000000, 1.000000000000000000 ) ) ;
#3083 = LINE ( 'NONE', #1981, #2862 ) ;
#3084 = ORIENTED_EDGE ( 'NONE', *, *, #4690, .T. ) ;
#3085 = CARTESIAN_POINT ( 'NONE',  ( 153.0000000000000000, -3.000000000000000000, -64.59999999999999432 ) ) ;
#3086 = CARTESIAN_POINT ( 'NONE',  ( 38.00000000000000711, 27.00000000000000000, -190.0000000000000000 ) ) ;
#3087 = DIRECTION ( 'NONE',  ( 0.000000000000000000, 0.000000000000000000, 1.000000000000000000 ) ) ;
#3088 = CARTESIAN_POINT ( 'NONE',  ( 216.5792439873721662, 22.18548134908442648, -157.2188618198592849 ) ) ;
#3089 = ORIENTED_EDGE ( 'NONE', *, *, #3699, .F. ) ;
#3090 = DIRECTION ( 'NONE',  ( 1.000000000000000000, 0.000000000000000000, 0.000000000000000000 ) ) ;
#3091 = ORIENTED_EDGE ( 'NONE', *, *, #3591, .F. ) ;
#3092 = LINE ( 'NONE', #1637, #4591 ) ;
#3093 = ORIENTED_EDGE ( 'NONE', *, *, #296, .F. ) ;
#3094 = CIRCLE ( 'NONE', #3017, 1.000000000000000888 ) ;
#3095 = LINE ( 'NONE', #3023, #980 ) ;
#3096 = EDGE_CURVE ( 'NONE', #2927, #2400, #1765, .T. ) ;
#3097 = VERTEX_POINT ( 'NONE', #3435 ) ;
#3098 = CIRCLE ( 'NONE', #1734, 1.599999999999990319 ) ;
#3099 = DIRECTION ( 'NONE',  ( 0.000000000000000000, 0.000000000000000000, 1.000000000000000000 ) ) ;
#3100 = CARTESIAN_POINT ( 'NONE',  ( 110.0000000000000000, 87.00000000000001421, -130.0000000000000000 ) ) ;
#3101 = DIRECTION ( 'NONE',  ( -1.000000000000000000, 0.000000000000000000, -0.000000000000000000 ) ) ;
#3102 = ORIENTED_EDGE ( 'NONE', *, *, #3457, .T. ) ;
#3103 = ADVANCED_FACE ( 'NONE', ( #3318 ), #1555, .F. ) ;
#3104 = AXIS2_PLACEMENT_3D ( 'NONE', #1184, #864, #3151 ) ;
#3105 = EDGE_CURVE ( 'NONE', #2524, #4765, #1611, .T. ) ;
#3106 = ORIENTED_EDGE ( 'NONE', *, *, #1092, .T. ) ;
#3107 = CARTESIAN_POINT ( 'NONE',  ( 5.000000000000000000, 87.00000000000001421, -5.000000000000000000 ) ) ;
#3108 = AXIS2_PLACEMENT_3D ( 'NONE', #4313, #877, #2062 ) ;
#3109 = DIRECTION ( 'NONE',  ( -0.000000000000000000, -1.000000000000000000, -0.000000000000000000 ) ) ;
#3110 = CARTESIAN_POINT ( 'NONE',  ( 185.5000000000000000, 7.000000000000000000, -127.0000000000000000 ) ) ;
#3111 = ORIENTED_EDGE ( 'NONE', *, *, #1787, .F. ) ;
#3112 = ADVANCED_FACE ( 'NONE', ( #1121 ), #1762, .F. ) ;
#3113 = VERTEX_POINT ( 'NONE', #4067 ) ;
#3114 = CARTESIAN_POINT ( 'NONE',  ( 76.00000000000001421, 0.000000000000000000, -68.00000000000000000 ) ) ;
#3115 = DIRECTION ( 'NONE',  ( 0.000000000000000000, 0.000000000000000000, 1.000000000000000000 ) ) ;
#3116 = DIRECTION ( 'NONE',  ( 0.000000000000000000, 0.000000000000000000, -1.000000000000000000 ) ) ;
#3117 = CARTESIAN_POINT ( 'NONE',  ( 110.0000000000000000, 87.00000000000001421, -130.0000000000000000 ) ) ;
#3118 = ORIENTED_EDGE ( 'NONE', *, *, #4224, .F. ) ;
#3119 = CARTESIAN_POINT ( 'NONE',  ( 44.00000000000000000, -3.000000000000000000, -68.00000000000000000 ) ) ;
#3120 = ORIENTED_EDGE ( 'NONE', *, *, #3230, .T. ) ;
#3121 = DIRECTION ( 'NONE',  ( 0.000000000000000000, 0.000000000000000000, 1.000000000000000000 ) ) ;
#3122 = ORIENTED_EDGE ( 'NONE', *, *, #2521, .F. ) ;
#3123 = DIRECTION ( 'NONE',  ( 0.000000000000000000, 0.000000000000000000, 1.000000000000000000 ) ) ;
#3124 = ORIENTED_EDGE ( 'NONE', *, *, #3862, .T. ) ;
#3125 = ADVANCED_FACE ( 'NONE', ( #4180 ), #600, .F. ) ;
#3126 = DIRECTION ( 'NONE',  ( 0.000000000000000000, 0.1961161351381842111, 0.9805806756909202226 ) ) ;
#3127 = CARTESIAN_POINT ( 'NONE',  ( 176.0000000000000000, -93.00000000000000000, -67.99999999999997158 ) ) ;
#3128 = DIRECTION ( 'NONE',  ( -0.000000000000000000, 1.000000000000000000, -0.000000000000000000 ) ) ;
#3129 = ORIENTED_EDGE ( 'NONE', *, *, #3252, .F. ) ;
#3130 = ORIENTED_EDGE ( 'NONE', *, *, #424, .F. ) ;
#3131 = EDGE_CURVE ( 'NONE', #3869, #4454, #4204, .T. ) ;
#3132 = CARTESIAN_POINT ( 'NONE',  ( 44.00000000000000000, -12.00000000000000000, -83.00000000000000000 ) ) ;
#3133 = PLANE ( 'NONE',  #4461 ) ;
#3134 = LINE ( 'NONE', #2008, #444 ) ;
#3135 = VERTEX_POINT ( 'NONE', #742 ) ;
#3136 = DIRECTION ( 'NONE',  ( -0.000000000000000000, 1.000000000000000000, -0.000000000000000000 ) ) ;
#3137 = DIRECTION ( 'NONE',  ( 1.067522139062651263E-15, 0.000000000000000000, 1.000000000000000000 ) ) ;
#3138 = LINE ( 'NONE', #3164, #1063 ) ;
#3139 = EDGE_CURVE ( 'NONE', #2362, #3869, #2950, .T. ) ;
#3140 = CARTESIAN_POINT ( 'NONE',  ( 10.00000000000000000, 0.000000000000000000, -0.000000000000000000 ) ) ;
#3141 = ORIENTED_EDGE ( 'NONE', *, *, #446, .T. ) ;
#3142 = AXIS2_PLACEMENT_3D ( 'NONE', #1432, #2968, #2329 ) ;
#3143 = DIRECTION ( 'NONE',  ( 0.000000000000000000, -1.000000000000000000, 0.000000000000000000 ) ) ;
#3144 = ORIENTED_EDGE ( 'NONE', *, *, #4690, .F. ) ;
#3145 = LINE ( 'NONE', #3589, #500 ) ;
#3146 = EDGE_LOOP ( 'NONE', ( #3003, #3155, #2286, #4373 ) ) ;
#3147 = CIRCLE ( 'NONE', #730, 2.500000000000000444 ) ;
#3148 = VECTOR ( 'NONE', #2932, 1000.000000000000000 ) ;
#3149 = DIRECTION ( 'NONE',  ( 0.000000000000000000, 0.000000000000000000, 1.000000000000000000 ) ) ;
#3150 = CARTESIAN_POINT ( 'NONE',  ( 152.9999999999999716, -3.000000000000000000, -45.40000000000001279 ) ) ;
#3151 = DIRECTION ( 'NONE',  ( 0.000000000000000000, 0.000000000000000000, 1.000000000000000000 ) ) ;
#3152 = ORIENTED_EDGE ( 'NONE', *, *, #1495, .F. ) ;
#3153 = CIRCLE ( 'NONE', #3312, 1.000000000000000888 ) ;
#3154 = AXIS2_PLACEMENT_3D ( 'NONE', #3939, #502, #1314 ) ;
#3155 = ORIENTED_EDGE ( 'NONE', *, *, #433, .F. ) ;
#3156 = DIRECTION ( 'NONE',  ( 0.000000000000000000, 1.000000000000000000, 0.000000000000000000 ) ) ;
#3157 = VECTOR ( 'NONE', #2282, 1000.000000000000000 ) ;
#3158 = CARTESIAN_POINT ( 'NONE',  ( 21.42094381732307085, 7.000000000000000000, -176.1987551511599293 ) ) ;
#3159 = ORIENTED_EDGE ( 'NONE', *, *, #3236, .T. ) ;
#3160 = EDGE_CURVE ( 'NONE', #2955, #3452, #799, .T. ) ;
#3161 = EDGE_LOOP ( 'NONE', ( #1608, #3229, #3674, #2942 ) ) ;
#3162 = CARTESIAN_POINT ( 'NONE',  ( 52.99999999999999289, -3.000000000000000000, -61.40000000000000568 ) ) ;
#3163 = DIRECTION ( 'NONE',  ( 0.000000000000000000, -1.000000000000000000, 0.000000000000000000 ) ) ;
#3164 = CARTESIAN_POINT ( 'NONE',  ( 44.00000000000000711, -12.00000000000000000, -95.00000000000000000 ) ) ;
#3165 = DIRECTION ( 'NONE',  ( 1.000000000000000000, 0.000000000000000000, -5.102127870520021228E-17 ) ) ;
#3166 = ORIENTED_EDGE ( 'NONE', *, *, #4940, .F. ) ;
#3167 = ADVANCED_FACE ( 'NONE', ( #100 ), #3905, .F. ) ;
#3168 = FACE_BOUND ( 'NONE', #2523, .T. ) ;
#3169 = PLANE ( 'NONE',  #1816 ) ;
#3170 = CARTESIAN_POINT ( 'NONE',  ( 176.0000000000000000, 0.000000000000000000, -41.99999999999999289 ) ) ;
#3171 = ORIENTED_EDGE ( 'NONE', *, *, #1100, .T. ) ;
#3172 = EDGE_CURVE ( 'NONE', #149, #2159, #3878, .T. ) ;
#3173 = VECTOR ( 'NONE', #1090, 1000.000000000000000 ) ;
#3174 = CARTESIAN_POINT ( 'NONE',  ( 217.3049859046633117, 21.78392245545349226, -154.2000000000000171 ) ) ;
#3175 = CARTESIAN_POINT ( 'NONE',  ( 34.49999999999999289, 0.000000000000000000, -127.0000000000000000 ) ) ;
#3176 = PLANE ( 'NONE',  #4697 ) ;
#3177 = VERTEX_POINT ( 'NONE', #4642 ) ;
#3178 = CIRCLE ( 'NONE', #4536, 7.849999999999996092 ) ;
#3179 = ORIENTED_EDGE ( 'NONE', *, *, #1565, .T. ) ;
#3180 = FACE_OUTER_BOUND ( 'NONE', #3962, .T. ) ;
#3181 = CIRCLE ( 'NONE', #3338, 105.0000000000000000 ) ;
#3182 = AXIS2_PLACEMENT_3D ( 'NONE', #620, #594, #2135 ) ;
#3183 = DIRECTION ( 'NONE',  ( 0.000000000000000000, 0.000000000000000000, 1.000000000000000000 ) ) ;
#3184 = ORIENTED_EDGE ( 'NONE', *, *, #60, .T. ) ;
#3185 = AXIS2_PLACEMENT_3D ( 'NONE', #838, #4634, #4301 ) ;
#3186 = CARTESIAN_POINT ( 'NONE',  ( 34.49999999999999289, -3.000000000000000000, -127.0000000000000000 ) ) ;
#3187 = VECTOR ( 'NONE', #2967, 1000.000000000000000 ) ;
#3188 = CARTESIAN_POINT ( 'NONE',  ( 144.0000000000000284, 3.000000000000000000, -41.99999999999999289 ) ) ;
#3189 = CARTESIAN_POINT ( 'NONE',  ( 5.000000000000000000, 0.000000000000000000, -10.00000000000000178 ) ) ;
#3190 = EDGE_CURVE ( 'NONE', #2113, #3975, #1605, .T. ) ;
#3191 = ORIENTED_EDGE ( 'NONE', *, *, #1963, .F. ) ;
#3192 = DIRECTION ( 'NONE',  ( 1.000000000000000000, 0.000000000000000000, 0.000000000000000000 ) ) ;
#3193 = ORIENTED_EDGE ( 'NONE', *, *, #3852, .F. ) ;
#3194 = DIRECTION ( 'NONE',  ( 0.000000000000000000, 0.000000000000000000, -1.000000000000000000 ) ) ;
#3195 = CARTESIAN_POINT ( 'NONE',  ( 41.10039527254102865, 0.000000000000000000, -209.2328496799144091 ) ) ;
#3196 = DIRECTION ( 'NONE',  ( -0.000000000000000000, 1.000000000000000000, -0.000000000000000000 ) ) ;
#3197 = EDGE_CURVE ( 'NONE', #2028, #2807, #4, .T. ) ;
#3198 = ORIENTED_EDGE ( 'NONE', *, *, #1187, .T. ) ;
#3199 = ADVANCED_FACE ( 'NONE', ( #2331 ), #1988, .F. ) ;
#3200 = VECTOR ( 'NONE', #4309, 1000.000000000000000 ) ;
#3201 = CARTESIAN_POINT ( 'NONE',  ( 144.0000000000000284, 3.000000000000000000, -41.99999999999999289 ) ) ;
#3202 = PLANE ( 'NONE',  #1222 ) ;
#3203 = EDGE_CURVE ( 'NONE', #3915, #3010, #4715, .T. ) ;
#3204 = CARTESIAN_POINT ( 'NONE',  ( 198.5790561826769363, 7.000000000000000000, -177.1987551511599293 ) ) ;
#3205 = VERTEX_POINT ( 'NONE', #443 ) ;
#3206 = EDGE_LOOP ( 'NONE', ( #4905, #4286, #3617, #3257 ) ) ;
#3207 = EDGE_CURVE ( 'NONE', #1839, #2607, #1276, .T. ) ;
#3208 = CARTESIAN_POINT ( 'NONE',  ( 166.9999999999999716, 7.000000000000000000, -45.40000000000001279 ) ) ;
#3209 = LINE ( 'NONE', #509, #1489 ) ;
#3210 = ORIENTED_EDGE ( 'NONE', *, *, #187, .T. ) ;
#3211 = AXIS2_PLACEMENT_3D ( 'NONE', #2901, #552, #882 ) ;
#3212 = FACE_OUTER_BOUND ( 'NONE', #2817, .T. ) ;
#3213 = DIRECTION ( 'NONE',  ( 0.000000000000000000, 0.000000000000000000, 1.000000000000000000 ) ) ;
#3214 = AXIS2_PLACEMENT_3D ( 'NONE', #916, #990, #4376 ) ;
#3215 = DIRECTION ( 'NONE',  ( -1.000000000000000000, 0.000000000000000000, -0.000000000000000000 ) ) ;
#3216 = ORIENTED_EDGE ( 'NONE', *, *, #4662, .F. ) ;
#3217 = ADVANCED_FACE ( 'NONE', ( #3584 ), #4331, .F. ) ;
#3218 = DIRECTION ( 'NONE',  ( 0.000000000000000000, 0.000000000000000000, 1.000000000000000000 ) ) ;
#3219 = CARTESIAN_POINT ( 'NONE',  ( 210.0000000000000000, 7.000000000000000000, -95.00000000000001421 ) ) ;
#3220 = DIRECTION ( 'NONE',  ( 1.000000000000000000, 0.000000000000000000, 0.000000000000000000 ) ) ;
#3221 = ORIENTED_EDGE ( 'NONE', *, *, #3916, .T. ) ;
#3222 = EDGE_CURVE ( 'NONE', #176, #2891, #78, .T. ) ;
#3223 = ORIENTED_EDGE ( 'NONE', *, *, #1196, .F. ) ;
#3224 = CARTESIAN_POINT ( 'NONE',  ( 39.25519782485118014, 0.000000000000000000, -214.2328496799144091 ) ) ;
#3225 = DIRECTION ( 'NONE',  ( 1.000000000000000000, 0.000000000000000000, 0.000000000000000000 ) ) ;
#3226 = CARTESIAN_POINT ( 'NONE',  ( 53.00000000000000000, 3.000000000000000000, -45.40000000000000568 ) ) ;
#3227 = CARTESIAN_POINT ( 'NONE',  ( 144.0000000000000284, 3.000000000000000000, -68.00000000000000000 ) ) ;
#3228 = VERTEX_POINT ( 'NONE', #3534 ) ;
#3229 = ORIENTED_EDGE ( 'NONE', *, *, #4449, .F. ) ;
#3230 = EDGE_CURVE ( 'NONE', #4394, #3038, #1293, .T. ) ;
#3231 = LINE ( 'NONE', #2424, #712 ) ;
#3232 = DIRECTION ( 'NONE',  ( -0.000000000000000000, 1.000000000000000000, -0.000000000000000000 ) ) ;
#3233 = VERTEX_POINT ( 'NONE', #4231 ) ;
#3234 = CIRCLE ( 'NONE', #574, 1.000000000000000888 ) ;
#3235 = CIRCLE ( 'NONE', #1859, 2.500000000000002220 ) ;
#3236 = EDGE_CURVE ( 'NONE', #1480, #4791, #2580, .T. ) ;
#3237 = DIRECTION ( 'NONE',  ( 0.000000000000000000, 0.000000000000000000, 1.000000000000000000 ) ) ;
#3238 = AXIS2_PLACEMENT_3D ( 'NONE', #4888, #2589, #2256 ) ;
#3239 = DIRECTION ( 'NONE',  ( -0.000000000000000000, -1.000000000000000000, -0.000000000000000000 ) ) ;
#3240 = DIRECTION ( 'NONE',  ( -0.000000000000000000, -1.000000000000000000, -0.000000000000000000 ) ) ;
#3241 = ORIENTED_EDGE ( 'NONE', *, *, #155, .F. ) ;
#3242 = DIRECTION ( 'NONE',  ( 0.000000000000000000, 0.000000000000000000, -1.000000000000000000 ) ) ;
#3243 = AXIS2_PLACEMENT_3D ( 'NONE', #3718, #2570, #4495 ) ;
#3244 = ORIENTED_EDGE ( 'NONE', *, *, #3011, .T. ) ;
#3245 = FACE_BOUND ( 'NONE', #4337, .T. ) ;
#3246 = DIRECTION ( 'NONE',  ( 0.000000000000000000, 0.000000000000000000, -1.000000000000000000 ) ) ;
#3247 = CARTESIAN_POINT ( 'NONE',  ( 47.00000000000000711, 3.000000000000000000, -68.00000000000000000 ) ) ;
#3248 = ORIENTED_EDGE ( 'NONE', *, *, #1942, .F. ) ;
#3249 = DIRECTION ( 'NONE',  ( 0.000000000000000000, 0.000000000000000000, 1.000000000000000000 ) ) ;
#3250 = DIRECTION ( 'NONE',  ( -1.000000000000000000, 0.000000000000000000, -0.000000000000000000 ) ) ;
#3251 = ORIENTED_EDGE ( 'NONE', *, *, #1129, .F. ) ;
#3252 = EDGE_CURVE ( 'NONE', #842, #2870, #3666, .T. ) ;
#3253 = ORIENTED_EDGE ( 'NONE', *, *, #3563, .F. ) ;
#3254 = VERTEX_POINT ( 'NONE', #849 ) ;
#3255 = CARTESIAN_POINT ( 'NONE',  ( 24.49999999999999289, -4.044738620619069636, -150.5175434964809256 ) ) ;
#3256 = LINE ( 'NONE', #1397, #3651 ) ;
#3257 = ORIENTED_EDGE ( 'NONE', *, *, #3705, .T. ) ;
#3258 = EDGE_CURVE ( 'NONE', #2505, #1033, #4046, .T. ) ;
#3259 = AXIS2_PLACEMENT_3D ( 'NONE', #793, #416, #2410 ) ;
#3260 = DIRECTION ( 'NONE',  ( -0.000000000000000000, 1.000000000000000000, -0.000000000000000000 ) ) ;
#3261 = CARTESIAN_POINT ( 'NONE',  ( 19.49999999999999645, 1.000000000000000000, -147.0000000000000000 ) ) ;
#3262 = AXIS2_PLACEMENT_3D ( 'NONE', #4023, #167, #2052 ) ;
#3263 = LINE ( 'NONE', #4737, #858 ) ;
#3264 = ORIENTED_EDGE ( 'NONE', *, *, #3989, .F. ) ;
#3265 = CARTESIAN_POINT ( 'NONE',  ( 47.00000000000000711, 7.000000000000000000, -41.99999999999999289 ) ) ;
#3266 = EDGE_CURVE ( 'NONE', #1616, #809, #1631, .T. ) ;
#3267 = EDGE_LOOP ( 'NONE', ( #2679, #1398, #2195, #1345 ) ) ;
#3268 = FACE_OUTER_BOUND ( 'NONE', #580, .T. ) ;
#3269 = ADVANCED_FACE ( 'NONE', ( #1170 ), #2793, .F. ) ;
#3270 = CARTESIAN_POINT ( 'NONE',  ( 110.0000000000000000, 7.000000000000000000, -130.0000000000000000 ) ) ;
#3271 = AXIS2_PLACEMENT_3D ( 'NONE', #2483, #563, #922 ) ;
#3272 = DIRECTION ( 'NONE',  ( 0.000000000000000000, -1.000000000000000000, -0.000000000000000000 ) ) ;
#3273 = AXIS2_PLACEMENT_3D ( 'NONE', #2634, #2920, #4437 ) ;
#3274 = ORIENTED_EDGE ( 'NONE', *, *, #2640, .T. ) ;
#3275 = DIRECTION ( 'NONE',  ( 0.000000000000000000, 0.000000000000000000, -1.000000000000000000 ) ) ;
#3276 = CARTESIAN_POINT ( 'NONE',  ( 10.00000000000000000, 0.000000000000000000, -15.00000000000000000 ) ) ;
#3277 = VERTEX_POINT ( 'NONE', #3927 ) ;
#3278 = CARTESIAN_POINT ( 'NONE',  ( 14.61746918311558652, -3.000000000000000000, -162.0494536524393823 ) ) ;
#3279 = VERTEX_POINT ( 'NONE', #1197 ) ;
#3280 = CARTESIAN_POINT ( 'NONE',  ( 0.000000000000000000, 0.000000000000000000, -151.5000000000000000 ) ) ;
#3281 = CARTESIAN_POINT ( 'NONE',  ( 66.99999999999998579, 7.000000000000000000, -61.39999999999999858 ) ) ;
#3282 = DIRECTION ( 'NONE',  ( 0.000000000000000000, 0.000000000000000000, 1.000000000000000000 ) ) ;
#3283 = VERTEX_POINT ( 'NONE', #123 ) ;
#3284 = EDGE_CURVE ( 'NONE', #672, #548, #1003, .T. ) ;
#3285 = COORDINATED_UNIVERSAL_TIME_OFFSET ( 7, 0, .AHEAD. ) ;
#3286 = LINE ( 'NONE', #2128, #4175 ) ;
#3287 = DIRECTION ( 'NONE',  ( -0.000000000000000000, -1.000000000000000000, -0.000000000000000000 ) ) ;
#3288 = FACE_OUTER_BOUND ( 'NONE', #3812, .T. ) ;
#3289 = ORIENTED_EDGE ( 'NONE', *, *, #4613, .F. ) ;
#3290 = CARTESIAN_POINT ( 'NONE',  ( 245.5500000000000114, 21.67999999999999972, -138.2500000000000000 ) ) ;
#3291 = ADVANCED_FACE ( 'NONE', ( #4435 ), #2106, .F. ) ;
#3292 = CARTESIAN_POINT ( 'NONE',  ( 191.7000000000000171, 7.000000000000000000, -151.5000000000000000 ) ) ;
#3293 = DIRECTION ( 'NONE',  ( 0.000000000000000000, 3.469446951953613696E-16, 1.000000000000000000 ) ) ;
#3294 = DIRECTION ( 'NONE',  ( -0.000000000000000000, 1.000000000000000000, -0.000000000000000000 ) ) ;
#3295 = CARTESIAN_POINT ( 'NONE',  ( 219.6363356186664930, 20.28722459385096499, -138.9377141286580297 ) ) ;
#3296 = ORIENTED_EDGE ( 'NONE', *, *, #325, .T. ) ;
#3297 = DIRECTION ( 'NONE',  ( -1.000000000000000000, 0.000000000000000000, 0.000000000000000000 ) ) ;
#3298 = VERTEX_POINT ( 'NONE', #4387 ) ;
#3299 = AXIS2_PLACEMENT_3D ( 'NONE', #3483, #873, #1580 ) ;
#3300 = CARTESIAN_POINT ( 'NONE',  ( 53.00000000000000000, 7.000000000000000000, -47.00000000000000000 ) ) ;
#3301 = CARTESIAN_POINT ( 'NONE',  ( 21.42094381732307085, -3.000000000000000000, -175.1987551511599293 ) ) ;
#3302 = DIRECTION ( 'NONE',  ( 0.000000000000000000, -1.000000000000000000, 0.000000000000000000 ) ) ;
#3303 = ORIENTED_EDGE ( 'NONE', *, *, #1419, .F. ) ;
#3304 = ORIENTED_EDGE ( 'NONE', *, *, #3350, .F. ) ;
#3305 = DIRECTION ( 'NONE',  ( -0.000000000000000000, 1.000000000000000000, -0.000000000000000000 ) ) ;
#3306 = CARTESIAN_POINT ( 'NONE',  ( 14.61746918311558652, 3.000000000000000000, -162.0494536524393823 ) ) ;
#3307 = AXIS2_PLACEMENT_3D ( 'NONE', #1498, #3329, #329 ) ;
#3308 = VECTOR ( 'NONE', #3324, 1000.000000000000000 ) ;
#3309 = DIRECTION ( 'NONE',  ( 0.000000000000000000, 0.000000000000000000, -1.000000000000000000 ) ) ;
#3310 = ADVANCED_FACE ( 'NONE', ( #2939 ), #1754, .F. ) ;
#3311 = VERTEX_POINT ( 'NONE', #3265 ) ;
#3312 = AXIS2_PLACEMENT_3D ( 'NONE', #3593, #812, #2298 ) ;
#3313 = FACE_OUTER_BOUND ( 'NONE', #2004, .T. ) ;
#3314 = DIRECTION ( 'NONE',  ( 0.000000000000000000, -0.9054717621428785002, 0.4244065126289539580 ) ) ;
#3315 = CARTESIAN_POINT ( 'NONE',  ( 10.00000000000000000, 7.000000000000000000, -95.00000000000000000 ) ) ;
#3316 = ADVANCED_FACE ( 'NONE', ( #4766, #3656, #1327, #4057, #171 ), #195, .F. ) ;
#3317 = CYLINDRICAL_SURFACE ( 'NONE', #1543, 3.000000000000002665 ) ;
#3318 = FACE_OUTER_BOUND ( 'NONE', #1334, .T. ) ;
#3319 = EDGE_LOOP ( 'NONE', ( #2639, #3440, #2598, #3953, #4011, #1303, #1742, #3599 ) ) ;
#3320 = VERTEX_POINT ( 'NONE', #2868 ) ;
#3321 = EDGE_CURVE ( 'NONE', #4827, #974, #1648, .T. ) ;
#3322 = ORIENTED_EDGE ( 'NONE', *, *, #4441, .T. ) ;
#3323 = LINE ( 'NONE', #2242, #2735 ) ;
#3324 = DIRECTION ( 'NONE',  ( 1.000000000000000000, 0.000000000000000000, 0.000000000000000000 ) ) ;
#3325 = ORIENTED_EDGE ( 'NONE', *, *, #433, .T. ) ;
#3326 = LINE ( 'NONE', #1061, #599 ) ;
#3327 = ORIENTED_EDGE ( 'NONE', *, *, #3598, .F. ) ;
#3328 = EDGE_LOOP ( 'NONE', ( #1642, #230, #1271, #334, #1692, #2935 ) ) ;
#3329 = DIRECTION ( 'NONE',  ( -0.000000000000000000, 1.000000000000000000, -0.000000000000000000 ) ) ;
#3330 = DIRECTION ( 'NONE',  ( -0.000000000000000000, 0.000000000000000000, 1.000000000000000000 ) ) ;
#3331 = AXIS2_PLACEMENT_3D ( 'NONE', #2844, #1777, #2916 ) ;
#3332 = CARTESIAN_POINT ( 'NONE',  ( 178.8996047274589785, 6.999999999999999112, -209.2328496799144091 ) ) ;
#3333 = DIRECTION ( 'NONE',  ( -1.000000000000000000, 0.000000000000000000, 0.000000000000000000 ) ) ;
#3334 = CIRCLE ( 'NONE', #283, 1.599999999999990319 ) ;
#3335 = EDGE_CURVE ( 'NONE', #4159, #1458, #3704, .T. ) ;
#3336 = DIRECTION ( 'NONE',  ( 0.000000000000000000, 0.000000000000000000, 1.000000000000000000 ) ) ;
#3337 = DIRECTION ( 'NONE',  ( -0.000000000000000000, 1.000000000000000000, -0.000000000000000000 ) ) ;
#3338 = AXIS2_PLACEMENT_3D ( 'NONE', #3865, #1538, #3522 ) ;
#3339 = AXIS2_PLACEMENT_3D ( 'NONE', #4439, #2872, #4361 ) ;
#3340 = CIRCLE ( 'NONE', #4937, 4.999999999999990230 ) ;
#3341 = EDGE_CURVE ( 'NONE', #3277, #842, #2485, .T. ) ;
#3342 = AXIS2_PLACEMENT_3D ( 'NONE', #1729, #4741, #1658 ) ;
#3343 = FACE_BOUND ( 'NONE', #1766, .T. ) ;
#3344 = EDGE_CURVE ( 'NONE', #1606, #4356, #4924, .T. ) ;
#3345 = CARTESIAN_POINT ( 'NONE',  ( 216.6939108069699387, 22.85507589655201599, -156.7659300196237098 ) ) ;
#3346 = ORIENTED_EDGE ( 'NONE', *, *, #4438, .F. ) ;
#3347 = DIRECTION ( 'NONE',  ( 0.000000000000000000, 1.000000000000000000, 0.000000000000000000 ) ) ;
#3348 = VECTOR ( 'NONE', #1957, 1000.000000000000000 ) ;
#3349 = ORIENTED_EDGE ( 'NONE', *, *, #1406, .F. ) ;
#3350 = EDGE_CURVE ( 'NONE', #2166, #2032, #2157, .T. ) ;
#3351 = CARTESIAN_POINT ( 'NONE',  ( 210.5500000000000114, 21.67999999999999972, -154.2000000000000171 ) ) ;
#3352 = CARTESIAN_POINT ( 'NONE',  ( 44.00000000000000711, 14.80769230769231903, -2.961538461538465672 ) ) ;
#3353 = DIRECTION ( 'NONE',  ( 1.067522139062651263E-15, 0.000000000000000000, 1.000000000000000000 ) ) ;
#3354 = ORIENTED_EDGE ( 'NONE', *, *, #985, .T. ) ;
#3355 = VERTEX_POINT ( 'NONE', #998 ) ;
#3356 = CARTESIAN_POINT ( 'NONE',  ( 173.0000000000000000, -3.000000000000000000, -67.99999999999997158 ) ) ;
#3357 = DIRECTION ( 'NONE',  ( 0.000000000000000000, 0.000000000000000000, -1.000000000000000000 ) ) ;
#3358 = DIRECTION ( 'NONE',  ( -0.000000000000000000, 1.000000000000000000, -0.000000000000000000 ) ) ;
#3359 = EDGE_LOOP ( 'NONE', ( #3963, #2602, #4537, #630 ) ) ;
#3360 = CARTESIAN_POINT ( 'NONE',  ( 44.00000000000000711, -10.00000000000000000, -73.00000000000001421 ) ) ;
#3361 = DIRECTION ( 'NONE',  ( -1.000000000000000000, 0.000000000000000000, -0.000000000000000000 ) ) ;
#3362 = EDGE_LOOP ( 'NONE', ( #3388, #1948 ) ) ;
#3363 = DIRECTION ( 'NONE',  ( 0.000000000000000000, -0.000000000000000000, -1.000000000000000000 ) ) ;
#3364 = ORIENTED_EDGE ( 'NONE', *, *, #14, .T. ) ;
#3365 = LINE ( 'NONE', #4889, #2678 ) ;
#3366 = ORIENTED_EDGE ( 'NONE', *, *, #2974, .F. ) ;
#3367 = CARTESIAN_POINT ( 'NONE',  ( 18.01920650021932602, 3.000000000000000000, -169.1241044017996558 ) ) ;
#3368 = ADVANCED_FACE ( 'NONE', ( #3288 ), #3606, .F. ) ;
#3369 = ORIENTED_EDGE ( 'NONE', *, *, #1593, .T. ) ;
#3370 = CIRCLE ( 'NONE', #1203, 2.499999999999995115 ) ;
#3371 = DIRECTION ( 'NONE',  ( -1.000000000000000000, 0.000000000000000000, 0.000000000000000000 ) ) ;
#3372 = CARTESIAN_POINT ( 'NONE',  ( 18.00000000000000711, -11.99999999999999645, -214.2328496799144091 ) ) ;
#3373 = CARTESIAN_POINT ( 'NONE',  ( 21.42094381732307085, 0.000000000000000000, -176.1987551511599293 ) ) ;
#3374 = EDGE_LOOP ( 'NONE', ( #460, #2016, #3141, #4912, #1686, #28 ) ) ;
#3375 = ADVANCED_FACE ( 'NONE', ( #1704 ), #265, .F. ) ;
#3376 = ORIENTED_EDGE ( 'NONE', *, *, #3936, .F. ) ;
#3377 = CARTESIAN_POINT ( 'NONE',  ( 245.5500000000000114, 21.67999999999999972, -138.2500000000000000 ) ) ;
#3378 = FACE_BOUND ( 'NONE', #4427, .T. ) ;
#3379 = CARTESIAN_POINT ( 'NONE',  ( 201.9807934997806740, 3.000000000000000000, -169.1241044017996558 ) ) ;
#3380 = ORIENTED_EDGE ( 'NONE', *, *, #2680, .T. ) ;
#3381 = EDGE_CURVE ( 'NONE', #2607, #933, #441, .T. ) ;
#3382 = DIRECTION ( 'NONE',  ( 1.000000000000000000, 0.000000000000000000, 0.000000000000000000 ) ) ;
#3383 = CARTESIAN_POINT ( 'NONE',  ( 217.3049859046633685, 21.47222348845886941, -154.2000000000000171 ) ) ;
#3384 = VECTOR ( 'NONE', #962, 1000.000000000000000 ) ;
#3385 = CARTESIAN_POINT ( 'NONE',  ( 24.49999999999999289, -4.044738620619069636, -150.5175434964809256 ) ) ;
#3386 = AXIS2_PLACEMENT_3D ( 'NONE', #3070, #1836, #4492 ) ;
#3387 = VECTOR ( 'NONE', #2305, 1000.000000000000000 ) ;
#3388 = ORIENTED_EDGE ( 'NONE', *, *, #733, .F. ) ;
#3389 = DIRECTION ( 'NONE',  ( 0.000000000000000000, 0.000000000000000000, -1.000000000000000000 ) ) ;
#3390 = VECTOR ( 'NONE', #1587, 1000.000000000000000 ) ;
#3391 = ORIENTED_EDGE ( 'NONE', *, *, #1971, .F. ) ;
#3392 = DIRECTION ( 'NONE',  ( -1.000000000000000000, 0.000000000000000000, 0.000000000000000000 ) ) ;
#3393 = ORIENTED_EDGE ( 'NONE', *, *, #477, .T. ) ;
#3394 = EDGE_CURVE ( 'NONE', #2572, #1301, #352, .T. ) ;
#3395 = DIRECTION ( 'NONE',  ( 0.000000000000000000, 0.000000000000000000, 1.000000000000000000 ) ) ;
#3396 = DIRECTION ( 'NONE',  ( 0.000000000000000000, 0.000000000000000000, 1.000000000000000000 ) ) ;
#3397 = DIRECTION ( 'NONE',  ( 0.000000000000000000, 0.000000000000000000, 1.000000000000000000 ) ) ;
#3398 = VERTEX_POINT ( 'NONE', #2535 ) ;
#3399 = ORIENTED_EDGE ( 'NONE', *, *, #1504, .F. ) ;
#3400 = ADVANCED_FACE ( 'NONE', ( #2083 ), #4406, .F. ) ;
#3401 = CARTESIAN_POINT ( 'NONE',  ( 41.10039527254102865, 6.999999999999999112, -209.2328496799144091 ) ) ;
#3402 = LINE ( 'NONE', #4928, #2789 ) ;
#3403 = EDGE_CURVE ( 'NONE', #2028, #696, #3982, .T. ) ;
#3404 = CARTESIAN_POINT ( 'NONE',  ( 215.0000000000000000, 87.00000000000001421, -2.500000000000004885 ) ) ;
#3405 = ORIENTED_EDGE ( 'NONE', *, *, #1718, .F. ) ;
#3406 = CARTESIAN_POINT ( 'NONE',  ( 153.0000000000000000, 3.000000000000000000, -61.40000000000001279 ) ) ;
#3407 = CARTESIAN_POINT ( 'NONE',  ( 53.00000000000000000, -3.000000000000000000, -47.00000000000000000 ) ) ;
#3408 = CIRCLE ( 'NONE', #1885, 7.500000000000007105 ) ;
#3409 = EDGE_LOOP ( 'NONE', ( #2517, #1987, #2040, #4289 ) ) ;
#3410 = CYLINDRICAL_SURFACE ( 'NONE', #3470, 104.9999999999999858 ) ;
#3411 = EDGE_CURVE ( 'NONE', #4271, #2203, #2372, .T. ) ;
#3412 = VECTOR ( 'NONE', #3353, 1000.000000000000000 ) ;
#3413 = CARTESIAN_POINT ( 'NONE',  ( 144.0000000000000284, 3.000000000000000000, -41.99999999999999289 ) ) ;
#3414 = AXIS2_PLACEMENT_3D ( 'NONE', #912, #530, #884 ) ;
#3415 = ORIENTED_EDGE ( 'NONE', *, *, #1019, .F. ) ;
#3416 = CARTESIAN_POINT ( 'NONE',  ( 44.00000000000000000, -10.00000000000000000, -73.00000000000001421 ) ) ;
#3417 = AXIS2_PLACEMENT_3D ( 'NONE', #4223, #3919, #2732 ) ;
#3418 = CIRCLE ( 'NONE', #4705, 2.500000000000002220 ) ;
#3419 = ORIENTED_EDGE ( 'NONE', *, *, #3785, .T. ) ;
#3420 = CARTESIAN_POINT ( 'NONE',  ( 178.8996047274589785, 0.000000000000000000, -206.7328496799144091 ) ) ;
#3421 = LINE ( 'NONE', #4921, #4502 ) ;
#3422 = LOCAL_TIME ( 14, 16, 59.00000000000000000, #1888 ) ;
#3423 = DIRECTION ( 'NONE',  ( -1.000000000000000000, -0.000000000000000000, -0.000000000000000000 ) ) ;
#3424 = ORIENTED_EDGE ( 'NONE', *, *, #1099, .T. ) ;
#3425 = EDGE_CURVE ( 'NONE', #578, #3819, #1244, .T. ) ;
#3426 = VERTEX_POINT ( 'NONE', #1524 ) ;
#3427 = DIRECTION ( 'NONE',  ( 0.000000000000000000, 0.000000000000000000, -1.000000000000000000 ) ) ;
#3428 = CARTESIAN_POINT ( 'NONE',  ( 245.5500000000000114, 21.67999999999999972, -155.7500000000000000 ) ) ;
#3429 = DIRECTION ( 'NONE',  ( 0.000000000000000000, 0.000000000000000000, 1.000000000000000000 ) ) ;
#3430 = ORIENTED_EDGE ( 'NONE', *, *, #4761, .F. ) ;
#3431 = EDGE_CURVE ( 'NONE', #1622, #3228, #845, .T. ) ;
#3432 = CARTESIAN_POINT ( 'NONE',  ( 215.0000000000000000, 0.000000000000000000, -2.500000000000004885 ) ) ;
#3433 = PLANE ( 'NONE',  #1614 ) ;
#3434 = FACE_OUTER_BOUND ( 'NONE', #1211, .T. ) ;
#3435 = CARTESIAN_POINT ( 'NONE',  ( 47.00000000000000711, 3.000000000000000000, -41.99999999999999289 ) ) ;
#3436 = EDGE_CURVE ( 'NONE', #2459, #3771, #202, .T. ) ;
#3437 = ORIENTED_EDGE ( 'NONE', *, *, #3190, .F. ) ;
#3438 = ORIENTED_EDGE ( 'NONE', *, *, #73, .F. ) ;
#3439 = CARTESIAN_POINT ( 'NONE',  ( 176.0000000000000000, 0.000000000000000000, -73.00000000000001421 ) ) ;
#3440 = ORIENTED_EDGE ( 'NONE', *, *, #3197, .T. ) ;
#3441 = CYLINDRICAL_SURFACE ( 'NONE', #2508, 1.600000000000004086 ) ;
#3442 = ORIENTED_EDGE ( 'NONE', *, *, #3827, .T. ) ;
#3443 = SECURITY_CLASSIFICATION_LEVEL ( 'unclassified' ) ;
#3444 = CARTESIAN_POINT ( 'NONE',  ( 34.49999999999999289, 7.000000000000000000, -142.4999999999999716 ) ) ;
#3445 = CARTESIAN_POINT ( 'NONE',  ( 14.61746918311558652, 0.000000000000000000, -162.0494536524393823 ) ) ;
#3446 = DIRECTION ( 'NONE',  ( -0.000000000000000000, -1.000000000000000000, -0.000000000000000000 ) ) ;
#3447 = ORIENTED_EDGE ( 'NONE', *, *, #147, .T. ) ;
#3448 = ORIENTED_EDGE ( 'NONE', *, *, #1467, .T. ) ;
#3449 = CARTESIAN_POINT ( 'NONE',  ( 110.0000000000000000, 87.00000000000001421, -130.0000000000000000 ) ) ;
#3450 = FACE_OUTER_BOUND ( 'NONE', #523, .T. ) ;
#3451 = DIRECTION ( 'NONE',  ( 0.000000000000000000, 0.000000000000000000, -1.000000000000000000 ) ) ;
#3452 = VERTEX_POINT ( 'NONE', #3824 ) ;
#3453 = DIRECTION ( 'NONE',  ( -1.000000000000000000, 0.000000000000000000, -0.000000000000000000 ) ) ;
#3454 = FACE_BOUND ( 'NONE', #4812, .T. ) ;
#3455 = ORIENTED_EDGE ( 'NONE', *, *, #385, .T. ) ;
#3456 = LINE ( 'NONE', #2791, #3200 ) ;
#3457 = EDGE_CURVE ( 'NONE', #4452, #1493, #2252, .T. ) ;
#3458 = CARTESIAN_POINT ( 'NONE',  ( 219.7763555796254877, 20.72523065556283584, -137.0123030968099442 ) ) ;
#3459 = ORIENTED_EDGE ( 'NONE', *, *, #83, .T. ) ;
#3460 = AXIS2_PLACEMENT_3D ( 'NONE', #1775, #263, #1045 ) ;
#3461 = DIRECTION ( 'NONE',  ( 1.000000000000000000, 0.000000000000000000, 0.000000000000000000 ) ) ;
#3462 = ORIENTED_EDGE ( 'NONE', *, *, #3751, .T. ) ;
#3463 = CARTESIAN_POINT ( 'NONE',  ( 53.00000000000000000, 7.000000000000000000, -48.59999999999999432 ) ) ;
#3464 = ORIENTED_EDGE ( 'NONE', *, *, #1297, .F. ) ;
#3465 = VECTOR ( 'NONE', #4830, 1000.000000000000000 ) ;
#3466 = EDGE_CURVE ( 'NONE', #1282, #149, #1429, .T. ) ;
#3467 = AXIS2_PLACEMENT_3D ( 'NONE', #3278, #4801, #986 ) ;
#3468 = CARTESIAN_POINT ( 'NONE',  ( 38.00000000000000711, 27.00000000000000000, -198.0000000000000000 ) ) ;
#3469 = VERTEX_POINT ( 'NONE', #4930 ) ;
#3470 = AXIS2_PLACEMENT_3D ( 'NONE', #4179, #667, #741 ) ;
#3471 = CARTESIAN_POINT ( 'NONE',  ( 0.000000000000000000, 87.00000000000001421, 0.000000000000000000 ) ) ;
#3472 = DIRECTION ( 'NONE',  ( 0.000000000000000000, 0.000000000000000000, -1.000000000000000000 ) ) ;
#3473 = ADVANCED_FACE ( 'NONE', ( #2986 ), #1803, .F. ) ;
#3474 = DIRECTION ( 'NONE',  ( 0.000000000000000000, 0.000000000000000000, -1.000000000000000000 ) ) ;
#3475 = VERTEX_POINT ( 'NONE', #3404 ) ;
#3476 = VECTOR ( 'NONE', #4116, 1000.000000000000000 ) ;
#3477 = ORIENTED_EDGE ( 'NONE', *, *, #3627, .F. ) ;
#3478 = DIRECTION ( 'NONE',  ( -0.000000000000000000, -1.000000000000000000, -0.000000000000000000 ) ) ;
#3479 = CARTESIAN_POINT ( 'NONE',  ( 176.0000000000000000, 7.000000000000000000, -14.99999999999999645 ) ) ;
#3480 = CARTESIAN_POINT ( 'NONE',  ( 185.5000000000000000, -3.000000000000000000, -127.0000000000000000 ) ) ;
#3481 = ORIENTED_EDGE ( 'NONE', *, *, #2833, .F. ) ;
#3482 = LINE ( 'NONE', #3776, #2145 ) ;
#3483 = CARTESIAN_POINT ( 'NONE',  ( 178.8996047274589785, -12.00199999999999889, -209.2328496799144091 ) ) ;
#3484 = CARTESIAN_POINT ( 'NONE',  ( 12.21201217305250175, 0.000000000000000000, -163.8421545680241422 ) ) ;
#3485 = DIRECTION ( 'NONE',  ( 0.000000000000000000, 0.000000000000000000, 1.000000000000000000 ) ) ;
#3486 = ORIENTED_EDGE ( 'NONE', *, *, #3394, .T. ) ;
#3487 = EDGE_CURVE ( 'NONE', #3026, #2261, #3646, .T. ) ;
#3488 = AXIS2_PLACEMENT_3D ( 'NONE', #37, #375, #3126 ) ;
#3489 = FACE_OUTER_BOUND ( 'NONE', #2547, .T. ) ;
#3490 = VERTEX_POINT ( 'NONE', #2632 ) ;
#3491 = DIRECTION ( 'NONE',  ( -0.000000000000000000, 1.000000000000000000, -0.000000000000000000 ) ) ;
#3492 = ORIENTED_EDGE ( 'NONE', *, *, #3922, .T. ) ;
#3493 = AXIS2_PLACEMENT_3D ( 'NONE', #243, #2892, #4739 ) ;
#3494 = FACE_OUTER_BOUND ( 'NONE', #4408, .T. ) ;
#3495 = ORIENTED_EDGE ( 'NONE', *, *, #90, .T. ) ;
#3496 = ADVANCED_FACE ( 'NONE', ( #683, #1501 ), #1115, .T. ) ;
#3497 = ORIENTED_EDGE ( 'NONE', *, *, #3068, .T. ) ;
#3498 = AXIS2_PLACEMENT_3D ( 'NONE', #4076, #4500, #1843 ) ;
#3499 = DIRECTION ( 'NONE',  ( -0.000000000000000000, -1.000000000000000000, -0.000000000000000000 ) ) ;
#3500 = CARTESIAN_POINT ( 'NONE',  ( 67.00000000000000000, -3.000000000000000000, -45.39999999999999858 ) ) ;
#3501 = CARTESIAN_POINT ( 'NONE',  ( 176.0000000000000000, 7.000000000000000000, -67.99999999999997158 ) ) ;
#3502 = ORIENTED_EDGE ( 'NONE', *, *, #596, .T. ) ;
#3503 = AXIS2_PLACEMENT_3D ( 'NONE', #4616, #2773, #3931 ) ;
#3504 = VERTEX_POINT ( 'NONE', #736 ) ;
#3505 = ADVANCED_FACE ( 'NONE', ( #2683 ), #2274, .F. ) ;
#3506 = EDGE_LOOP ( 'NONE', ( #3481, #4053, #1496, #2976 ) ) ;
#3507 = DIRECTION ( 'NONE',  ( 0.000000000000000000, 0.000000000000000000, 1.000000000000000000 ) ) ;
#3508 = VECTOR ( 'NONE', #4910, 1000.000000000000000 ) ;
#3509 = DIRECTION ( 'NONE',  ( -0.000000000000000000, -1.000000000000000000, -0.000000000000000000 ) ) ;
#3510 = CARTESIAN_POINT ( 'NONE',  ( 38.00000000000000711, 0.000000000000000000, -190.0000000000000000 ) ) ;
#3511 = ORIENTED_EDGE ( 'NONE', *, *, #125, .T. ) ;
#3512 = ORIENTED_EDGE ( 'NONE', *, *, #1878, .F. ) ;
#3513 = LOCAL_TIME ( 14, 16, 59.00000000000000000, #3285 ) ;
#3514 = DIRECTION ( 'NONE',  ( 0.000000000000000000, -1.000000000000000000, 0.000000000000000000 ) ) ;
#3515 = CARTESIAN_POINT ( 'NONE',  ( 220.0000000000000000, 7.000000000000000000, -130.0000000000000000 ) ) ;
#3516 = CARTESIAN_POINT ( 'NONE',  ( 38.00000000000000711, 0.000000000000000000, -183.0000000000000000 ) ) ;
#3517 = DIRECTION ( 'NONE',  ( -0.000000000000000000, 1.000000000000000000, -0.000000000000000000 ) ) ;
#3518 = ORIENTED_EDGE ( 'NONE', *, *, #3687, .F. ) ;
#3519 = CARTESIAN_POINT ( 'NONE',  ( 24.49999999999999289, 6.568651337178705418, -149.6101000526680593 ) ) ;
#3520 = LINE ( 'NONE', #2747, #3712 ) ;
#3521 = ORIENTED_EDGE ( 'NONE', *, *, #2670, .T. ) ;
#3522 = DIRECTION ( 'NONE',  ( 0.000000000000000000, 0.000000000000000000, 1.000000000000000000 ) ) ;
#3523 = FACE_OUTER_BOUND ( 'NONE', #259, .T. ) ;
#3524 = DIRECTION ( 'NONE',  ( 0.000000000000000000, 1.000000000000000000, 0.000000000000000000 ) ) ;
#3525 = VERTEX_POINT ( 'NONE', #3752 ) ;
#3526 = ORIENTED_EDGE ( 'NONE', *, *, #539, .F. ) ;
#3527 = CARTESIAN_POINT ( 'NONE',  ( 215.0000000000000000, 0.000000000000000000, -5.000000000000000000 ) ) ;
#3528 = DIRECTION ( 'NONE',  ( 0.000000000000000000, 1.000000000000000000, -5.551115123125786646E-16 ) ) ;
#3529 = ORIENTED_EDGE ( 'NONE', *, *, #2419, .T. ) ;
#3530 = ADVANCED_FACE ( 'NONE', ( #3058 ), #4579, .F. ) ;
#3531 = CARTESIAN_POINT ( 'NONE',  ( 205.3825308168844117, 3.000000000000000000, -162.0494536524393823 ) ) ;
#3532 = CARTESIAN_POINT ( 'NONE',  ( 215.0000000000000000, 34.99999999999999289, -75.00000000000001421 ) ) ;
#3533 = ORIENTED_EDGE ( 'NONE', *, *, #513, .F. ) ;
#3534 = CARTESIAN_POINT ( 'NONE',  ( 38.00000000000000711, 7.000000000000000000, -182.0000000000000000 ) ) ;
#3535 = ADVANCED_FACE ( 'NONE', ( #3774 ), #4532, .F. ) ;
#3536 = ORIENTED_EDGE ( 'NONE', *, *, #1011, .T. ) ;
#3537 = VECTOR ( 'NONE', #3866, 1000.000000000000000 ) ;
#3538 = CARTESIAN_POINT ( 'NONE',  ( 210.5500000000000114, -3.000000000000000000, -135.7500000000000000 ) ) ;
#3539 = DIRECTION ( 'NONE',  ( -0.000000000000000000, 1.000000000000000000, -0.000000000000000000 ) ) ;
#3540 = ORIENTED_EDGE ( 'NONE', *, *, #3770, .F. ) ;
#3541 = ORIENTED_EDGE ( 'NONE', *, *, #4832, .T. ) ;
#3542 = CIRCLE ( 'NONE', #1305, 7.849999999999996092 ) ;
#3543 = CARTESIAN_POINT ( 'NONE',  ( 41.10039527254102865, 87.00000000000001421, -206.7328496799144091 ) ) ;
#3544 = DIRECTION ( 'NONE',  ( -0.000000000000000000, 1.000000000000000000, -0.000000000000000000 ) ) ;
#3545 = DIRECTION ( 'NONE',  ( -0.000000000000000000, -1.000000000000000000, -0.000000000000000000 ) ) ;
#3546 = ORIENTED_EDGE ( 'NONE', *, *, #2715, .F. ) ;
#3547 = AXIS2_PLACEMENT_3D ( 'NONE', #3107, #2322, #3507 ) ;
#3548 = ORIENTED_EDGE ( 'NONE', *, *, #2738, .T. ) ;
#3549 = EDGE_CURVE ( 'NONE', #3744, #794, #2695, .T. ) ;
#3550 = LINE ( 'NONE', #2785, #1989 ) ;
#3551 = VECTOR ( 'NONE', #2970, 1000.000000000000000 ) ;
#3552 = DIRECTION ( 'NONE',  ( 0.000000000000000000, 0.000000000000000000, -1.000000000000000000 ) ) ;
#3553 = ORIENTED_EDGE ( 'NONE', *, *, #73, .T. ) ;
#3554 = EDGE_CURVE ( 'NONE', #4446, #2225, #2054, .T. ) ;
#3555 = DIRECTION ( 'NONE',  ( 0.000000000000000000, 0.000000000000000000, 1.000000000000000000 ) ) ;
#3556 = EDGE_CURVE ( 'NONE', #3283, #4547, #3731, .T. ) ;
#3557 = DIRECTION ( 'NONE',  ( 0.000000000000000000, 1.000000000000000000, 0.000000000000000000 ) ) ;
#3558 = CARTESIAN_POINT ( 'NONE',  ( 5.000000000000000000, 7.000000000000000000, -10.00000000000000178 ) ) ;
#3559 = EDGE_LOOP ( 'NONE', ( #3102, #1055, #4907, #2643, #650, #1450, #3846, #1404 ) ) ;
#3560 = DIRECTION ( 'NONE',  ( 0.000000000000000000, 0.000000000000000000, 1.000000000000000000 ) ) ;
#3561 = VERTEX_POINT ( 'NONE', #17 ) ;
#3562 = CYLINDRICAL_SURFACE ( 'NONE', #4941, 1.000000000000000888 ) ;
#3563 = EDGE_CURVE ( 'NONE', #2999, #3355, #3094, .T. ) ;
#3564 = CARTESIAN_POINT ( 'NONE',  ( 215.0000000000000000, 10.00000000000000888, -35.00000000000000000 ) ) ;
#3565 = LINE ( 'NONE', #421, #3390 ) ;
#3566 = ORIENTED_EDGE ( 'NONE', *, *, #1618, .F. ) ;
#3567 = ORIENTED_EDGE ( 'NONE', *, *, #2126, .F. ) ;
#3568 = AXIS2_PLACEMENT_3D ( 'NONE', #564, #4082, #3632 ) ;
#3569 = LINE ( 'NONE', #2496, #2007 ) ;
#3570 = LINE ( 'NONE', #1263, #1628 ) ;
#3571 = CARTESIAN_POINT ( 'NONE',  ( 176.0000000000000000, -93.00000000000000000, -14.99999999999999645 ) ) ;
#3572 = ORIENTED_EDGE ( 'NONE', *, *, #4157, .T. ) ;
#3573 = VECTOR ( 'NONE', #1673, 1000.000000000000000 ) ;
#3574 = ORIENTED_EDGE ( 'NONE', *, *, #596, .F. ) ;
#3575 = LINE ( 'NONE', #1320, #1685 ) ;
#3576 = CIRCLE ( 'NONE', #4619, 2.500000000000002220 ) ;
#3577 = DIRECTION ( 'NONE',  ( -1.000000000000000000, 0.000000000000000000, -0.000000000000000000 ) ) ;
#3578 = ORIENTED_EDGE ( 'NONE', *, *, #2611, .F. ) ;
#3579 = EDGE_CURVE ( 'NONE', #3475, #1995, #519, .T. ) ;
#3580 = CALENDAR_DATE ( 2026, 17, 9 ) ;
#3581 = AXIS2_PLACEMENT_3D ( 'NONE', #3608, #173, #2895 ) ;
#3582 = PLANE ( 'NONE',  #2750 ) ;
#3583 = CARTESIAN_POINT ( 'NONE',  ( 0.000000000000000000, 0.000000000000000000, -127.0000000000000000 ) ) ;
#3584 = FACE_OUTER_BOUND ( 'NONE', #2426, .T. ) ;
#3585 = EDGE_CURVE ( 'NONE', #617, #3724, #3899, .T. ) ;
#3586 = ORIENTED_EDGE ( 'NONE', *, *, #3681, .F. ) ;
#3587 = CARTESIAN_POINT ( 'NONE',  ( 198.5790561826769363, 3.000000000000000000, -176.1987551511599293 ) ) ;
#3588 = CARTESIAN_POINT ( 'NONE',  ( 5.000000000000000000, 34.99999999999999289, -75.00000000000001421 ) ) ;
#3589 = CARTESIAN_POINT ( 'NONE',  ( 173.0000000000000284, -3.000000000000000000, -41.99999999999999289 ) ) ;
#3590 = ORIENTED_EDGE ( 'NONE', *, *, #2142, .F. ) ;
#3591 = EDGE_CURVE ( 'NONE', #548, #672, #928, .T. ) ;
#3592 = ORIENTED_EDGE ( 'NONE', *, *, #2899, .F. ) ;
#3593 = CARTESIAN_POINT ( 'NONE',  ( 198.5790561826769363, 3.000000000000000000, -176.1987551511599293 ) ) ;
#3594 = CARTESIAN_POINT ( 'NONE',  ( 217.2313526658228966, 22.63422988246029632, -154.5242831076757284 ) ) ;
#3595 = CARTESIAN_POINT ( 'NONE',  ( 215.0000000000000000, 7.000000000000000000, -130.0000000000000000 ) ) ;
#3596 = DIRECTION ( 'NONE',  ( -0.000000000000000000, 1.000000000000000000, -0.000000000000000000 ) ) ;
#3597 = EDGE_LOOP ( 'NONE', ( #3574, #1850, #4677, #3784, #3775, #876 ) ) ;
#3598 = EDGE_CURVE ( 'NONE', #3619, #315, #3408, .T. ) ;
#3599 = ORIENTED_EDGE ( 'NONE', *, *, #4897, .F. ) ;
#3600 = PLANE ( 'NONE',  #2706 ) ;
#3601 = DIRECTION ( 'NONE',  ( 0.000000000000000000, 1.000000000000000000, 0.000000000000000000 ) ) ;
#3602 = ORIENTED_EDGE ( 'NONE', *, *, #3236, .F. ) ;
#3603 = DIRECTION ( 'NONE',  ( -0.000000000000000000, -1.000000000000000000, 0.000000000000000000 ) ) ;
#3604 = DIRECTION ( 'NONE',  ( 0.000000000000000000, 1.000000000000000000, 0.000000000000000000 ) ) ;
#3605 = CARTESIAN_POINT ( 'NONE',  ( 201.9807934997806740, 3.000000000000000000, -176.9741044017996501 ) ) ;
#3606 = CYLINDRICAL_SURFACE ( 'NONE', #673, 1.599999999999997202 ) ;
#3607 = ORIENTED_EDGE ( 'NONE', *, *, #3457, .F. ) ;
#3608 = CARTESIAN_POINT ( 'NONE',  ( 41.10039527254102865, 87.00000000000001421, -209.2328496799144091 ) ) ;
#3609 = EDGE_CURVE ( 'NONE', #306, #2618, #464, .T. ) ;
#3610 = CARTESIAN_POINT ( 'NONE',  ( 176.0000000000000000, -93.00000000000000000, -95.00000000000000000 ) ) ;
#3611 = CARTESIAN_POINT ( 'NONE',  ( 0.000000000000000000, 34.99999999999999289, -35.00000000000001421 ) ) ;
#3612 = ORIENTED_EDGE ( 'NONE', *, *, #335, .T. ) ;
#3613 = CIRCLE ( 'NONE', #3154, 1.549999999999995826 ) ;
#3614 = DIRECTION ( 'NONE',  ( 0.000000000000000000, 0.000000000000000000, 1.000000000000000000 ) ) ;
#3615 = EDGE_CURVE ( 'NONE', #2399, #3698, #1242, .T. ) ;
#3616 = CARTESIAN_POINT ( 'NONE',  ( 0.000000000000000000, 7.000000000000000000, 0.000000000000000000 ) ) ;
#3617 = ORIENTED_EDGE ( 'NONE', *, *, #2712, .T. ) ;
#3618 = ORIENTED_EDGE ( 'NONE', *, *, #147, .F. ) ;
#3619 = VERTEX_POINT ( 'NONE', #4606 ) ;
#3620 = VECTOR ( 'NONE', #965, 1000.000000000000000 ) ;
#3621 = EDGE_CURVE ( 'NONE', #4262, #2373, #3083, .T. ) ;
#3622 = FACE_BOUND ( 'NONE', #4184, .T. ) ;
#3623 = CARTESIAN_POINT ( 'NONE',  ( 176.0000000000000000, 0.000000000000000000, -95.00000000000000000 ) ) ;
#3624 = ORIENTED_EDGE ( 'NONE', *, *, #690, .F. ) ;
#3625 = CIRCLE ( 'NONE', #3706, 7.849999999999996092 ) ;
#3626 = VECTOR ( 'NONE', #38, 1000.000000000000000 ) ;
#3627 = EDGE_CURVE ( 'NONE', #4802, #4198, #1331, .T. ) ;
#3628 = VECTOR ( 'NONE', #4561, 1000.000000000000000 ) ;
#3629 = CARTESIAN_POINT ( 'NONE',  ( 191.7000000000000171, 7.000000000000000000, -135.7500000000000000 ) ) ;
#3630 = PLANE ( 'NONE',  #216 ) ;
#3631 = ORIENTED_EDGE ( 'NONE', *, *, #6, .F. ) ;
#3632 = DIRECTION ( 'NONE',  ( 0.000000000000000000, 0.000000000000000000, -1.000000000000000000 ) ) ;
#3633 = AXIS2_PLACEMENT_3D ( 'NONE', #275, #2596, #2903 ) ;
#3634 = ORIENTED_EDGE ( 'NONE', *, *, #2590, .F. ) ;
#3635 = FACE_BOUND ( 'NONE', #2388, .T. ) ;
#3636 = CARTESIAN_POINT ( 'NONE',  ( 182.0000000000000000, 27.00000000000000000, -198.0000000000000000 ) ) ;
#3637 = CYLINDRICAL_SURFACE ( 'NONE', #1225, 7.849999999999996092 ) ;
#3638 = EDGE_LOOP ( 'NONE', ( #2193, #418 ) ) ;
#3639 = EDGE_CURVE ( 'NONE', #1839, #560, #4127, .T. ) ;
#3640 = CARTESIAN_POINT ( 'NONE',  ( 153.0000000000000000, 3.000000000000000000, -63.00000000000000000 ) ) ;
#3641 = PLANE ( 'NONE',  #562 ) ;
#3642 = VERTEX_POINT ( 'NONE', #71 ) ;
#3643 = DIRECTION ( 'NONE',  ( 0.000000000000000000, 1.000000000000000000, 0.000000000000000000 ) ) ;
#3644 = EDGE_CURVE ( 'NONE', #2572, #3504, #2376, .T. ) ;
#3645 = EDGE_LOOP ( 'NONE', ( #2746, #3511, #89, #388 ) ) ;
#3646 = CIRCLE ( 'NONE', #2938, 1.599999999999997202 ) ;
#3647 = CARTESIAN_POINT ( 'NONE',  ( 0.000000000000000000, 3.000000000000000000, 0.000000000000000000 ) ) ;
#3648 = DIRECTION ( 'NONE',  ( -0.000000000000000000, 1.000000000000000000, -0.000000000000000000 ) ) ;
#3649 = DIRECTION ( 'NONE',  ( 0.000000000000000000, 1.000000000000000000, 0.000000000000000000 ) ) ;
#3650 = ORIENTED_EDGE ( 'NONE', *, *, #1359, .F. ) ;
#3651 = VECTOR ( 'NONE', #3601, 1000.000000000000000 ) ;
#3652 = EDGE_CURVE ( 'NONE', #2650, #1956, #3134, .T. ) ;
#3653 = CARTESIAN_POINT ( 'NONE',  ( 76.00000000000001421, 3.000000000000000000, -41.99999999999997868 ) ) ;
#3654 = AXIS2_PLACEMENT_3D ( 'NONE', #4733, #3649, #1294 ) ;
#3655 = DIRECTION ( 'NONE',  ( 0.000000000000000000, 0.000000000000000000, 1.000000000000000000 ) ) ;
#3656 = FACE_BOUND ( 'NONE', #2982, .T. ) ;
#3657 = VECTOR ( 'NONE', #2446, 1000.000000000000000 ) ;
#3658 = EDGE_LOOP ( 'NONE', ( #4321, #4389, #4649, #396 ) ) ;
#3659 = DIRECTION ( 'NONE',  ( 0.000000000000000000, 0.000000000000000000, 1.000000000000000000 ) ) ;
#3660 = LINE ( 'NONE', #2086, #4855 ) ;
#3661 = VECTOR ( 'NONE', #308, 1000.000000000000000 ) ;
#3662 = PLANE ( 'NONE',  #987 ) ;
#3663 = AXIS2_PLACEMENT_3D ( 'NONE', #3290, #2160, #2586 ) ;
#3664 = LOCAL_TIME ( 14, 16, 59.00000000000000000, #2840 ) ;
#3665 = FACE_BOUND ( 'NONE', #4345, .T. ) ;
#3666 = CIRCLE ( 'NONE', #4596, 7.500000000000007105 ) ;
#3667 = CARTESIAN_POINT ( 'NONE',  ( 219.5799174615839888, 20.89995058420440444, -139.6045676486979232 ) ) ;
#3668 = EDGE_LOOP ( 'NONE', ( #2578, #3289 ) ) ;
#3669 = LINE ( 'NONE', #231, #254 ) ;
#3670 = ORIENTED_EDGE ( 'NONE', *, *, #2327, .F. ) ;
#3671 = EDGE_CURVE ( 'NONE', #2891, #2143, #1270, .T. ) ;
#3672 = DIRECTION ( 'NONE',  ( -0.000000000000000000, 1.000000000000000000, 0.000000000000000000 ) ) ;
#3673 = DIRECTION ( 'NONE',  ( -0.000000000000000000, 1.000000000000000000, -0.000000000000000000 ) ) ;
#3674 = ORIENTED_EDGE ( 'NONE', *, *, #347, .T. ) ;
#3675 = DIRECTION ( 'NONE',  ( 0.000000000000000000, 0.000000000000000000, -1.000000000000000000 ) ) ;
#3676 = ORIENTED_EDGE ( 'NONE', *, *, #1264, .F. ) ;
#3677 = PERSON_AND_ORGANIZATION_ROLE ( 'design_supplier' ) ;
#3678 = ORIENTED_EDGE ( 'NONE', *, *, #365, .F. ) ;
#3679 = LINE ( 'NONE', #3356, #2034 ) ;
#3680 = FACE_OUTER_BOUND ( 'NONE', #2851, .T. ) ;
#3681 = EDGE_CURVE ( 'NONE', #1893, #1018, #2425, .T. ) ;
#3682 = CARTESIAN_POINT ( 'NONE',  ( 5.000000000000000000, 7.000000000000000000, -5.000000000000000000 ) ) ;
#3683 = ORIENTED_EDGE ( 'NONE', *, *, #2314, .T. ) ;
#3684 = CARTESIAN_POINT ( 'NONE',  ( 210.5500000000000114, 43.50000000000000000, -135.7500000000000000 ) ) ;
#3685 = DIRECTION ( 'NONE',  ( 0.000000000000000000, 1.000000000000000000, 0.000000000000000000 ) ) ;
#3686 = CARTESIAN_POINT ( 'NONE',  ( 23.82640082738614140, 0.000000000000000000, -174.4060542355751977 ) ) ;
#3687 = EDGE_CURVE ( 'NONE', #4162, #3787, #2324, .T. ) ;
#3688 = DIRECTION ( 'NONE',  ( -0.000000000000000000, -1.000000000000000000, -0.000000000000000000 ) ) ;
#3689 = CARTESIAN_POINT ( 'NONE',  ( 216.6390717929473908, 22.64003191279934768, -156.9838992649836769 ) ) ;
#3690 = ORIENTED_EDGE ( 'NONE', *, *, #824, .F. ) ;
#3691 = ORIENTED_EDGE ( 'NONE', *, *, #1655, .T. ) ;
#3692 = ORIENTED_EDGE ( 'NONE', *, *, #2486, .T. ) ;
#3693 = VECTOR ( 'NONE', #4726, 1000.000000000000000 ) ;
#3694 = CARTESIAN_POINT ( 'NONE',  ( 219.7908940950949841, 22.18036266043386817, -136.7794616759318274 ) ) ;
#3695 = CARTESIAN_POINT ( 'NONE',  ( 19.49999999999999645, 0.000000000000000000, -154.4330343736592681 ) ) ;
#3696 = ORIENTED_EDGE ( 'NONE', *, *, #4199, .F. ) ;
#3697 = DIRECTION ( 'NONE',  ( -0.000000000000000000, -1.000000000000000000, -0.000000000000000000 ) ) ;
#3698 = VERTEX_POINT ( 'NONE', #2763 ) ;
#3699 = EDGE_CURVE ( 'NONE', #1590, #67, #1811, .T. ) ;
#3700 = ORIENTED_EDGE ( 'NONE', *, *, #3207, .F. ) ;
#3701 = LINE ( 'NONE', #2605, #2104 ) ;
#3702 = CARTESIAN_POINT ( 'NONE',  ( 44.00000000000000711, 7.000000000000000000, -15.00000000000000178 ) ) ;
#3703 = VECTOR ( 'NONE', #1886, 1000.000000000000000 ) ;
#3704 = LINE ( 'NONE', #639, #4773 ) ;
#3705 = EDGE_CURVE ( 'NONE', #2719, #3097, #383, .T. ) ;
#3706 = AXIS2_PLACEMENT_3D ( 'NONE', #4442, #1005, #2545 ) ;
#3707 = DIRECTION ( 'NONE',  ( 0.000000000000000000, 0.000000000000000000, 1.000000000000000000 ) ) ;
#3708 = ORIENTED_EDGE ( 'NONE', *, *, #3831, .T. ) ;
#3709 = CARTESIAN_POINT ( 'NONE',  ( 217.2684995617302945, 20.98409546790676927, -154.3612530661923188 ) ) ;
#3710 = VERTEX_POINT ( 'NONE', #2710 ) ;
#3711 = CARTESIAN_POINT ( 'NONE',  ( 210.5500000000000114, 0.000000000000000000, -135.7500000000000000 ) ) ;
#3712 = VECTOR ( 'NONE', #3491, 1000.000000000000000 ) ;
#3713 = ADVANCED_FACE ( 'NONE', ( #4302 ), #869, .F. ) ;
#3714 = DIRECTION ( 'NONE',  ( 0.000000000000000000, 3.469446951953613696E-16, 1.000000000000000000 ) ) ;
#3715 = ORIENTED_EDGE ( 'NONE', *, *, #543, .T. ) ;
#3716 = CARTESIAN_POINT ( 'NONE',  ( 210.0000000000000000, 0.000000000000000000, 0.000000000000000000 ) ) ;
#3717 = ORIENTED_EDGE ( 'NONE', *, *, #2010, .F. ) ;
#3718 = CARTESIAN_POINT ( 'NONE',  ( 47.00000000000000000, -3.000000000000000000, -68.00000000000000000 ) ) ;
#3719 = EDGE_LOOP ( 'NONE', ( #4950, #2478, #783, #999 ) ) ;
#3720 = DIRECTION ( 'NONE',  ( 0.000000000000000000, -0.000000000000000000, -1.000000000000000000 ) ) ;
#3721 = DIRECTION ( 'NONE',  ( -0.000000000000000000, 1.000000000000000000, -0.000000000000000000 ) ) ;
#3722 = EDGE_CURVE ( 'NONE', #4159, #617, #407, .T. ) ;
#3723 = CARTESIAN_POINT ( 'NONE',  ( 176.0000000000000000, -10.00000000000000000, -73.00000000000001421 ) ) ;
#3724 = VERTEX_POINT ( 'NONE', #3997 ) ;
#3725 = EDGE_CURVE ( 'NONE', #1521, #4452, #1335, .T. ) ;
#3726 = ORIENTED_EDGE ( 'NONE', *, *, #978, .F. ) ;
#3727 = LINE ( 'NONE', #1113, #3465 ) ;
#3728 = CARTESIAN_POINT ( 'NONE',  ( 0.000000000000000000, 0.000000000000000000, -214.2328496799144091 ) ) ;
#3729 = EDGE_CURVE ( 'NONE', #2225, #1436, #3178, .T. ) ;
#3730 = AXIS2_PLACEMENT_3D ( 'NONE', #1024, #972, #616 ) ;
#3731 = LINE ( 'NONE', #288, #4845 ) ;
#3732 = ORIENTED_EDGE ( 'NONE', *, *, #2456, .T. ) ;
#3733 = DIRECTION ( 'NONE',  ( -0.000000000000000000, 1.000000000000000000, -0.000000000000000000 ) ) ;
#3734 = CIRCLE ( 'NONE', #2865, 9.999999999999994671 ) ;
#3735 = DIRECTION ( 'NONE',  ( 0.000000000000000000, 0.000000000000000000, 1.000000000000000000 ) ) ;
#3736 = CARTESIAN_POINT ( 'NONE',  ( 34.49999999999999289, 2.602085213965210642E-15, -139.5669656263407035 ) ) ;
#3737 = EDGE_CURVE ( 'NONE', #306, #885, #4402, .T. ) ;
#3738 = AXIS2_PLACEMENT_3D ( 'NONE', #2398, #3545, #1918 ) ;
#3739 = DIRECTION ( 'NONE',  ( -0.000000000000000000, -1.000000000000000000, -0.000000000000000000 ) ) ;
#3740 = ORIENTED_EDGE ( 'NONE', *, *, #867, .F. ) ;
#3741 = ADVANCED_FACE ( 'NONE', ( #236 ), #2451, .T. ) ;
#3742 = FACE_OUTER_BOUND ( 'NONE', #3994, .T. ) ;
#3743 = CC_DESIGN_SECURITY_CLASSIFICATION ( #4707, ( #458 ) ) ;
#3744 = VERTEX_POINT ( 'NONE', #559 ) ;
#3745 = CARTESIAN_POINT ( 'NONE',  ( 219.6747329039134229, 23.21990142420500547, -138.4535713956204290 ) ) ;
#3746 = CARTESIAN_POINT ( 'NONE',  ( 5.000000000000004441, 34.99999999999999289, -35.00000000000001421 ) ) ;
#3747 = DIRECTION ( 'NONE',  ( 1.000000000000000000, 0.000000000000000000, 0.000000000000000000 ) ) ;
#3748 = ORIENTED_EDGE ( 'NONE', *, *, #3591, .T. ) ;
#3749 = LINE ( 'NONE', #4100, #4506 ) ;
#3750 = CYLINDRICAL_SURFACE ( 'NONE', #1503, 109.9999999999999858 ) ;
#3751 = EDGE_CURVE ( 'NONE', #1461, #1857, #4453, .T. ) ;
#3752 = CARTESIAN_POINT ( 'NONE',  ( 21.42094381732307085, 0.000000000000000000, -179.1987551511599293 ) ) ;
#3753 = ORIENTED_EDGE ( 'NONE', *, *, #2088, .F. ) ;
#3754 = PLANE ( 'NONE',  #1823 ) ;
#3755 = FACE_OUTER_BOUND ( 'NONE', #3267, .T. ) ;
#3756 = PLANE ( 'NONE',  #4349 ) ;
#3757 = VERTEX_POINT ( 'NONE', #2837 ) ;
#3758 = EDGE_CURVE ( 'NONE', #3004, #3177, #1161, .T. ) ;
#3759 = LINE ( 'NONE', #1103, #4265 ) ;
#3760 = VERTEX_POINT ( 'NONE', #2908 ) ;
#3761 = CARTESIAN_POINT ( 'NONE',  ( 210.5500000000000114, 7.000000000000000000, -135.7500000000000000 ) ) ;
#3762 = VERTEX_POINT ( 'NONE', #4426 ) ;
#3763 = EDGE_CURVE ( 'NONE', #4380, #3762, #4049, .T. ) ;
#3764 = CARTESIAN_POINT ( 'NONE',  ( 41.10039527254102865, -12.00199999999999889, -204.2328496799144091 ) ) ;
#3765 = CARTESIAN_POINT ( 'NONE',  ( 166.9999999999999716, 7.000000000000000000, -47.00000000000000000 ) ) ;
#3766 = CARTESIAN_POINT ( 'NONE',  ( 144.0000000000000284, 3.000000000000000000, -68.00000000000000000 ) ) ;
#3767 = VERTEX_POINT ( 'NONE', #2860 ) ;
#3768 = ORIENTED_EDGE ( 'NONE', *, *, #4139, .T. ) ;
#3769 = AXIS2_PLACEMENT_3D ( 'NONE', #4319, #3544, #4727 ) ;
#3770 = EDGE_CURVE ( 'NONE', #3710, #3926, #1494, .T. ) ;
#3771 = VERTEX_POINT ( 'NONE', #4379 ) ;
#3772 = CARTESIAN_POINT ( 'NONE',  ( 210.0000000000000000, -93.00000000000000000, -15.00000000000000000 ) ) ;
#3773 = LINE ( 'NONE', #4856, #940 ) ;
#3774 = FACE_OUTER_BOUND ( 'NONE', #2060, .T. ) ;
#3775 = ORIENTED_EDGE ( 'NONE', *, *, #4199, .T. ) ;
#3776 = CARTESIAN_POINT ( 'NONE',  ( 220.0000000000000000, 9.999999999999994671, -75.00000000000001421 ) ) ;
#3777 = DIRECTION ( 'NONE',  ( 0.000000000000000000, 0.000000000000000000, -1.000000000000000000 ) ) ;
#3778 = AXIS2_PLACEMENT_3D ( 'NONE', #3836, #2723, #1105 ) ;
#3779 = CARTESIAN_POINT ( 'NONE',  ( 38.00000000000000711, 0.000000000000000000, -190.0000000000000000 ) ) ;
#3780 = AXIS2_PLACEMENT_3D ( 'NONE', #2731, #2681, #3427 ) ;
#3781 = ORIENTED_EDGE ( 'NONE', *, *, #4107, .T. ) ;
#3782 = FACE_OUTER_BOUND ( 'NONE', #4601, .T. ) ;
#3783 = AXIS2_PLACEMENT_3D ( 'NONE', #4393, #1361, #595 ) ;
#3784 = ORIENTED_EDGE ( 'NONE', *, *, #2449, .F. ) ;
#3785 = EDGE_CURVE ( 'NONE', #1329, #1616, #610, .T. ) ;
#3786 = CARTESIAN_POINT ( 'NONE',  ( 153.0000000000000000, -3.000000000000000000, -63.00000000000000000 ) ) ;
#3787 = VERTEX_POINT ( 'NONE', #3623 ) ;
#3788 = DIRECTION ( 'NONE',  ( -0.000000000000000000, 1.000000000000000000, -0.000000000000000000 ) ) ;
#3789 = DIRECTION ( 'NONE',  ( -1.000000000000000000, 0.000000000000000000, -0.000000000000000000 ) ) ;
#3790 = EDGE_CURVE ( 'NONE', #3097, #3311, #189, .T. ) ;
#3791 = DIRECTION ( 'NONE',  ( 0.000000000000000000, 0.000000000000000000, 1.000000000000000000 ) ) ;
#3792 = ORIENTED_EDGE ( 'NONE', *, *, #1664, .T. ) ;
#3793 = ORIENTED_EDGE ( 'NONE', *, *, #3436, .F. ) ;
#3794 = CIRCLE ( 'NONE', #119, 1.000000000000000888 ) ;
#3795 = DIRECTION ( 'NONE',  ( -0.000000000000000000, 1.000000000000000000, -0.000000000000000000 ) ) ;
#3796 = FACE_BOUND ( 'NONE', #1425, .T. ) ;
#3797 = CARTESIAN_POINT ( 'NONE',  ( 52.99999999999999289, 7.000000000000000000, -63.00000000000000000 ) ) ;
#3798 = EDGE_LOOP ( 'NONE', ( #913, #251, #2295, #3303 ) ) ;
#3799 = EDGE_CURVE ( 'NONE', #3744, #1521, #3256, .T. ) ;
#3800 = PLANE ( 'NONE',  #1094 ) ;
#3801 = CARTESIAN_POINT ( 'NONE',  ( 217.3049859046633401, 21.67999999999999972, -154.2000000000000171 ) ) ;
#3802 = AXIS2_PLACEMENT_3D ( 'NONE', #1901, #1876, #1454 ) ;
#3803 = CARTESIAN_POINT ( 'NONE',  ( 44.00000000000000000, 7.000000000000000000, -68.00000000000000000 ) ) ;
#3804 = DIRECTION ( 'NONE',  ( 0.000000000000000000, -1.000000000000000000, 0.000000000000000000 ) ) ;
#3805 = VECTOR ( 'NONE', #1923, 1000.000000000000000 ) ;
#3806 = CARTESIAN_POINT ( 'NONE',  ( 185.5000000000000000, 0.000000000000000000, -151.5000000000000000 ) ) ;
#3807 = CIRCLE ( 'NONE', #3738, 1.000000000000000888 ) ;
#3808 = ORIENTED_EDGE ( 'NONE', *, *, #3203, .T. ) ;
#3809 = DIRECTION ( 'NONE',  ( -0.000000000000000000, -1.000000000000000000, -0.000000000000000000 ) ) ;
#3810 = CIRCLE ( 'NONE', #4381, 7.849999999999996092 ) ;
#3811 = AXIS2_PLACEMENT_3D ( 'NONE', #4276, #1193, #3848 ) ;
#3812 = EDGE_LOOP ( 'NONE', ( #3152, #2120, #2053, #1245 ) ) ;
#3813 = PERSON_AND_ORGANIZATION_ROLE ( 'classification_officer' ) ;
#3814 = LINE ( 'NONE', #2779, #749 ) ;
#3815 = CARTESIAN_POINT ( 'NONE',  ( 24.49999999999999289, 1.523912716559723490, -153.1276435491489281 ) ) ;
#3816 = APPROVAL_PERSON_ORGANIZATION ( #871, #3917, #3949 ) ;
#3817 = CARTESIAN_POINT ( 'NONE',  ( 176.0000000000000000, 0.000000000000000000, -67.99999999999997158 ) ) ;
#3818 = ORIENTED_EDGE ( 'NONE', *, *, #14, .F. ) ;
#3819 = VERTEX_POINT ( 'NONE', #992 ) ;
#3820 = ADVANCED_FACE ( 'NONE', ( #945 ), #2504, .F. ) ;
#3821 = EDGE_CURVE ( 'NONE', #403, #4521, #2150, .T. ) ;
#3822 = LINE ( 'NONE', #3132, #2108 ) ;
#3823 = DIRECTION ( 'NONE',  ( -0.000000000000000000, 1.000000000000000000, -0.000000000000000000 ) ) ;
#3824 = CARTESIAN_POINT ( 'NONE',  ( 219.7957649456480738, 21.67999999999999972, -136.7000000000000171 ) ) ;
#3825 = ORIENTED_EDGE ( 'NONE', *, *, #3681, .T. ) ;
#3826 = DIRECTION ( 'NONE',  ( 0.000000000000000000, 0.000000000000000000, -1.000000000000000000 ) ) ;
#3827 = EDGE_CURVE ( 'NONE', #68, #1774, #3947, .T. ) ;
#3828 = FACE_BOUND ( 'NONE', #1671, .T. ) ;
#3829 = CARTESIAN_POINT ( 'NONE',  ( 110.0000000000000000, 43.50000000000000000, -130.0000000000000000 ) ) ;
#3830 = CARTESIAN_POINT ( 'NONE',  ( 216.7775634820106063, 23.07634636430254815, -156.4303067179797040 ) ) ;
#3831 = EDGE_CURVE ( 'NONE', #4767, #4844, #3209, .T. ) ;
#3832 = CARTESIAN_POINT ( 'NONE',  ( 198.5790561826769363, 7.000000000000000000, -176.1987551511599293 ) ) ;
#3833 = ORIENTED_EDGE ( 'NONE', *, *, #1534, .F. ) ;
#3834 = CARTESIAN_POINT ( 'NONE',  ( 178.8996047274589785, 87.00000000000001421, -204.2328496799144091 ) ) ;
#3835 = ORIENTED_EDGE ( 'NONE', *, *, #1753, .T. ) ;
#3836 = CARTESIAN_POINT ( 'NONE',  ( 24.49999999999999289, 1.523912716559723490, -153.1276435491489281 ) ) ;
#3837 = ORIENTED_EDGE ( 'NONE', *, *, #2094, .F. ) ;
#3838 = FACE_OUTER_BOUND ( 'NONE', #1486, .T. ) ;
#3839 = CARTESIAN_POINT ( 'NONE',  ( 66.99999999999998579, -3.000000000000000000, -64.60000000000000853 ) ) ;
#3840 = CARTESIAN_POINT ( 'NONE',  ( 201.9807934997806740, 3.000000000000000000, -169.1241044017996558 ) ) ;
#3841 = ORIENTED_EDGE ( 'NONE', *, *, #3579, .T. ) ;
#3842 = ORIENTED_EDGE ( 'NONE', *, *, #2276, .T. ) ;
#3843 = DIRECTION ( 'NONE',  ( 1.000000000000000000, 0.000000000000000000, 0.000000000000000000 ) ) ;
#3844 = LINE ( 'NONE', #4273, #605 ) ;
#3845 = CARTESIAN_POINT ( 'NONE',  ( 210.5500000000000114, -3.000000000000000000, -135.7500000000000000 ) ) ;
#3846 = ORIENTED_EDGE ( 'NONE', *, *, #3916, .F. ) ;
#3847 = EDGE_CURVE ( 'NONE', #933, #2607, #4205, .T. ) ;
#3848 = DIRECTION ( 'NONE',  ( 0.000000000000000000, -1.000000000000000000, 5.551115123125786646E-16 ) ) ;
#3849 = CARTESIAN_POINT ( 'NONE',  ( 38.00000000000000711, 27.00000000000000000, -190.0000000000000000 ) ) ;
#3850 = CARTESIAN_POINT ( 'NONE',  ( 166.9999999999999716, 3.000000000000000000, -47.00000000000000000 ) ) ;
#3851 = DIRECTION ( 'NONE',  ( 0.000000000000000000, 1.000000000000000000, 0.000000000000000000 ) ) ;
#3852 = EDGE_CURVE ( 'NONE', #967, #3884, #3098, .T. ) ;
#3853 = ORIENTED_EDGE ( 'NONE', *, *, #2803, .T. ) ;
#3854 = AXIS2_PLACEMENT_3D ( 'NONE', #3100, #1917, #321 ) ;
#3855 = CARTESIAN_POINT ( 'NONE',  ( 44.00000000000000711, -93.00000000000000000, -41.99999999999999289 ) ) ;
#3856 = ORIENTED_EDGE ( 'NONE', *, *, #3403, .T. ) ;
#3857 = FACE_OUTER_BOUND ( 'NONE', #2530, .T. ) ;
#3858 = ORIENTED_EDGE ( 'NONE', *, *, #4479, .F. ) ;
#3859 = AXIS2_PLACEMENT_3D ( 'NONE', #4633, #3843, #15 ) ;
#3860 = VECTOR ( 'NONE', #2285, 1000.000000000000000 ) ;
#3861 = CARTESIAN_POINT ( 'NONE',  ( 19.49999999999999645, 7.000000000000000000, -142.4999999999999716 ) ) ;
#3862 = EDGE_CURVE ( 'NONE', #815, #946, #4288, .T. ) ;
#3863 = ORIENTED_EDGE ( 'NONE', *, *, #3105, .F. ) ;
#3864 = AXIS2_PLACEMENT_3D ( 'NONE', #2414, #2043, #829 ) ;
#3865 = CARTESIAN_POINT ( 'NONE',  ( 110.0000000000000000, 7.000000000000000000, -130.0000000000000000 ) ) ;
#3866 = DIRECTION ( 'NONE',  ( -0.000000000000000000, 1.000000000000000000, -0.000000000000000000 ) ) ;
#3867 = DIRECTION ( 'NONE',  ( 0.000000000000000000, 0.000000000000000000, -1.000000000000000000 ) ) ;
#3868 = ORIENTED_EDGE ( 'NONE', *, *, #4908, .T. ) ;
#3869 = VERTEX_POINT ( 'NONE', #4096 ) ;
#3870 = FACE_OUTER_BOUND ( 'NONE', #1289, .T. ) ;
#3871 = AXIS2_PLACEMENT_3D ( 'NONE', #1152, #779, #4946 ) ;
#3872 = CARTESIAN_POINT ( 'NONE',  ( 152.9999999999999716, 3.000000000000000000, -45.40000000000001279 ) ) ;
#3873 = DIRECTION ( 'NONE',  ( 0.000000000000000000, 1.000000000000000000, 0.000000000000000000 ) ) ;
#3874 = VERTEX_POINT ( 'NONE', #4898 ) ;
#3875 = LINE ( 'NONE', #4581, #4059 ) ;
#3876 = FACE_OUTER_BOUND ( 'NONE', #310, .T. ) ;
#3877 = CARTESIAN_POINT ( 'NONE',  ( 14.61746918311558652, 7.000000000000000000, -161.0494536524393823 ) ) ;
#3878 = LINE ( 'NONE', #148, #2977 ) ;
#3879 = ORIENTED_EDGE ( 'NONE', *, *, #2680, .F. ) ;
#3880 = EDGE_CURVE ( 'NONE', #1436, #4394, #304, .T. ) ;
#3881 = CARTESIAN_POINT ( 'NONE',  ( 198.5790561826769363, 3.000000000000000000, -177.1987551511599293 ) ) ;
#3882 = ORIENTED_EDGE ( 'NONE', *, *, #29, .T. ) ;
#3883 = DIRECTION ( 'NONE',  ( 0.000000000000000000, 1.000000000000000000, 0.000000000000000000 ) ) ;
#3884 = VERTEX_POINT ( 'NONE', #2601 ) ;
#3885 = AXIS2_PLACEMENT_3D ( 'NONE', #3379, #3009, #2204 ) ;
#3886 = DIRECTION ( 'NONE',  ( -0.000000000000000000, -1.000000000000000000, -0.000000000000000000 ) ) ;
#3887 = AXIS2_PLACEMENT_3D ( 'NONE', #92, #889, #4684 ) ;
#3888 = EDGE_CURVE ( 'NONE', #3525, #1872, #1413, .T. ) ;
#3889 = FACE_OUTER_BOUND ( 'NONE', #906, .T. ) ;
#3890 = CARTESIAN_POINT ( 'NONE',  ( 44.00000000000000711, -93.00000000000000000, -95.00000000000000000 ) ) ;
#3891 = CYLINDRICAL_SURFACE ( 'NONE', #3104, 1.600000000000004086 ) ;
#3892 = ORIENTED_EDGE ( 'NONE', *, *, #339, .F. ) ;
#3893 = AXIS2_PLACEMENT_3D ( 'NONE', #3840, #1947, #3474 ) ;
#3894 = ORIENTED_EDGE ( 'NONE', *, *, #2611, .T. ) ;
#3895 = AXIS2_PLACEMENT_3D ( 'NONE', #3527, #1190, #1619 ) ;
#3896 = EDGE_CURVE ( 'NONE', #4003, #2633, #2214, .T. ) ;
#3897 = AXIS2_PLACEMENT_3D ( 'NONE', #3587, #975, #1680 ) ;
#3898 = FACE_OUTER_BOUND ( 'NONE', #1780, .T. ) ;
#3899 = LINE ( 'NONE', #3110, #1809 ) ;
#3900 = EDGE_LOOP ( 'NONE', ( #1815, #4574, #4925, #2411 ) ) ;
#3901 = CARTESIAN_POINT ( 'NONE',  ( 152.9999999999999716, 7.000000000000000000, -47.00000000000000000 ) ) ;
#3902 = DIRECTION ( 'NONE',  ( 0.000000000000000000, 0.000000000000000000, -1.000000000000000000 ) ) ;
#3903 = CARTESIAN_POINT ( 'NONE',  ( 166.9999999999999716, 7.000000000000000000, -61.40000000000001279 ) ) ;
#3904 = EDGE_LOOP ( 'NONE', ( #4037, #3193 ) ) ;
#3905 = CYLINDRICAL_SURFACE ( 'NONE', #2021, 2.500000000000002220 ) ;
#3906 = ORIENTED_EDGE ( 'NONE', *, *, #2340, .F. ) ;
#3907 = CARTESIAN_POINT ( 'NONE',  ( 176.0000000000000000, 7.000000000000000000, -14.99999999999999645 ) ) ;
#3908 = LINE ( 'NONE', #2019, #1793 ) ;
#3909 = ORIENTED_EDGE ( 'NONE', *, *, #1753, .F. ) ;
#3910 = ADVANCED_FACE ( 'NONE', ( #2981 ), #2267, .F. ) ;
#3911 = VERTEX_POINT ( 'NONE', #2626 ) ;
#3912 = DIRECTION ( 'NONE',  ( 0.000000000000000000, 0.000000000000000000, -1.000000000000000000 ) ) ;
#3913 = CARTESIAN_POINT ( 'NONE',  ( 5.000000000000004441, 10.00000000000000888, -35.00000000000000000 ) ) ;
#3914 = CARTESIAN_POINT ( 'NONE',  ( 5.000000000000000000, 7.000000000000000000, -5.000000000000000000 ) ) ;
#3915 = VERTEX_POINT ( 'NONE', #2960 ) ;
#3916 = EDGE_CURVE ( 'NONE', #3254, #684, #281, .T. ) ;
#3917 = APPROVAL ( #191, 'UNSPECIFIED' ) ;
#3918 = ORIENTED_EDGE ( 'NONE', *, *, #3131, .F. ) ;
#3919 = DIRECTION ( 'NONE',  ( -0.000000000000000000, 1.000000000000000000, -0.000000000000000000 ) ) ;
#3920 = DIRECTION ( 'NONE',  ( 0.000000000000000000, 1.000000000000000000, 0.000000000000000000 ) ) ;
#3921 = ORIENTED_EDGE ( 'NONE', *, *, #1064, .T. ) ;
#3922 = EDGE_CURVE ( 'NONE', #3279, #3787, #1797, .T. ) ;
#3923 = PERSON_AND_ORGANIZATION ( #2957, #2550 ) ;
#3924 = CARTESIAN_POINT ( 'NONE',  ( 215.0000000000000000, 0.000000000000000000, -5.000000000000000000 ) ) ;
#3925 = DIRECTION ( 'NONE',  ( 0.000000000000000000, -1.000000000000000000, 0.000000000000000000 ) ) ;
#3926 = VERTEX_POINT ( 'NONE', #4922 ) ;
#3927 = CARTESIAN_POINT ( 'NONE',  ( 34.49999999999999289, 7.000000000000000000, -167.0000000000000000 ) ) ;
#3928 = ORIENTED_EDGE ( 'NONE', *, *, #1478, .F. ) ;
#3929 = PLANE ( 'NONE',  #3108 ) ;
#3930 = AXIS2_PLACEMENT_3D ( 'NONE', #2381, #2035, #3115 ) ;
#3931 = DIRECTION ( 'NONE',  ( 0.000000000000000000, 0.000000000000000000, -1.000000000000000000 ) ) ;
#3932 = DIRECTION ( 'NONE',  ( 0.000000000000000000, 0.000000000000000000, -1.000000000000000000 ) ) ;
#3933 = ORIENTED_EDGE ( 'NONE', *, *, #1771, .F. ) ;
#3934 = VECTOR ( 'NONE', #2864, 1000.000000000000000 ) ;
#3935 = AXIS2_PLACEMENT_3D ( 'NONE', #3772, #1874, #3007 ) ;
#3936 = EDGE_CURVE ( 'NONE', #2621, #4518, #3334, .T. ) ;
#3937 = AXIS2_PLACEMENT_3D ( 'NONE', #1860, #2696, #1969 ) ;
#3938 = CARTESIAN_POINT ( 'NONE',  ( 217.2161928054768509, 22.71360230305012706, -154.5905159420528889 ) ) ;
#3939 = CARTESIAN_POINT ( 'NONE',  ( 210.5500000000000114, 21.67999999999999972, -155.7500000000000000 ) ) ;
#3940 = FACE_OUTER_BOUND ( 'NONE', #3146, .T. ) ;
#3941 = ORIENTED_EDGE ( 'NONE', *, *, #1384, .F. ) ;
#3942 = AXIS2_PLACEMENT_3D ( 'NONE', #3377, #2964, #4148 ) ;
#3943 = ORIENTED_EDGE ( 'NONE', *, *, #4214, .F. ) ;
#3944 = EDGE_CURVE ( 'NONE', #3874, #1301, #3326, .T. ) ;
#3945 = CARTESIAN_POINT ( 'NONE',  ( 166.9999999999999716, -3.000000000000000000, -48.59999999999998721 ) ) ;
#3946 = CIRCLE ( 'NONE', #1472, 3.000000000000002665 ) ;
#3947 = LINE ( 'NONE', #1696, #3573 ) ;
#3948 = VERTEX_POINT ( 'NONE', #3766 ) ;
#3949 = APPROVAL_ROLE ( '' ) ;
#3950 = LINE ( 'NONE', #2056, #648 ) ;
#3951 = CYLINDRICAL_SURFACE ( 'NONE', #1660, 1.599999999999990319 ) ;
#3952 = EDGE_CURVE ( 'NONE', #4674, #1062, #322, .T. ) ;
#3953 = ORIENTED_EDGE ( 'NONE', *, *, #1291, .T. ) ;
#3954 = EDGE_CURVE ( 'NONE', #1596, #837, #3734, .T. ) ;
#3955 = DIRECTION ( 'NONE',  ( 0.000000000000000000, 0.000000000000000000, 1.000000000000000000 ) ) ;
#3956 = ORIENTED_EDGE ( 'NONE', *, *, #3758, .T. ) ;
#3957 = CARTESIAN_POINT ( 'NONE',  ( 21.42094381732307085, 0.000000000000000000, -176.1987551511599293 ) ) ;
#3958 = VERTEX_POINT ( 'NONE', #1492 ) ;
#3959 = DIRECTION ( 'NONE',  ( -0.000000000000000000, -1.000000000000000000, -0.000000000000000000 ) ) ;
#3960 = FACE_OUTER_BOUND ( 'NONE', #737, .T. ) ;
#3961 = EDGE_CURVE ( 'NONE', #1791, #2247, #676, .T. ) ;
#3962 = EDGE_LOOP ( 'NONE', ( #305, #4456, #2325, #830 ) ) ;
#3963 = ORIENTED_EDGE ( 'NONE', *, *, #446, .F. ) ;
#3964 = LINE ( 'NONE', #4951, #2347 ) ;
#3965 = AXIS2_PLACEMENT_3D ( 'NONE', #2228, #2966, #3429 ) ;
#3966 = DIRECTION ( 'NONE',  ( -1.000000000000000000, 0.000000000000000000, 0.000000000000000000 ) ) ;
#3967 = FACE_OUTER_BOUND ( 'NONE', #782, .T. ) ;
#3968 = CYLINDRICAL_SURFACE ( 'NONE', #2218, 5.000000000000004441 ) ;
#3969 = ORIENTED_EDGE ( 'NONE', *, *, #3880, .T. ) ;
#3970 = VECTOR ( 'NONE', #4805, 1000.000000000000227 ) ;
#3971 = ORIENTED_EDGE ( 'NONE', *, *, #1233, .F. ) ;
#3972 = CARTESIAN_POINT ( 'NONE',  ( 205.3825308168844117, -3.000000000000000000, -162.0494536524393823 ) ) ;
#3973 = CIRCLE ( 'NONE', #681, 1.000000000000000888 ) ;
#3974 = CARTESIAN_POINT ( 'NONE',  ( 220.0000000000000000, -1.800000000000000044, -86.00000000000000000 ) ) ;
#3975 = VERTEX_POINT ( 'NONE', #4876 ) ;
#3976 = EDGE_CURVE ( 'NONE', #4923, #2886, #350, .T. ) ;
#3977 = AXIS2_PLACEMENT_3D ( 'NONE', #481, #3823, #4605 ) ;
#3978 = DIRECTION ( 'NONE',  ( -1.000000000000000000, -0.000000000000000000, -0.000000000000000000 ) ) ;
#3979 = AXIS2_PLACEMENT_3D ( 'NONE', #2871, #4390, #900 ) ;
#3980 = DIRECTION ( 'NONE',  ( 0.000000000000000000, 0.000000000000000000, 1.000000000000000000 ) ) ;
#3981 = CYLINDRICAL_SURFACE ( 'NONE', #2296, 3.000000000000002665 ) ;
#3982 = LINE ( 'NONE', #542, #597 ) ;
#3983 = VECTOR ( 'NONE', #3978, 1000.000000000000000 ) ;
#3984 = EDGE_LOOP ( 'NONE', ( #168, #3089 ) ) ;
#3985 = DIRECTION ( 'NONE',  ( -0.000000000000000000, 1.000000000000000000, -0.000000000000000000 ) ) ;
#3986 = LINE ( 'NONE', #4008, #1894 ) ;
#3987 = CARTESIAN_POINT ( 'NONE',  ( 215.0000000000000000, 9.999999999999994671, -75.00000000000001421 ) ) ;
#3988 = ORIENTED_EDGE ( 'NONE', *, *, #1042, .T. ) ;
#3989 = EDGE_CURVE ( 'NONE', #4281, #3033, #1575, .T. ) ;
#3990 = EDGE_LOOP ( 'NONE', ( #3879, #851, #2595, #608 ) ) ;
#3991 = CARTESIAN_POINT ( 'NONE',  ( 153.0000000000000000, -3.000000000000000000, -61.40000000000001279 ) ) ;
#3992 = CARTESIAN_POINT ( 'NONE',  ( 44.00000000000000711, 7.000000000000000000, -15.00000000000000178 ) ) ;
#3993 = CARTESIAN_POINT ( 'NONE',  ( 176.0000000000000000, -3.000000000000000000, -67.99999999999997158 ) ) ;
#3994 = EDGE_LOOP ( 'NONE', ( #4192, #4174, #208, #931 ) ) ;
#3995 = ORIENTED_EDGE ( 'NONE', *, *, #2839, .T. ) ;
#3996 = CARTESIAN_POINT ( 'NONE',  ( 202.4802482016619365, 3.000000000000000000, -161.2900093678618703 ) ) ;
#3997 = CARTESIAN_POINT ( 'NONE',  ( 185.5000000000000000, 7.000000000000000000, -142.5000000000000284 ) ) ;
#3998 = EDGE_LOOP ( 'NONE', ( #1039, #4308, #2794, #1679 ) ) ;
#3999 =( NAMED_UNIT ( * ) PLANE_ANGLE_UNIT ( ) SI_UNIT ( $, .RADIAN. ) );
#4000 = CARTESIAN_POINT ( 'NONE',  ( 198.5790561826769363, 3.000000000000000000, -175.1987551511599293 ) ) ;
#4001 = DIRECTION ( 'NONE',  ( 1.000000000000000000, 0.000000000000000000, 0.000000000000000000 ) ) ;
#4002 = EDGE_CURVE ( 'NONE', #2650, #1329, #4167, .T. ) ;
#4003 = VERTEX_POINT ( 'NONE', #1519 ) ;
#4004 = CARTESIAN_POINT ( 'NONE',  ( 34.49999999999999289, 7.000000000000000000, -127.0000000000000000 ) ) ;
#4005 = VERTEX_POINT ( 'NONE', #4849 ) ;
#4006 = VECTOR ( 'NONE', #1767, 1000.000000000000000 ) ;
#4007 = FACE_BOUND ( 'NONE', #113, .T. ) ;
#4008 = CARTESIAN_POINT ( 'NONE',  ( 245.5500000000000114, 21.67999999999999972, -157.2999999999999829 ) ) ;
#4009 = DIRECTION ( 'NONE',  ( -0.000000000000000000, 0.000000000000000000, -1.000000000000000000 ) ) ;
#4010 = ADVANCED_FACE ( 'NONE', ( #3052 ), #2555, .F. ) ;
#4011 = ORIENTED_EDGE ( 'NONE', *, *, #3341, .T. ) ;
#4012 = VECTOR ( 'NONE', #110, 1000.000000000000000 ) ;
#4013 = AXIS2_PLACEMENT_3D ( 'NONE', #666, #740, #3777 ) ;
#4014 = FACE_BOUND ( 'NONE', #1145, .T. ) ;
#4015 = FACE_BOUND ( 'NONE', #489, .T. ) ;
#4016 = ORIENTED_EDGE ( 'NONE', *, *, #2923, .T. ) ;
#4017 = EDGE_CURVE ( 'NONE', #2234, #4844, #2576, .T. ) ;
#4018 = CARTESIAN_POINT ( 'NONE',  ( 178.8996047274589785, 87.00000000000001421, -209.2328496799144091 ) ) ;
#4019 = ORIENTED_EDGE ( 'NONE', *, *, #3621, .F. ) ;
#4020 = ORIENTED_EDGE ( 'NONE', *, *, #3074, .F. ) ;
#4021 = FACE_OUTER_BOUND ( 'NONE', #2393, .T. ) ;
#4022 = LINE ( 'NONE', #3301, #3620 ) ;
#4023 = CARTESIAN_POINT ( 'NONE',  ( 153.0000000000000000, -3.000000000000000000, -63.00000000000000000 ) ) ;
#4024 = ORIENTED_EDGE ( 'NONE', *, *, #4343, .T. ) ;
#4025 = AXIS2_PLACEMENT_3D ( 'NONE', #3407, #4108, #3735 ) ;
#4026 = DATE_TIME_ROLE ( 'classification_date' ) ;
#4027 = CIRCLE ( 'NONE', #1871, 2.500000000000000444 ) ;
#4028 = LINE ( 'NONE', #589, #1537 ) ;
#4029 = DIRECTION ( 'NONE',  ( -1.000000000000000000, 0.000000000000000000, -0.000000000000000000 ) ) ;
#4030 = VERTEX_POINT ( 'NONE', #2370 ) ;
#4031 = DIRECTION ( 'NONE',  ( 0.000000000000000000, 0.000000000000000000, -1.000000000000000000 ) ) ;
#4032 = ORIENTED_EDGE ( 'NONE', *, *, #3266, .T. ) ;
#4033 = DIRECTION ( 'NONE',  ( 0.000000000000000000, 1.000000000000000000, -0.000000000000000000 ) ) ;
#4034 = PLANE ( 'NONE',  #3182 ) ;
#4035 = CARTESIAN_POINT ( 'NONE',  ( 176.0000000000000000, 7.000000000000000000, -67.99999999999997158 ) ) ;
#4036 = CIRCLE ( 'NONE', #1678, 1.000000000000000888 ) ;
#4037 = ORIENTED_EDGE ( 'NONE', *, *, #211, .F. ) ;
#4038 = EDGE_CURVE ( 'NONE', #300, #1180, #377, .T. ) ;
#4039 = FACE_OUTER_BOUND ( 'NONE', #4738, .T. ) ;
#4040 = CARTESIAN_POINT ( 'NONE',  ( 219.5625848545022620, 21.47742190246864880, -139.8000000000002103 ) ) ;
#4041 = ORIENTED_EDGE ( 'NONE', *, *, #3961, .T. ) ;
#4042 = DIRECTION ( 'NONE',  ( 0.000000000000000000, 0.000000000000000000, 1.000000000000000000 ) ) ;
#4043 = EDGE_LOOP ( 'NONE', ( #3477, #3715, #1151, #4020 ) ) ;
#4044 = EDGE_CURVE ( 'NONE', #262, #1622, #1594, .T. ) ;
#4045 = CIRCLE ( 'NONE', #1884, 2.500000000000002220 ) ;
#4046 = CIRCLE ( 'NONE', #3259, 1.599999999999990319 ) ;
#4047 = CARTESIAN_POINT ( 'NONE',  ( 0.000000000000000000, 3.000000000000000000, 0.000000000000000000 ) ) ;
#4048 = CARTESIAN_POINT ( 'NONE',  ( 10.00000000000000000, 7.000000000000000000, -15.00000000000000000 ) ) ;
#4049 = LINE ( 'NONE', #2099, #207 ) ;
#4050 = ORIENTED_EDGE ( 'NONE', *, *, #2715, .T. ) ;
#4051 = VECTOR ( 'NONE', #3524, 1000.000000000000000 ) ;
#4052 = ADVANCED_FACE ( 'NONE', ( #2781 ), #3176, .F. ) ;
#4053 = ORIENTED_EDGE ( 'NONE', *, *, #2899, .T. ) ;
#4054 = FACE_OUTER_BOUND ( 'NONE', #803, .T. ) ;
#4055 = VECTOR ( 'NONE', #1332, 1000.000000000000000 ) ;
#4056 = DIRECTION ( 'NONE',  ( -0.000000000000000000, 1.000000000000000000, -0.000000000000000000 ) ) ;
#4057 = FACE_BOUND ( 'NONE', #3668, .T. ) ;
#4058 = VECTOR ( 'NONE', #4247, 1000.000000000000000 ) ;
#4059 = VECTOR ( 'NONE', #439, 1000.000000000000000 ) ;
#4060 = EDGE_LOOP ( 'NONE', ( #4463, #892, #2531, #1943 ) ) ;
#4061 = CARTESIAN_POINT ( 'NONE',  ( 191.7000000000000171, 0.000000000000000000, -142.5000000000000284 ) ) ;
#4062 = CARTESIAN_POINT ( 'NONE',  ( 34.49999999999999289, 7.000000000000000000, -127.0000000000000000 ) ) ;
#4063 = VECTOR ( 'NONE', #4688, 1000.000000000000000 ) ;
#4064 = CARTESIAN_POINT ( 'NONE',  ( 185.5000000000000000, -3.000000000000000000, -127.0000000000000000 ) ) ;
#4065 = AXIS2_PLACEMENT_3D ( 'NONE', #1927, #1552, #1165 ) ;
#4066 = FACE_OUTER_BOUND ( 'NONE', #3161, .T. ) ;
#4067 = CARTESIAN_POINT ( 'NONE',  ( 44.00000000000000711, 7.000000000000000000, -41.99999999999999289 ) ) ;
#4068 = VERTEX_POINT ( 'NONE', #4600 ) ;
#4069 = ADVANCED_FACE ( 'NONE', ( #1974 ), #2727, .T. ) ;
#4070 = LINE ( 'NONE', #4843, #3476 ) ;
#4071 = ORIENTED_EDGE ( 'NONE', *, *, #3954, .T. ) ;
#4072 = DIRECTION ( 'NONE',  ( 0.000000000000000000, 0.000000000000000000, -1.000000000000000000 ) ) ;
#4073 = CARTESIAN_POINT ( 'NONE',  ( 176.0000000000000000, -1.800000000000000044, -86.00000000000000000 ) ) ;
#4074 = EDGE_CURVE ( 'NONE', #2186, #1180, #358, .T. ) ;
#4075 = ORIENTED_EDGE ( 'NONE', *, *, #1226, .F. ) ;
#4076 = CARTESIAN_POINT ( 'NONE',  ( 19.49999999999999645, 1.000000000000000000, -147.0000000000000000 ) ) ;
#4077 = ORIENTED_EDGE ( 'NONE', *, *, #2648, .T. ) ;
#4078 = ADVANCED_FACE ( 'NONE', ( #4294 ), #3891, .F. ) ;
#4079 = VERTEX_POINT ( 'NONE', #4270 ) ;
#4080 = DIRECTION ( 'NONE',  ( 0.000000000000000000, 3.469446951953613696E-16, 1.000000000000000000 ) ) ;
#4081 = CARTESIAN_POINT ( 'NONE',  ( 17.51975179833805285, 3.000000000000000000, -161.2900093678618703 ) ) ;
#4082 = DIRECTION ( 'NONE',  ( -0.000000000000000000, 1.000000000000000000, -0.000000000000000000 ) ) ;
#4083 = EDGE_CURVE ( 'NONE', #1728, #2095, #4458, .T. ) ;
#4084 = PLANE ( 'NONE',  #3273 ) ;
#4085 = CARTESIAN_POINT ( 'NONE',  ( 217.1252890175305481, 20.32897826740983760, -154.9835930470779317 ) ) ;
#4086 = DIRECTION ( 'NONE',  ( 0.000000000000000000, 0.9963648047396707064, 0.08518905960320190263 ) ) ;
#4087 = CARTESIAN_POINT ( 'NONE',  ( 0.000000000000000000, 9.999999999999994671, -75.00000000000001421 ) ) ;
#4088 = CARTESIAN_POINT ( 'NONE',  ( 216.5715660938679719, 22.08785697706621320, -157.2488851240396741 ) ) ;
#4089 = ORIENTED_EDGE ( 'NONE', *, *, #132, .T. ) ;
#4090 = CARTESIAN_POINT ( 'NONE',  ( 34.49999999999999289, 0.4760872834403059861, -140.8723564508509867 ) ) ;
#4091 = ORIENTED_EDGE ( 'NONE', *, *, #1601, .T. ) ;
#4092 = ADVANCED_FACE ( 'NONE', ( #430 ), #781, .F. ) ;
#4093 = CARTESIAN_POINT ( 'NONE',  ( 219.5625848545015515, 21.68000000000070671, -139.8000000000075147 ) ) ;
#4094 = CARTESIAN_POINT ( 'NONE',  ( 67.00000000000000000, -3.000000000000000000, -48.60000000000000142 ) ) ;
#4095 = VERTEX_POINT ( 'NONE', #3501 ) ;
#4096 = CARTESIAN_POINT ( 'NONE',  ( 210.0000000000000000, 0.000000000000000000, -95.00000000000001421 ) ) ;
#4097 = ORIENTED_EDGE ( 'NONE', *, *, #2492, .T. ) ;
#4098 = AXIS2_PLACEMENT_3D ( 'NONE', #2889, #969, #4736 ) ;
#4099 = EDGE_CURVE ( 'NONE', #2319, #277, #3807, .T. ) ;
#4100 = CARTESIAN_POINT ( 'NONE',  ( 0.000000000000000000, 0.000000000000000000, -135.7500000000000000 ) ) ;
#4101 = DIRECTION ( 'NONE',  ( -0.000000000000000000, 1.000000000000000000, -0.000000000000000000 ) ) ;
#4102 = AXIS2_PLACEMENT_3D ( 'NONE', #297, #3045, #4590 ) ;
#4103 = VECTOR ( 'NONE', #4847, 1000.000000000000000 ) ;
#4104 = DIRECTION ( 'NONE',  ( 0.000000000000000000, 0.08518905960320005688, -0.9963648047396708174 ) ) ;
#4105 = VECTOR ( 'NONE', #1255, 1000.000000000000000 ) ;
#4106 = CYLINDRICAL_SURFACE ( 'NONE', #1505, 1.600000000000004086 ) ;
#4107 = EDGE_CURVE ( 'NONE', #4198, #4802, #4378, .T. ) ;
#4108 = DIRECTION ( 'NONE',  ( -0.000000000000000000, 1.000000000000000000, -0.000000000000000000 ) ) ;
#4109 = FACE_OUTER_BOUND ( 'NONE', #2172, .T. ) ;
#4110 = CIRCLE ( 'NONE', #4758, 1.000000000000000888 ) ;
#4111 = EDGE_CURVE ( 'NONE', #58, #3874, #2755, .T. ) ;
#4112 = EDGE_CURVE ( 'NONE', #1141, #3033, #4680, .T. ) ;
#4113 = ORIENTED_EDGE ( 'NONE', *, *, #2333, .T. ) ;
#4114 = CARTESIAN_POINT ( 'NONE',  ( 173.8996047274589785, -12.00199999999999889, -209.2328496799144091 ) ) ;
#4115 = ORIENTED_EDGE ( 'NONE', *, *, #853, .T. ) ;
#4116 = DIRECTION ( 'NONE',  ( -0.000000000000000000, 1.000000000000000000, -0.000000000000000000 ) ) ;
#4117 = ORIENTED_EDGE ( 'NONE', *, *, #4813, .F. ) ;
#4118 = EDGE_CURVE ( 'NONE', #2360, #162, #1568, .T. ) ;
#4119 = CARTESIAN_POINT ( 'NONE',  ( 219.7860499516476978, 22.36824352848605457, -136.8574603775810488 ) ) ;
#4120 = LINE ( 'NONE', #210, #2428 ) ;
#4121 = DIRECTION ( 'NONE',  ( 0.000000000000000000, 0.000000000000000000, 1.000000000000000000 ) ) ;
#4122 = VERTEX_POINT ( 'NONE', #3817 ) ;
#4123 = ORIENTED_EDGE ( 'NONE', *, *, #1106, .F. ) ;
#4124 = DIRECTION ( 'NONE',  ( 0.000000000000000000, 0.8202827025396765004, 0.5719582921107135842 ) ) ;
#4125 = CARTESIAN_POINT ( 'NONE',  ( 191.7000000000000171, 0.000000000000000000, -158.2500000000000000 ) ) ;
#4126 = ORIENTED_EDGE ( 'NONE', *, *, #1779, .F. ) ;
#4127 = CIRCLE ( 'NONE', #1084, 7.000000000000006217 ) ;
#4128 = DIRECTION ( 'NONE',  ( 0.000000000000000000, 0.000000000000000000, 1.000000000000000000 ) ) ;
#4129 = ORIENTED_EDGE ( 'NONE', *, *, #2744, .T. ) ;
#4130 = CARTESIAN_POINT ( 'NONE',  ( 44.00000000000000711, -12.00000000000000000, -95.00000000000000000 ) ) ;
#4131 = AXIS2_PLACEMENT_3D ( 'NONE', #1321, #4759, #3577 ) ;
#4132 = CARTESIAN_POINT ( 'NONE',  ( 216.6935810997100305, 20.50614119356804821, -156.7672422263449619 ) ) ;
#4133 = DIRECTION ( 'NONE',  ( 0.000000000000000000, 0.000000000000000000, 1.000000000000000000 ) ) ;
#4134 = VECTOR ( 'NONE', #151, 1000.000000000000000 ) ;
#4135 = AXIS2_PLACEMENT_3D ( 'NONE', #2714, #2354, #1117 ) ;
#4136 = CARTESIAN_POINT ( 'NONE',  ( 41.10039527254102865, -12.00099999999999767, -211.7328496799144091 ) ) ;
#4137 = ORIENTED_EDGE ( 'NONE', *, *, #3048, .T. ) ;
#4138 = DIRECTION ( 'NONE',  ( 1.000000000000000000, -0.000000000000000000, -0.000000000000000000 ) ) ;
#4139 = EDGE_CURVE ( 'NONE', #2510, #592, #478, .T. ) ;
#4140 = ORIENTED_EDGE ( 'NONE', *, *, #2369, .T. ) ;
#4141 = CIRCLE ( 'NONE', #618, 109.9999999999999858 ) ;
#4142 = CARTESIAN_POINT ( 'NONE',  ( 219.5625848545022620, 21.78131264655961985, -139.7999999999998977 ) ) ;
#4143 = PLANE ( 'NONE',  #2994 ) ;
#4144 = CARTESIAN_POINT ( 'NONE',  ( 215.0000000000000000, 87.00000000000001421, -130.0000000000000000 ) ) ;
#4145 = ORIENTED_EDGE ( 'NONE', *, *, #2730, .F. ) ;
#4146 = ORIENTED_EDGE ( 'NONE', *, *, #3019, .F. ) ;
#4147 = VERTEX_POINT ( 'NONE', #39 ) ;
#4148 = DIRECTION ( 'NONE',  ( 0.000000000000000000, 0.000000000000000000, 1.000000000000000000 ) ) ;
#4149 = AXIS2_PLACEMENT_3D ( 'NONE', #3850, #1248, #1581 ) ;
#4150 = FACE_OUTER_BOUND ( 'NONE', #1309, .T. ) ;
#4151 = DIRECTION ( 'NONE',  ( -0.000000000000000000, -1.000000000000000000, -0.000000000000000000 ) ) ;
#4152 = EDGE_LOOP ( 'NONE', ( #4019, #3251, #431, #4145 ) ) ;
#4153 = DIRECTION ( 'NONE',  ( 0.000000000000000000, 1.000000000000000000, 0.000000000000000000 ) ) ;
#4154 = ADVANCED_FACE ( 'NONE', ( #2702 ), #2318, .F. ) ;
#4155 = DIRECTION ( 'NONE',  ( -0.000000000000000000, 1.000000000000000000, -0.000000000000000000 ) ) ;
#4156 = DIRECTION ( 'NONE',  ( 0.000000000000000000, 0.9054717621428844954, -0.4244065126289411349 ) ) ;
#4157 = EDGE_CURVE ( 'NONE', #763, #4351, #2345, .T. ) ;
#4158 = LINE ( 'NONE', #3413, #2591 ) ;
#4159 = VERTEX_POINT ( 'NONE', #1668 ) ;
#4160 = CARTESIAN_POINT ( 'NONE',  ( 220.0000000000000000, -10.20000000000000107, -86.00000000000000000 ) ) ;
#4161 = VECTOR ( 'NONE', #3225, 1000.000000000000000 ) ;
#4162 = VERTEX_POINT ( 'NONE', #1691 ) ;
#4163 = ORIENTED_EDGE ( 'NONE', *, *, #3556, .T. ) ;
#4164 = ADVANCED_FACE ( 'NONE', ( #4320 ), #3968, .T. ) ;
#4165 = CARTESIAN_POINT ( 'NONE',  ( 110.0000000000000000, 7.000000000000000000, -130.0000000000000000 ) ) ;
#4166 = FACE_OUTER_BOUND ( 'NONE', #2321, .T. ) ;
#4167 = LINE ( 'NONE', #258, #678 ) ;
#4168 = VERTEX_POINT ( 'NONE', #938 ) ;
#4169 = ORIENTED_EDGE ( 'NONE', *, *, #978, .T. ) ;
#4170 = CIRCLE ( 'NONE', #973, 8.000000000000007105 ) ;
#4171 = LINE ( 'NONE', #1476, #324 ) ;
#4172 = CARTESIAN_POINT ( 'NONE',  ( 198.5790561826769363, 3.000000000000000000, -176.1987551511599293 ) ) ;
#4173 = DIRECTION ( 'NONE',  ( 0.000000000000000000, 0.000000000000000000, 1.000000000000000000 ) ) ;
#4174 = ORIENTED_EDGE ( 'NONE', *, *, #3790, .T. ) ;
#4175 = VECTOR ( 'NONE', #1273, 1000.000000000000000 ) ;
#4176 = DIRECTION ( 'NONE',  ( -0.000000000000000000, -0.000000000000000000, 1.000000000000000000 ) ) ;
#4177 = CARTESIAN_POINT ( 'NONE',  ( 217.1644133524272888, 20.43949317797493848, -154.8152368407304493 ) ) ;
#4178 = AXIS2_PLACEMENT_3D ( 'NONE', #675, #235, #4425 ) ;
#4179 = CARTESIAN_POINT ( 'NONE',  ( 110.0000000000000000, 87.00000000000001421, -130.0000000000000000 ) ) ;
#4180 = FACE_OUTER_BOUND ( 'NONE', #343, .T. ) ;
#4181 = CIRCLE ( 'NONE', #651, 3.000000000000002665 ) ;
#4182 = ORIENTED_EDGE ( 'NONE', *, *, #4421, .F. ) ;
#4183 = DIRECTION ( 'NONE',  ( -0.000000000000000000, 1.000000000000000000, -0.000000000000000000 ) ) ;
#4184 = EDGE_LOOP ( 'NONE', ( #3521, #1200 ) ) ;
#4185 = PLANE ( 'NONE',  #3778 ) ;
#4186 = EDGE_CURVE ( 'NONE', #2275, #1877, #4369, .T. ) ;
#4187 = EDGE_CURVE ( 'NONE', #1774, #1329, #1265, .T. ) ;
#4188 = ORIENTED_EDGE ( 'NONE', *, *, #4358, .F. ) ;
#4189 = CYLINDRICAL_SURFACE ( 'NONE', #1961, 1.599999999999997202 ) ;
#4190 = LINE ( 'NONE', #4570, #4893 ) ;
#4191 = DIRECTION ( 'NONE',  ( 0.000000000000000000, 1.000000000000000000, 0.000000000000000000 ) ) ;
#4192 = ORIENTED_EDGE ( 'NONE', *, *, #391, .F. ) ;
#4193 = ADVANCED_FACE ( 'NONE', ( #3940 ), #4702, .F. ) ;
#4194 = ORIENTED_EDGE ( 'NONE', *, *, #1283, .F. ) ;
#4195 = LINE ( 'NONE', #4749, #2430 ) ;
#4196 = LINE ( 'NONE', #760, #4058 ) ;
#4197 = CARTESIAN_POINT ( 'NONE',  ( 220.0000000000000000, 9.999999999999994671, -75.00000000000001421 ) ) ;
#4198 = VERTEX_POINT ( 'NONE', #2073 ) ;
#4199 = EDGE_CURVE ( 'NONE', #3948, #1471, #2421, .T. ) ;
#4200 = PLANE ( 'NONE',  #4300 ) ;
#4201 = FACE_BOUND ( 'NONE', #2835, .T. ) ;
#4202 = AXIS2_PLACEMENT_3D ( 'NONE', #4197, #2584, #2608 ) ;
#4203 = CARTESIAN_POINT ( 'NONE',  ( 0.000000000000000000, -12.00000000000000000, 0.000000000000000000 ) ) ;
#4204 = LINE ( 'NONE', #366, #4304 ) ;
#4205 = CIRCLE ( 'NONE', #3654, 7.000000000000006217 ) ;
#4206 = DIRECTION ( 'NONE',  ( 0.000000000000000000, -0.000000000000000000, -1.000000000000000000 ) ) ;
#4207 = ORIENTED_EDGE ( 'NONE', *, *, #1681, .F. ) ;
#4208 = LINE ( 'NONE', #692, #2672 ) ;
#4209 = VECTOR ( 'NONE', #447, 1000.000000000000000 ) ;
#4210 = ORIENTED_EDGE ( 'NONE', *, *, #658, .T. ) ;
#4211 = CARTESIAN_POINT ( 'NONE',  ( 191.7000000000000171, -3.000000000000000000, -135.7500000000000000 ) ) ;
#4212 = AXIS2_PLACEMENT_3D ( 'NONE', #2563, #710, #1405 ) ;
#4213 = VERTEX_POINT ( 'NONE', #3204 ) ;
#4214 = EDGE_CURVE ( 'NONE', #4446, #1584, #503, .T. ) ;
#4215 = PLANE ( 'NONE',  #2237 ) ;
#4216 = DIRECTION ( 'NONE',  ( 0.000000000000000000, 0.000000000000000000, -1.000000000000000000 ) ) ;
#4217 = VECTOR ( 'NONE', #1624, 1000.000000000000000 ) ;
#4218 = CARTESIAN_POINT ( 'NONE',  ( 185.5000000000000000, 7.000000000000000000, -127.0000000000000000 ) ) ;
#4219 = ORIENTED_EDGE ( 'NONE', *, *, #187, .F. ) ;
#4220 = ORIENTED_EDGE ( 'NONE', *, *, #1156, .F. ) ;
#4221 = EDGE_CURVE ( 'NONE', #3113, #3311, #1287, .T. ) ;
#4222 = CARTESIAN_POINT ( 'NONE',  ( 44.00000000000000000, -12.00000000000000000, -83.00000000000000000 ) ) ;
#4223 = CARTESIAN_POINT ( 'NONE',  ( 41.10039527254102865, -12.00099999999999767, -209.2328496799144091 ) ) ;
#4224 = EDGE_CURVE ( 'NONE', #1977, #2335, #4314, .T. ) ;
#4225 = DIRECTION ( 'NONE',  ( 0.000000000000000000, 0.000000000000000000, 1.000000000000000000 ) ) ;
#4226 = ORIENTED_EDGE ( 'NONE', *, *, #3758, .F. ) ;
#4227 = LINE ( 'NONE', #1983, #1990 ) ;
#4228 = FACE_BOUND ( 'NONE', #751, .T. ) ;
#4229 = CARTESIAN_POINT ( 'NONE',  ( 18.01920650021932602, 3.000000000000000000, -169.1241044017996558 ) ) ;
#4230 = EDGE_CURVE ( 'NONE', #2075, #1857, #1174, .T. ) ;
#4231 = CARTESIAN_POINT ( 'NONE',  ( 17.51975179833805285, 0.000000000000000000, -161.2900093678618703 ) ) ;
#4232 = AXIS2_PLACEMENT_3D ( 'NONE', #468, #4713, #2013 ) ;
#4233 = ORIENTED_EDGE ( 'NONE', *, *, #153, .T. ) ;
#4234 = LINE ( 'NONE', #1636, #526 ) ;
#4235 = CARTESIAN_POINT ( 'NONE',  ( 176.0000000000000000, 7.000000000000000000, -41.99999999999999289 ) ) ;
#4236 = ORIENTED_EDGE ( 'NONE', *, *, #392, .F. ) ;
#4237 = CYLINDRICAL_SURFACE ( 'NONE', #2668, 1.599999999999990319 ) ;
#4238 = ORIENTED_EDGE ( 'NONE', *, *, #2333, .F. ) ;
#4239 = VECTOR ( 'NONE', #1795, 1000.000000000000000 ) ;
#4240 = LINE ( 'NONE', #4291, #1412 ) ;
#4241 = DIRECTION ( 'NONE',  ( 0.000000000000000000, -1.000000000000000000, 0.000000000000000000 ) ) ;
#4242 = CARTESIAN_POINT ( 'NONE',  ( 44.00000000000000711, -3.000000000000000000, -41.99999999999999289 ) ) ;
#4243 = ORIENTED_EDGE ( 'NONE', *, *, #3203, .F. ) ;
#4244 = VECTOR ( 'NONE', #697, 1000.000000000000000 ) ;
#4245 = ORIENTED_EDGE ( 'NONE', *, *, #4603, .F. ) ;
#4246 = CARTESIAN_POINT ( 'NONE',  ( 34.49999999999999289, -4.044738620619069636, -150.5175434964809256 ) ) ;
#4247 = DIRECTION ( 'NONE',  ( 0.000000000000000000, 0.000000000000000000, 1.000000000000000000 ) ) ;
#4248 = DIRECTION ( 'NONE',  ( 0.000000000000000000, 1.000000000000000000, 0.000000000000000000 ) ) ;
#4249 = ORIENTED_EDGE ( 'NONE', *, *, #3799, .F. ) ;
#4250 = AXIS2_PLACEMENT_3D ( 'NONE', #111, #4269, #1613 ) ;
#4251 = ADVANCED_FACE ( 'NONE', ( #1229, #878, #3489 ), #54, .F. ) ;
#4252 = ORIENTED_EDGE ( 'NONE', *, *, #4747, .T. ) ;
#4253 = CARTESIAN_POINT ( 'NONE',  ( 34.49999999999999289, -3.000000000000000000, -167.0000000000000000 ) ) ;
#4254 = DIRECTION ( 'NONE',  ( 0.000000000000000000, 1.000000000000000000, 0.000000000000000000 ) ) ;
#4255 = CARTESIAN_POINT ( 'NONE',  ( 205.3825308168844117, 3.000000000000000000, -162.0494536524393823 ) ) ;
#4256 = VECTOR ( 'NONE', #2686, 1000.000000000000000 ) ;
#4257 = DIRECTION ( 'NONE',  ( 1.000000000000000000, 0.000000000000000000, 0.000000000000000000 ) ) ;
#4258 = ORIENTED_EDGE ( 'NONE', *, *, #3763, .F. ) ;
#4259 = ADVANCED_FACE ( 'NONE', ( #2413 ), #1965, .F. ) ;
#4260 = VECTOR ( 'NONE', #1768, 1000.000000000000000 ) ;
#4261 = CARTESIAN_POINT ( 'NONE',  ( 0.000000000000000000, 0.000000000000000000, 0.000000000000000000 ) ) ;
#4262 = VERTEX_POINT ( 'NONE', #3564 ) ;
#4263 = FACE_OUTER_BOUND ( 'NONE', #1111, .T. ) ;
#4264 = ORIENTED_EDGE ( 'NONE', *, *, #3284, .T. ) ;
#4265 = VECTOR ( 'NONE', #2638, 1000.000000000000000 ) ;
#4266 = CARTESIAN_POINT ( 'NONE',  ( 67.00000000000000000, 7.000000000000000000, -45.39999999999999858 ) ) ;
#4267 = VECTOR ( 'NONE', #1231, 1000.000000000000000 ) ;
#4268 = CARTESIAN_POINT ( 'NONE',  ( 191.7000000000000171, -3.000000000000000000, -151.5000000000000000 ) ) ;
#4269 = DIRECTION ( 'NONE',  ( 0.000000000000000000, 1.000000000000000000, 0.000000000000000000 ) ) ;
#4270 = CARTESIAN_POINT ( 'NONE',  ( 215.0000000000000000, 0.000000000000000000, -7.499999999999995559 ) ) ;
#4271 = VERTEX_POINT ( 'NONE', #2018 ) ;
#4272 = ORIENTED_EDGE ( 'NONE', *, *, #539, .T. ) ;
#4273 = CARTESIAN_POINT ( 'NONE',  ( 144.0000000000000284, 3.000000000000000000, -41.99999999999999289 ) ) ;
#4274 = DIRECTION ( 'NONE',  ( 0.000000000000000000, 0.000000000000000000, -1.000000000000000000 ) ) ;
#4275 = ORIENTED_EDGE ( 'NONE', *, *, #1475, .F. ) ;
#4276 = CARTESIAN_POINT ( 'NONE',  ( 220.0000000000000000, 10.00000000000000888, -35.00000000000000000 ) ) ;
#4277 = LINE ( 'NONE', #4665, #725 ) ;
#4278 = FACE_OUTER_BOUND ( 'NONE', #4820, .T. ) ;
#4279 = ADVANCED_FACE ( 'NONE', ( #1585 ), #2797, .F. ) ;
#4280 = DIRECTION ( 'NONE',  ( 1.000000000000000000, 0.000000000000000000, 0.000000000000000000 ) ) ;
#4281 = VERTEX_POINT ( 'NONE', #2334 ) ;
#4282 = AXIS2_PLACEMENT_3D ( 'NONE', #2733, #1955, #3451 ) ;
#4283 = CARTESIAN_POINT ( 'NONE',  ( 76.00000000000001421, 3.000000000000000000, -68.00000000000000000 ) ) ;
#4284 = DIRECTION ( 'NONE',  ( 0.000000000000000000, 0.000000000000000000, 1.000000000000000000 ) ) ;
#4285 = EDGE_CURVE ( 'NONE', #1893, #2001, #4234, .T. ) ;
#4286 = ORIENTED_EDGE ( 'NONE', *, *, #1997, .T. ) ;
#4287 = ADVANCED_FACE ( 'NONE', ( #495 ), #2042, .F. ) ;
#4288 = CIRCLE ( 'NONE', #3498, 7.500000000000007105 ) ;
#4289 = ORIENTED_EDGE ( 'NONE', *, *, #867, .T. ) ;
#4290 = CIRCLE ( 'NONE', #1336, 6.999999999999978684 ) ;
#4291 = CARTESIAN_POINT ( 'NONE',  ( 215.0000000000000000, 0.000000000000000000, -7.499999999999995559 ) ) ;
#4292 = CARTESIAN_POINT ( 'NONE',  ( 41.10039527254102865, -12.00199999999999889, -209.2328496799144091 ) ) ;
#4293 = EDGE_CURVE ( 'NONE', #4371, #1021, #2869, .T. ) ;
#4294 = FACE_OUTER_BOUND ( 'NONE', #3658, .T. ) ;
#4295 = ORIENTED_EDGE ( 'NONE', *, *, #915, .F. ) ;
#4296 = AXIS2_PLACEMENT_3D ( 'NONE', #64, #3499, #85 ) ;
#4297 = VECTOR ( 'NONE', #3446, 1000.000000000000000 ) ;
#4298 = ORIENTED_EDGE ( 'NONE', *, *, #4516, .T. ) ;
#4299 = AXIS2_PLACEMENT_3D ( 'NONE', #3428, #4505, #4952 ) ;
#4300 = AXIS2_PLACEMENT_3D ( 'NONE', #3040, #1219, #789 ) ;
#4301 = DIRECTION ( 'NONE',  ( 0.000000000000000000, 0.000000000000000000, 1.000000000000000000 ) ) ;
#4302 = FACE_OUTER_BOUND ( 'NONE', #1794, .T. ) ;
#4303 = ORIENTED_EDGE ( 'NONE', *, *, #2270, .F. ) ;
#4304 = VECTOR ( 'NONE', #273, 1000.000000000000000 ) ;
#4305 = CARTESIAN_POINT ( 'NONE',  ( 0.000000000000000000, 0.000000000000000000, 0.000000000000000000 ) ) ;
#4306 = DIRECTION ( 'NONE',  ( 0.000000000000000000, 0.000000000000000000, 1.000000000000000000 ) ) ;
#4307 = AXIS2_PLACEMENT_3D ( 'NONE', #3829, #2356, #1168 ) ;
#4308 = ORIENTED_EDGE ( 'NONE', *, *, #3751, .F. ) ;
#4309 = DIRECTION ( 'NONE',  ( 0.000000000000000000, 1.000000000000000000, -5.551115123125786646E-16 ) ) ;
#4310 = CARTESIAN_POINT ( 'NONE',  ( 44.00000000000000711, -93.00000000000000000, -15.00000000000000178 ) ) ;
#4311 = ORIENTED_EDGE ( 'NONE', *, *, #3944, .T. ) ;
#4312 = ADVANCED_FACE ( 'NONE', ( #854 ), #3169, .F. ) ;
#4313 = CARTESIAN_POINT ( 'NONE',  ( 0.000000000000000000, 7.000000000000000000, 0.000000000000000000 ) ) ;
#4314 = LINE ( 'NONE', #4261, #2946 ) ;
#4315 = CARTESIAN_POINT ( 'NONE',  ( 166.9999999999999716, 7.000000000000000000, -64.59999999999999432 ) ) ;
#4316 = ORIENTED_EDGE ( 'NONE', *, *, #881, .F. ) ;
#4317 = EDGE_CURVE ( 'NONE', #2348, #4767, #4644, .T. ) ;
#4318 = CARTESIAN_POINT ( 'NONE',  ( 5.000000000000000000, 0.000000000000000000, -2.499999999999999556 ) ) ;
#4319 = CARTESIAN_POINT ( 'NONE',  ( 166.9999999999999716, -3.000000000000000000, -63.00000000000000000 ) ) ;
#4320 = FACE_OUTER_BOUND ( 'NONE', #3900, .T. ) ;
#4321 = ORIENTED_EDGE ( 'NONE', *, *, #543, .F. ) ;
#4322 = ORIENTED_EDGE ( 'NONE', *, *, #881, .T. ) ;
#4323 = EDGE_CURVE ( 'NONE', #3561, #1141, #3576, .T. ) ;
#4324 = DIRECTION ( 'NONE',  ( -0.000000000000000000, 1.000000000000000000, -0.000000000000000000 ) ) ;
#4325 = CARTESIAN_POINT ( 'NONE',  ( 176.0000000000000000, -12.00000000000000000, -95.00000000000000000 ) ) ;
#4326 = ORIENTED_EDGE ( 'NONE', *, *, #903, .T. ) ;
#4327 = PERSON_AND_ORGANIZATION_ROLE ( 'creator' ) ;
#4328 = CARTESIAN_POINT ( 'NONE',  ( 152.9999999999999716, 3.000000000000000000, -48.59999999999998721 ) ) ;
#4329 = CARTESIAN_POINT ( 'NONE',  ( 110.0000000000000000, 0.000000000000000000, -130.0000000000000000 ) ) ;
#4330 = ORIENTED_EDGE ( 'NONE', *, *, #2082, .T. ) ;
#4331 = PLANE ( 'NONE',  #2827 ) ;
#4332 = VECTOR ( 'NONE', #469, 1000.000000000000000 ) ;
#4333 = ORIENTED_EDGE ( 'NONE', *, *, #3862, .F. ) ;
#4334 = DIRECTION ( 'NONE',  ( -1.000000000000000000, 0.000000000000000000, -0.000000000000000000 ) ) ;
#4335 = CARTESIAN_POINT ( 'NONE',  ( 166.9999999999999716, 7.000000000000000000, -48.59999999999998721 ) ) ;
#4336 = DIRECTION ( 'NONE',  ( -0.000000000000000000, -1.000000000000000000, -0.000000000000000000 ) ) ;
#4337 = EDGE_LOOP ( 'NONE', ( #11, #1275 ) ) ;
#4338 = ORIENTED_EDGE ( 'NONE', *, *, #2158, .T. ) ;
#4339 = DIRECTION ( 'NONE',  ( -0.000000000000000000, -1.000000000000000000, -0.000000000000000000 ) ) ;
#4340 = VECTOR ( 'NONE', #4457, 1000.000000000000000 ) ;
#4341 = CARTESIAN_POINT ( 'NONE',  ( 216.9912521268510943, 23.23024287276640010, -155.5521851236510713 ) ) ;
#4342 = DIRECTION ( 'NONE',  ( 0.000000000000000000, -1.000000000000000000, 0.000000000000000000 ) ) ;
#4343 = EDGE_CURVE ( 'NONE', #1638, #1799, #1253, .T. ) ;
#4344 = DIRECTION ( 'NONE',  ( 0.000000000000000000, 1.000000000000000000, 0.000000000000000000 ) ) ;
#4345 = EDGE_LOOP ( 'NONE', ( #2146, #3264 ) ) ;
#4346 = VECTOR ( 'NONE', #1022, 1000.000000000000000 ) ;
#4347 = ORIENTED_EDGE ( 'NONE', *, *, #1234, .F. ) ;
#4348 = FACE_OUTER_BOUND ( 'NONE', #499, .T. ) ;
#4349 = AXIS2_PLACEMENT_3D ( 'NONE', #4203, #1097, #3363 ) ;
#4350 = DIRECTION ( 'NONE',  ( 0.000000000000000000, 0.000000000000000000, 1.000000000000000000 ) ) ;
#4351 = VERTEX_POINT ( 'NONE', #3907 ) ;
#4352 = CC_DESIGN_PERSON_AND_ORGANIZATION_ASSIGNMENT ( #2814, #4327, ( #2582 ) ) ;
#4353 = DATE_AND_TIME ( #3580, #2953 ) ;
#4354 = CARTESIAN_POINT ( 'NONE',  ( 5.000000000000000000, 87.00000000000001421, -7.500000000000000888 ) ) ;
#4355 = DIRECTION ( 'NONE',  ( 0.000000000000000000, 1.000000000000000000, -0.000000000000000000 ) ) ;
#4356 = VERTEX_POINT ( 'NONE', #2310 ) ;
#4357 = DIRECTION ( 'NONE',  ( 0.000000000000000000, 0.000000000000000000, 1.000000000000000000 ) ) ;
#4358 = EDGE_CURVE ( 'NONE', #1365, #4213, #3973, .T. ) ;
#4359 = ORIENTED_EDGE ( 'NONE', *, *, #658, .F. ) ;
#4360 = DIRECTION ( 'NONE',  ( 0.000000000000000000, 0.000000000000000000, 1.000000000000000000 ) ) ;
#4361 = DIRECTION ( 'NONE',  ( 0.000000000000000000, 0.000000000000000000, -1.000000000000000000 ) ) ;
#4362 = CARTESIAN_POINT ( 'NONE',  ( 18.01920650021932602, 3.000000000000000000, -169.1241044017996558 ) ) ;
#4363 = ORIENTED_EDGE ( 'NONE', *, *, #3639, .F. ) ;
#4364 = ORIENTED_EDGE ( 'NONE', *, *, #1187, .F. ) ;
#4365 = CARTESIAN_POINT ( 'NONE',  ( 38.00000000000000711, 27.00000000000000000, -182.0000000000000000 ) ) ;
#4366 = VECTOR ( 'NONE', #2351, 1000.000000000000000 ) ;
#4367 = CARTESIAN_POINT ( 'NONE',  ( 198.5790561826769363, 0.000000000000000000, -179.1987551511599293 ) ) ;
#4368 = DIRECTION ( 'NONE',  ( -1.000000000000000000, 0.000000000000000000, 0.000000000000000000 ) ) ;
#4369 = LINE ( 'NONE', #2048, #3657 ) ;
#4370 = ORIENTED_EDGE ( 'NONE', *, *, #4528, .F. ) ;
#4371 = VERTEX_POINT ( 'NONE', #3881 ) ;
#4372 = AXIS2_PLACEMENT_3D ( 'NONE', #1892, #4552, #2223 ) ;
#4373 = ORIENTED_EDGE ( 'NONE', *, *, #4214, .T. ) ;
#4374 = EDGE_CURVE ( 'NONE', #2886, #2281, #797, .T. ) ;
#4375 = ORIENTED_EDGE ( 'NONE', *, *, #3207, .T. ) ;
#4376 = DIRECTION ( 'NONE',  ( 0.000000000000000000, 0.000000000000000000, 1.000000000000000000 ) ) ;
#4377 = VECTOR ( 'NONE', #1998, 1000.000000000000000 ) ;
#4378 = CIRCLE ( 'NONE', #133, 1.600000000000004086 ) ;
#4379 = CARTESIAN_POINT ( 'NONE',  ( 210.5500000000000114, 21.67999999999999972, -139.8000000000000114 ) ) ;
#4380 = VERTEX_POINT ( 'NONE', #3519 ) ;
#4381 = AXIS2_PLACEMENT_3D ( 'NONE', #2179, #2965, #44 ) ;
#4382 = EDGE_CURVE ( 'NONE', #3113, #2234, #2720, .T. ) ;
#4383 = DIRECTION ( 'NONE',  ( -2.668805347656625692E-16, -0.000000000000000000, -1.000000000000000000 ) ) ;
#4384 = CIRCLE ( 'NONE', #2875, 1.599999999999990319 ) ;
#4385 = CARTESIAN_POINT ( 'NONE',  ( 215.0000000000000000, 0.000000000000000000, -2.500000000000004885 ) ) ;
#4386 = CYLINDRICAL_SURFACE ( 'NONE', #1025, 3.000000000000002665 ) ;
#4387 = CARTESIAN_POINT ( 'NONE',  ( 176.0000000000000000, -8.400000000000000355, -95.00000000000000000 ) ) ;
#4388 = AXIS2_PLACEMENT_3D ( 'NONE', #623, #1414, #2140 ) ;
#4389 = ORIENTED_EDGE ( 'NONE', *, *, #4107, .F. ) ;
#4390 = DIRECTION ( 'NONE',  ( 0.000000000000000000, 1.000000000000000000, 0.000000000000000000 ) ) ;
#4391 = EDGE_CURVE ( 'NONE', #2400, #1155, #3986, .T. ) ;
#4392 = LINE ( 'NONE', #2921, #1984 ) ;
#4393 = CARTESIAN_POINT ( 'NONE',  ( 5.000000000000000000, 7.000000000000000000, -5.000000000000000000 ) ) ;
#4394 = VERTEX_POINT ( 'NONE', #2467 ) ;
#4395 = CARTESIAN_POINT ( 'NONE',  ( 182.5934105096588382, 7.000000000000006217, -205.8630130602268764 ) ) ;
#4396 = DIRECTION ( 'NONE',  ( -1.000000000000000000, 0.000000000000000000, -0.000000000000000000 ) ) ;
#4397 = ORIENTED_EDGE ( 'NONE', *, *, #4415, .T. ) ;
#4398 = CARTESIAN_POINT ( 'NONE',  ( 5.000000000000000000, 87.00000000000001421, -130.0000000000000000 ) ) ;
#4399 = ORIENTED_EDGE ( 'NONE', *, *, #1164, .T. ) ;
#4400 = LINE ( 'NONE', #2098, #2543 ) ;
#4401 = LINE ( 'NONE', #2528, #3308 ) ;
#4402 = LINE ( 'NONE', #3974, #1651 ) ;
#4403 = EDGE_LOOP ( 'NONE', ( #4899, #2909, #2050, #3216 ) ) ;
#4404 = DIRECTION ( 'NONE',  ( 1.000000000000000000, 0.000000000000000000, 0.000000000000000000 ) ) ;
#4405 = CYLINDRICAL_SURFACE ( 'NONE', #1909, 2.500000000000000444 ) ;
#4406 = CYLINDRICAL_SURFACE ( 'NONE', #1976, 1.000000000000000888 ) ;
#4407 = EDGE_CURVE ( 'NONE', #1584, #4068, #2059, .T. ) ;
#4408 = EDGE_LOOP ( 'NONE', ( #1913, #3941, #3144, #4347 ) ) ;
#4409 = FACE_BOUND ( 'NONE', #776, .T. ) ;
#4410 = DIRECTION ( 'NONE',  ( 0.000000000000000000, 0.000000000000000000, 1.000000000000000000 ) ) ;
#4411 = CARTESIAN_POINT ( 'NONE',  ( 24.49999999999999289, 6.568651337178705418, -149.6101000526680593 ) ) ;
#4412 = EDGE_LOOP ( 'NONE', ( #2020, #4894, #3053, #3093 ) ) ;
#4413 = EDGE_CURVE ( 'NONE', #2215, #1643, #4290, .T. ) ;
#4414 = AXIS2_PLACEMENT_3D ( 'NONE', #2522, #3804, #2661 ) ;
#4415 = EDGE_CURVE ( 'NONE', #3762, #423, #955, .T. ) ;
#4416 = AXIS2_PLACEMENT_3D ( 'NONE', #2647, #1539, #1946 ) ;
#4417 = DIRECTION ( 'NONE',  ( -0.000000000000000000, 1.000000000000000000, -0.000000000000000000 ) ) ;
#4418 = CARTESIAN_POINT ( 'NONE',  ( 21.42094381732307085, 7.000000000000000000, -177.1987551511599293 ) ) ;
#4419 = ORIENTED_EDGE ( 'NONE', *, *, #2962, .F. ) ;
#4420 = VERTEX_POINT ( 'NONE', #1682 ) ;
#4421 = EDGE_CURVE ( 'NONE', #763, #2362, #4392, .T. ) ;
#4422 = ORIENTED_EDGE ( 'NONE', *, *, #453, .T. ) ;
#4423 = CIRCLE ( 'NONE', #177, 1.599999999999990319 ) ;
#4424 = FACE_BOUND ( 'NONE', #1646, .T. ) ;
#4425 = DIRECTION ( 'NONE',  ( 0.000000000000000000, 0.000000000000000000, 1.000000000000000000 ) ) ;
#4426 = CARTESIAN_POINT ( 'NONE',  ( 24.49999999999999289, 6.044738620619011904, -143.4824565035190744 ) ) ;
#4427 = EDGE_LOOP ( 'NONE', ( #465, #2497 ) ) ;
#4428 = AXIS2_PLACEMENT_3D ( 'NONE', #3640, #3688, #3614 ) ;
#4429 = AXIS2_PLACEMENT_3D ( 'NONE', #1906, #3361, #2588 ) ;
#4430 = PERSON_AND_ORGANIZATION ( #2957, #2550 ) ;
#4431 = AXIS2_PLACEMENT_3D ( 'NONE', #4770, #2187, #152 ) ;
#4432 = VERTEX_POINT ( 'NONE', #3636 ) ;
#4433 = CARTESIAN_POINT ( 'NONE',  ( 38.00000000000000711, 27.00000000000000000, -183.0000000000000000 ) ) ;
#4434 = DIRECTION ( 'NONE',  ( 0.000000000000000000, 1.000000000000000000, 0.000000000000000000 ) ) ;
#4435 = FACE_OUTER_BOUND ( 'NONE', #4643, .T. ) ;
#4436 = ORIENTED_EDGE ( 'NONE', *, *, #1004, .F. ) ;
#4437 = DIRECTION ( 'NONE',  ( -0.000000000000000000, 0.000000000000000000, 1.000000000000000000 ) ) ;
#4438 = EDGE_CURVE ( 'NONE', #3757, #426, #2137, .T. ) ;
#4439 = CARTESIAN_POINT ( 'NONE',  ( 201.9807934997806740, 0.000000000000000000, -169.1241044017996558 ) ) ;
#4440 = DIRECTION ( 'NONE',  ( -0.000000000000000000, -1.000000000000000000, -0.000000000000000000 ) ) ;
#4441 = EDGE_CURVE ( 'NONE', #1502, #68, #3660, .T. ) ;
#4442 = CARTESIAN_POINT ( 'NONE',  ( 18.01920650021932602, 3.000000000000000000, -169.1241044017996558 ) ) ;
#4443 = PRODUCT_RELATED_PRODUCT_CATEGORY ( 'detail', '', ( #1169 ) ) ;
#4444 = CARTESIAN_POINT ( 'NONE',  ( 219.7932660928622965, 21.27122420078462639, -136.7412737455262288 ) ) ;
#4445 = EDGE_LOOP ( 'NONE', ( #3612, #2253, #1447, #671 ) ) ;
#4446 = VERTEX_POINT ( 'NONE', #1001 ) ;
#4447 = ORIENTED_EDGE ( 'NONE', *, *, #276, .T. ) ;
#4448 = AXIS2_PLACEMENT_3D ( 'NONE', #1047, #3358, #359 ) ;
#4449 = EDGE_CURVE ( 'NONE', #2481, #2917, #286, .T. ) ;
#4450 = CARTESIAN_POINT ( 'NONE',  ( 219.5696516796113826, 22.17975539977609145, -139.7207490827488527 ) ) ;
#4451 = LINE ( 'NONE', #1370, #2592 ) ;
#4452 = VERTEX_POINT ( 'NONE', #1731 ) ;
#4453 = LINE ( 'NONE', #1769, #4455 ) ;
#4454 = VERTEX_POINT ( 'NONE', #3219 ) ;
#4455 = VECTOR ( 'NONE', #966, 1000.000000000000000 ) ;
#4456 = ORIENTED_EDGE ( 'NONE', *, *, #424, .T. ) ;
#4457 = DIRECTION ( 'NONE',  ( -1.000000000000000000, 0.000000000000000000, 0.000000000000000000 ) ) ;
#4458 = CIRCLE ( 'NONE', #2786, 1.599999999999990319 ) ;
#4459 = DIRECTION ( 'NONE',  ( -0.000000000000000000, -1.000000000000000000, -0.000000000000000000 ) ) ;
#4460 = CARTESIAN_POINT ( 'NONE',  ( 153.0000000000000000, 3.000000000000000000, -63.00000000000000000 ) ) ;
#4461 = AXIS2_PLACEMENT_3D ( 'NONE', #2030, #4657, #868 ) ;
#4462 = CIRCLE ( 'NONE', #2625, 3.000000000000002665 ) ;
#4463 = ORIENTED_EDGE ( 'NONE', *, *, #3019, .T. ) ;
#4464 = CARTESIAN_POINT ( 'NONE',  ( 5.000000000000000000, 0.000000000000000000, -7.500000000000000888 ) ) ;
#4465 = CARTESIAN_POINT ( 'NONE',  ( 176.0000000000000000, 0.000000000000000000, -14.99999999999999645 ) ) ;
#4466 = CARTESIAN_POINT ( 'NONE',  ( 38.00000000000000711, 27.00000000000000000, -182.0000000000000000 ) ) ;
#4467 = EDGE_CURVE ( 'NONE', #3787, #804, #247, .T. ) ;
#4468 = CARTESIAN_POINT ( 'NONE',  ( 0.000000000000000000, 87.00000000000001421, 0.000000000000000000 ) ) ;
#4469 = CARTESIAN_POINT ( 'NONE',  ( 216.8234350734864506, 23.15250643430917421, -156.2442926264342304 ) ) ;
#4470 = EDGE_LOOP ( 'NONE', ( #3437, #1550, #3424, #4877 ) ) ;
#4471 = DIRECTION ( 'NONE',  ( 0.000000000000000000, 0.000000000000000000, 1.000000000000000000 ) ) ;
#4472 = ADVANCED_FACE ( 'NONE', ( #546 ), #2539, .T. ) ;
#4473 = EDGE_LOOP ( 'NONE', ( #473, #4589, #4668, #4194 ) ) ;
#4474 = DIRECTION ( 'NONE',  ( 0.000000000000000000, 0.000000000000000000, 1.000000000000000000 ) ) ;
#4475 = DIRECTION ( 'NONE',  ( 0.000000000000000000, 0.000000000000000000, -1.000000000000000000 ) ) ;
#4476 = VERTEX_POINT ( 'NONE', #2896 ) ;
#4477 = DIRECTION ( 'NONE',  ( -0.000000000000000000, 1.000000000000000000, 1.734723475976807587E-16 ) ) ;
#4478 = ORIENTED_EDGE ( 'NONE', *, *, #1694, .F. ) ;
#4479 = EDGE_CURVE ( 'NONE', #3771, #2459, #4933, .T. ) ;
#4480 = ADVANCED_FACE ( 'NONE', ( #2515 ), #4034, .F. ) ;
#4481 = ORIENTED_EDGE ( 'NONE', *, *, #3013, .F. ) ;
#4482 = LINE ( 'NONE', #241, #1134 ) ;
#4483 = CARTESIAN_POINT ( 'NONE',  ( 185.5000000000000000, 7.000000000000000000, -151.5000000000000000 ) ) ;
#4484 = DIRECTION ( 'NONE',  ( -0.000000000000000000, -1.000000000000000000, 0.000000000000000000 ) ) ;
#4485 = DIRECTION ( 'NONE',  ( 0.000000000000000000, 0.08518905960320007076, -0.9963648047396708174 ) ) ;
#4486 = VERTEX_POINT ( 'NONE', #3292 ) ;
#4487 = CARTESIAN_POINT ( 'NONE',  ( 191.7000000000000171, 0.000000000000000000, -135.7500000000000000 ) ) ;
#4488 = CIRCLE ( 'NONE', #2326, 105.0000000000000000 ) ;
#4489 = VECTOR ( 'NONE', #1338, 1000.000000000000000 ) ;
#4490 = DIRECTION ( 'NONE',  ( 0.000000000000000000, 0.000000000000000000, -1.000000000000000000 ) ) ;
#4491 = ORIENTED_EDGE ( 'NONE', *, *, #132, .F. ) ;
#4492 = DIRECTION ( 'NONE',  ( 0.000000000000000000, -0.8202827025396763894, -0.5719582921107139173 ) ) ;
#4493 = CARTESIAN_POINT ( 'NONE',  ( 216.5611636286165833, 21.88695123940832232, -157.2895373049447016 ) ) ;
#4494 = ORIENTED_EDGE ( 'NONE', *, *, #3609, .F. ) ;
#4495 = DIRECTION ( 'NONE',  ( -2.668805347656625692E-16, 0.000000000000000000, -1.000000000000000000 ) ) ;
#4496 = VERTEX_POINT ( 'NONE', #4815 ) ;
#4497 = EDGE_CURVE ( 'NONE', #2618, #3298, #4769, .T. ) ;
#4498 = DIRECTION ( 'NONE',  ( 0.000000000000000000, 1.000000000000000000, 0.000000000000000000 ) ) ;
#4499 = FACE_OUTER_BOUND ( 'NONE', #4682, .T. ) ;
#4500 = DIRECTION ( 'NONE',  ( 1.000000000000000000, 0.000000000000000000, 0.000000000000000000 ) ) ;
#4501 = VERTEX_POINT ( 'NONE', #1382 ) ;
#4502 = VECTOR ( 'NONE', #1153, 1000.000000000000000 ) ;
#4503 = ORIENTED_EDGE ( 'NONE', *, *, #1934, .T. ) ;
#4504 = LINE ( 'NONE', #2630, #4346 ) ;
#4505 = DIRECTION ( 'NONE',  ( -1.000000000000000000, -0.000000000000000000, -0.000000000000000000 ) ) ;
#4506 = VECTOR ( 'NONE', #4529, 1000.000000000000000 ) ;
#4507 = APPROVAL ( #2288, 'UNSPECIFIED' ) ;
#4508 = CIRCLE ( 'NONE', #181, 1.000000000000000888 ) ;
#4509 = DIRECTION ( 'NONE',  ( 0.000000000000000000, 1.000000000000000000, 0.000000000000000000 ) ) ;
#4510 = ORIENTED_EDGE ( 'NONE', *, *, #1419, .T. ) ;
#4511 = VERTEX_POINT ( 'NONE', #4062 ) ;
#4512 = AXIS2_PLACEMENT_3D ( 'NONE', #1609, #3883, #3121 ) ;
#4513 = FACE_OUTER_BOUND ( 'NONE', #2961, .T. ) ;
#4514 = LINE ( 'NONE', #1072, #821 ) ;
#4515 = DIRECTION ( 'NONE',  ( -0.000000000000000000, -0.000000000000000000, 1.000000000000000000 ) ) ;
#4516 = EDGE_CURVE ( 'NONE', #2212, #4432, #859, .T. ) ;
#4517 = CIRCLE ( 'NONE', #3633, 7.000000000000006217 ) ;
#4518 = VERTEX_POINT ( 'NONE', #4335 ) ;
#4519 = EDGE_CURVE ( 'NONE', #1480, #1831, #1583, .T. ) ;
#4520 = LINE ( 'NONE', #2, #1465 ) ;
#4521 = VERTEX_POINT ( 'NONE', #3588 ) ;
#4522 = CARTESIAN_POINT ( 'NONE',  ( 0.000000000000000000, 7.000000000000000000, 0.000000000000000000 ) ) ;
#4523 = ORIENTED_EDGE ( 'NONE', *, *, #4111, .F. ) ;
#4524 = DIRECTION ( 'NONE',  ( -1.000000000000000000, -0.000000000000000000, -0.000000000000000000 ) ) ;
#4525 = DIRECTION ( 'NONE',  ( 0.000000000000000000, 0.000000000000000000, 1.000000000000000000 ) ) ;
#4526 = DIRECTION ( 'NONE',  ( 0.000000000000000000, 0.000000000000000000, -1.000000000000000000 ) ) ;
#4527 = ORIENTED_EDGE ( 'NONE', *, *, #2158, .F. ) ;
#4528 = EDGE_CURVE ( 'NONE', #2891, #2373, #2848, .T. ) ;
#4529 = DIRECTION ( 'NONE',  ( 1.000000000000000000, -0.000000000000000000, 0.000000000000000000 ) ) ;
#4530 = FACE_OUTER_BOUND ( 'NONE', #3409, .T. ) ;
#4531 = AXIS2_PLACEMENT_3D ( 'NONE', #4906, #333, #1830 ) ;
#4532 = PLANE ( 'NONE',  #757 ) ;
#4533 = EDGE_LOOP ( 'NONE', ( #1277, #1533, #4539, #2997 ) ) ;
#4534 = ADVANCED_FACE ( 'NONE', ( #545 ), #927, .F. ) ;
#4535 = DIRECTION ( 'NONE',  ( 0.000000000000000000, 0.000000000000000000, -1.000000000000000000 ) ) ;
#4536 = AXIS2_PLACEMENT_3D ( 'NONE', #2529, #3232, #3675 ) ;
#4537 = ORIENTED_EDGE ( 'NONE', *, *, #2183, .T. ) ;
#4538 = CARTESIAN_POINT ( 'NONE',  ( 217.2310249198824579, 20.72392592043572535, -154.5257164999984809 ) ) ;
#4539 = ORIENTED_EDGE ( 'NONE', *, *, #3671, .T. ) ;
#4540 = FACE_OUTER_BOUND ( 'NONE', #531, .T. ) ;
#4541 = VECTOR ( 'NONE', #2806, 1000.000000000000114 ) ;
#4542 = EDGE_LOOP ( 'NONE', ( #857, #4370, #328, #4710 ) ) ;
#4543 = ADVANCED_FACE ( 'NONE', ( #1358 ), #3562, .F. ) ;
#4544 = AXIS2_PLACEMENT_3D ( 'NONE', #1138, #2761, #786 ) ;
#4545 = CIRCLE ( 'NONE', #3979, 1.599999999999997202 ) ;
#4546 = DIRECTION ( 'NONE',  ( 0.000000000000000000, 1.000000000000000000, 0.000000000000000000 ) ) ;
#4547 = VERTEX_POINT ( 'NONE', #2085 ) ;
#4548 = DIRECTION ( 'NONE',  ( -0.000000000000000000, -1.000000000000000000, -0.000000000000000000 ) ) ;
#4549 = ORIENTED_EDGE ( 'NONE', *, *, #6, .T. ) ;
#4550 = CARTESIAN_POINT ( 'NONE',  ( 219.7201026220076017, 23.18952982762710491, -137.8443628753701375 ) ) ;
#4551 = CARTESIAN_POINT ( 'NONE',  ( 176.0000000000000000, 0.000000000000000000, -0.000000000000000000 ) ) ;
#4552 = DIRECTION ( 'NONE',  ( 0.000000000000000000, 1.000000000000000000, 0.000000000000000000 ) ) ;
#4553 = ORIENTED_EDGE ( 'NONE', *, *, #2776, .F. ) ;
#4554 = ORIENTED_EDGE ( 'NONE', *, *, #4187, .F. ) ;
#4555 = DIRECTION ( 'NONE',  ( -0.000000000000000000, 1.000000000000000000, -0.000000000000000000 ) ) ;
#4556 = DIRECTION ( 'NONE',  ( -1.000000000000000000, 0.000000000000000000, -0.000000000000000000 ) ) ;
#4557 = CARTESIAN_POINT ( 'NONE',  ( 46.10039527254103575, -12.00199999999999889, -209.2328496799144091 ) ) ;
#4558 = ORIENTED_EDGE ( 'NONE', *, *, #3011, .F. ) ;
#4559 = LINE ( 'NONE', #2657, #2544 ) ;
#4560 = CARTESIAN_POINT ( 'NONE',  ( 217.0607354604739498, 20.20643898725974097, -155.2588222089187298 ) ) ;
#4561 = DIRECTION ( 'NONE',  ( 1.000000000000000000, 0.000000000000000000, 0.000000000000000000 ) ) ;
#4562 = EDGE_CURVE ( 'NONE', #3033, #4281, #1172, .T. ) ;
#4563 = FACE_OUTER_BOUND ( 'NONE', #88, .T. ) ;
#4564 = EDGE_LOOP ( 'NONE', ( #4672, #1178, #3221, #2861 ) ) ;
#4565 = EDGE_CURVE ( 'NONE', #492, #300, #454, .T. ) ;
#4566 = LINE ( 'NONE', #1179, #102 ) ;
#4567 = EDGE_LOOP ( 'NONE', ( #1445, #289, #3184, #2249 ) ) ;
#4568 = APPROVAL_ROLE ( '' ) ;
#4569 = DIRECTION ( 'NONE',  ( 0.000000000000000000, 0.000000000000000000, 1.000000000000000000 ) ) ;
#4570 = CARTESIAN_POINT ( 'NONE',  ( 44.00000000000000711, -8.399999999999998579, -95.00000000000000000 ) ) ;
#4571 = EDGE_CURVE ( 'NONE', #1141, #3561, #2299, .T. ) ;
#4572 = CARTESIAN_POINT ( 'NONE',  ( 201.4813387978993831, 3.000000000000000000, -176.9581994357374413 ) ) ;
#4573 = ORIENTED_EDGE ( 'NONE', *, *, #3068, .F. ) ;
#4574 = ORIENTED_EDGE ( 'NONE', *, *, #4908, .F. ) ;
#4575 = EDGE_CURVE ( 'NONE', #4756, #3525, #4462, .T. ) ;
#4576 = VECTOR ( 'NONE', #2854, 1000.000000000000000 ) ;
#4577 = LINE ( 'NONE', #1284, #1862 ) ;
#4578 = CYLINDRICAL_SURFACE ( 'NONE', #3417, 2.500000000000002220 ) ;
#4579 = PLANE ( 'NONE',  #4202 ) ;
#4580 = ORIENTED_EDGE ( 'NONE', *, *, #318, .T. ) ;
#4581 = CARTESIAN_POINT ( 'NONE',  ( 179.2999999999999829, 7.000000000000000000, -151.5000000000000000 ) ) ;
#4582 = FACE_OUTER_BOUND ( 'NONE', #1653, .T. ) ;
#4583 = AXIS2_PLACEMENT_3D ( 'NONE', #2600, #3721, #280 ) ;
#4584 = ORIENTED_EDGE ( 'NONE', *, *, #2648, .F. ) ;
#4585 = CARTESIAN_POINT ( 'NONE',  ( 18.01920650021932602, 3.000000000000000000, -169.1241044017996558 ) ) ;
#4586 = CARTESIAN_POINT ( 'NONE',  ( 219.6592497754872966, 20.17967045721658792, -138.6520968334604618 ) ) ;
#4587 = VECTOR ( 'NONE', #434, 1000.000000000000000 ) ;
#4588 = ADVANCED_FACE ( 'NONE', ( #3268, #4409, #1306, #1252, #2847, #3635, #2513, #593, #2133, #197, #103, #1634, #3245, #2041, #3168, #4007, #2795 ), #3929, .T. ) ;
#4589 = ORIENTED_EDGE ( 'NONE', *, *, #1234, .T. ) ;
#4590 = DIRECTION ( 'NONE',  ( 0.000000000000000000, 0.000000000000000000, 1.000000000000000000 ) ) ;
#4591 = VECTOR ( 'NONE', #879, 1000.000000000000000 ) ;
#4592 = ORIENTED_EDGE ( 'NONE', *, *, #4755, .F. ) ;
#4593 = CARTESIAN_POINT ( 'NONE',  ( 220.0000000000000000, 10.00000000000000888, -35.00000000000000000 ) ) ;
#4594 = ADVANCED_FACE ( 'NONE', ( #494 ), #2821, .T. ) ;
#4595 = ORIENTED_EDGE ( 'NONE', *, *, #2466, .F. ) ;
#4596 = AXIS2_PLACEMENT_3D ( 'NONE', #1677, #4280, #1250 ) ;
#4597 = ADVANCED_FACE ( 'NONE', ( #567 ), #1279, .F. ) ;
#4598 = LINE ( 'NONE', #348, #1319 ) ;
#4599 = CARTESIAN_POINT ( 'NONE',  ( 220.0000000000000000, 0.000000000000000000, -130.0000000000000000 ) ) ;
#4600 = CARTESIAN_POINT ( 'NONE',  ( 201.9807934997806740, 0.000000000000000000, -176.9741044017996501 ) ) ;
#4601 = EDGE_LOOP ( 'NONE', ( #788, #204, #1393, #1600 ) ) ;
#4602 = EDGE_LOOP ( 'NONE', ( #1697, #1733, #214, #2742, #1763, #896 ) ) ;
#4603 = EDGE_CURVE ( 'NONE', #2261, #3026, #4545, .T. ) ;
#4604 = LINE ( 'NONE', #1921, #2511 ) ;
#4605 = DIRECTION ( 'NONE',  ( 0.000000000000000000, 0.000000000000000000, 1.000000000000000000 ) ) ;
#4606 = CARTESIAN_POINT ( 'NONE',  ( 19.49999999999999645, 0.000000000000000000, -139.5669656263407035 ) ) ;
#4607 = ORIENTED_EDGE ( 'NONE', *, *, #4662, .T. ) ;
#4608 = CARTESIAN_POINT ( 'NONE',  ( 0.000000000000000000, 43.50000000000000000, 0.000000000000000000 ) ) ;
#4609 = FACE_BOUND ( 'NONE', #140, .T. ) ;
#4610 = VECTOR ( 'NONE', #3242, 1000.000000000000000 ) ;
#4611 = CARTESIAN_POINT ( 'NONE',  ( 220.0000000000000000, 87.00000000000001421, -130.0000000000000000 ) ) ;
#4612 = CARTESIAN_POINT ( 'NONE',  ( 34.49999999999999289, 1.523912716559723490, -153.1276435491489281 ) ) ;
#4613 = EDGE_CURVE ( 'NONE', #1033, #2505, #609, .T. ) ;
#4614 = VECTOR ( 'NONE', #1599, 1000.000000000000000 ) ;
#4615 = ORIENTED_EDGE ( 'NONE', *, *, #385, .F. ) ;
#4616 = CARTESIAN_POINT ( 'NONE',  ( 201.9807934997806740, 3.000000000000000000, -169.1241044017996558 ) ) ;
#4617 = ORIENTED_EDGE ( 'NONE', *, *, #1529, .F. ) ;
#4618 = DIRECTION ( 'NONE',  ( 0.000000000000000000, -0.08518905960320190263, 0.9963648047396707064 ) ) ;
#4619 = AXIS2_PLACEMENT_3D ( 'NONE', #3195, #773, #1199 ) ;
#4620 = ORIENTED_EDGE ( 'NONE', *, *, #4112, .F. ) ;
#4621 = EDGE_CURVE ( 'NONE', #4496, #2650, #2488, .T. ) ;
#4622 = LINE ( 'NONE', #695, #4669 ) ;
#4623 = AXIS2_PLACEMENT_3D ( 'NONE', #2631, #4556, #3330 ) ;
#4624 = AXIS2_PLACEMENT_3D ( 'NONE', #4718, #1330, #4334 ) ;
#4625 = EDGE_LOOP ( 'NONE', ( #1202, #744 ) ) ;
#4626 = DIRECTION ( 'NONE',  ( -0.000000000000000000, -1.000000000000000000, -0.000000000000000000 ) ) ;
#4627 = LINE ( 'NONE', #753, #3537 ) ;
#4628 = ADVANCED_FACE ( 'NONE', ( #3313 ), #1049, .F. ) ;
#4629 = CC_DESIGN_APPROVAL ( #3917, ( #2582 ) ) ;
#4630 = CARTESIAN_POINT ( 'NONE',  ( 38.00000000000000711, 27.00000000000000000, -198.0000000000000000 ) ) ;
#4631 = EDGE_LOOP ( 'NONE', ( #4714, #1822, #3918, #2205 ) ) ;
#4632 = EDGE_LOOP ( 'NONE', ( #3748, #4264 ) ) ;
#4633 = CARTESIAN_POINT ( 'NONE',  ( 185.5000000000000000, -3.000000000000000000, -127.0000000000000000 ) ) ;
#4634 = DIRECTION ( 'NONE',  ( 0.000000000000000000, 1.000000000000000000, 0.000000000000000000 ) ) ;
#4635 = CARTESIAN_POINT ( 'NONE',  ( 215.0000000000000000, 87.00000000000001421, -5.000000000000000000 ) ) ;
#4636 = ORIENTED_EDGE ( 'NONE', *, *, #568, .T. ) ;
#4637 = ADVANCED_FACE ( 'NONE', ( #1070 ), #4106, .F. ) ;
#4638 = CARTESIAN_POINT ( 'NONE',  ( 66.99999999999998579, 3.000000000000000000, -64.60000000000000853 ) ) ;
#4639 = EDGE_CURVE ( 'NONE', #2856, #4501, #3418, .T. ) ;
#4640 = LINE ( 'NONE', #3515, #3387 ) ;
#4641 = CARTESIAN_POINT ( 'NONE',  ( 220.0000000000000000, 34.99999999999999289, -75.00000000000001421 ) ) ;
#4642 = CARTESIAN_POINT ( 'NONE',  ( 12.21201217305250175, 3.000000000000000000, -163.8421545680241422 ) ) ;
#4643 = EDGE_LOOP ( 'NONE', ( #2184, #3553, #1617, #939 ) ) ;
#4644 = LINE ( 'NONE', #4283, #2138 ) ;
#4645 = ORIENTED_EDGE ( 'NONE', *, *, #4413, .T. ) ;
#4646 = LINE ( 'NONE', #4673, #4267 ) ;
#4647 = ORIENTED_EDGE ( 'NONE', *, *, #2088, .T. ) ;
#4648 = PLANE ( 'NONE',  #1385 ) ;
#4649 = ORIENTED_EDGE ( 'NONE', *, *, #3074, .T. ) ;
#4650 = VECTOR ( 'NONE', #4757, 1000.000000000000000 ) ;
#4651 = CARTESIAN_POINT ( 'NONE',  ( 182.0000000000000000, 0.000000000000000000, -190.0000000000000000 ) ) ;
#4652 = DIRECTION ( 'NONE',  ( 0.000000000000000000, 0.000000000000000000, 1.000000000000000000 ) ) ;
#4653 = DIRECTION ( 'NONE',  ( -0.000000000000000000, 0.000000000000000000, 1.000000000000000000 ) ) ;
#4654 = ORIENTED_EDGE ( 'NONE', *, *, #3554, .T. ) ;
#4655 = ORIENTED_EDGE ( 'NONE', *, *, #1896, .F. ) ;
#4656 = EDGE_CURVE ( 'NONE', #274, #1075, #941, .T. ) ;
#4657 = DIRECTION ( 'NONE',  ( 0.000000000000000000, 0.000000000000000000, 1.000000000000000000 ) ) ;
#4658 = CARTESIAN_POINT ( 'NONE',  ( 220.0000000000000000, 34.99999999999999289, -75.00000000000001421 ) ) ;
#4659 = ORIENTED_EDGE ( 'NONE', *, *, #3737, .T. ) ;
#4660 = AXIS2_PLACEMENT_3D ( 'NONE', #983, #2972, #646 ) ;
#4661 = CIRCLE ( 'NONE', #565, 2.500000000000000444 ) ;
#4662 = EDGE_CURVE ( 'NONE', #1977, #2069, #665, .T. ) ;
#4663 = DIRECTION ( 'NONE',  ( 1.000000000000000000, 0.000000000000000000, 0.000000000000000000 ) ) ;
#4664 = ADVANCED_FACE ( 'NONE', ( #4513 ), #3754, .F. ) ;
#4665 = CARTESIAN_POINT ( 'NONE',  ( 19.49999999999999645, 7.000000000000000000, 0.000000000000000000 ) ) ;
#4666 = CARTESIAN_POINT ( 'NONE',  ( 14.61746918311558652, 3.000000000000000000, -163.0494536524393823 ) ) ;
#4667 = DIRECTION ( 'NONE',  ( 5.102127870520021228E-17, 0.000000000000000000, 1.000000000000000000 ) ) ;
#4668 = ORIENTED_EDGE ( 'NONE', *, *, #1064, .F. ) ;
#4669 = VECTOR ( 'NONE', #2339, 1000.000000000000000 ) ;
#4670 = ADVANCED_FACE ( 'NONE', ( #1851 ), #2612, .T. ) ;
#4671 = DIRECTION ( 'NONE',  ( -1.000000000000000000, 0.000000000000000000, -0.000000000000000000 ) ) ;
#4672 = ORIENTED_EDGE ( 'NONE', *, *, #3644, .F. ) ;
#4673 = CARTESIAN_POINT ( 'NONE',  ( 196.1735991726138479, 3.000000000000000000, -174.4060542355751977 ) ) ;
#4674 = VERTEX_POINT ( 'NONE', #4464 ) ;
#4675 = CIRCLE ( 'NONE', #3547, 5.000000000000000888 ) ;
#4676 = AXIS2_PLACEMENT_3D ( 'NONE', #1469, #3001, #4525 ) ;
#4677 = ORIENTED_EDGE ( 'NONE', *, *, #1218, .F. ) ;
#4678 = DIRECTION ( 'NONE',  ( 0.000000000000000000, 0.000000000000000000, -1.000000000000000000 ) ) ;
#4679 = LINE ( 'NONE', #3500, #2905 ) ;
#4680 = LINE ( 'NONE', #459, #2704 ) ;
#4681 = ORIENTED_EDGE ( 'NONE', *, *, #3725, .F. ) ;
#4682 = EDGE_LOOP ( 'NONE', ( #3700, #3631, #4793, #360 ) ) ;
#4683 = CARTESIAN_POINT ( 'NONE',  ( 67.00000000000000000, 7.000000000000000000, -47.00000000000000000 ) ) ;
#4684 = DIRECTION ( 'NONE',  ( 0.000000000000000000, 0.000000000000000000, 1.000000000000000000 ) ) ;
#4685 = ORIENTED_EDGE ( 'NONE', *, *, #2834, .F. ) ;
#4686 = EDGE_CURVE ( 'NONE', #420, #2697, #4384, .T. ) ;
#4687 = CARTESIAN_POINT ( 'NONE',  ( 220.0000000000000000, 34.99999999999999289, -75.00000000000001421 ) ) ;
#4688 = DIRECTION ( 'NONE',  ( -1.000000000000000000, -0.000000000000000000, -0.000000000000000000 ) ) ;
#4689 = DIRECTION ( 'NONE',  ( 0.000000000000000000, 0.000000000000000000, -1.000000000000000000 ) ) ;
#4690 = EDGE_CURVE ( 'NONE', #2808, #1018, #2065, .T. ) ;
#4691 = VERTEX_POINT ( 'NONE', #4884 ) ;
#4692 = DIRECTION ( 'NONE',  ( 0.000000000000000000, -1.000000000000000000, 0.000000000000000000 ) ) ;
#4693 = AXIS2_PLACEMENT_3D ( 'NONE', #2031, #482, #3552 ) ;
#4694 = DIRECTION ( 'NONE',  ( 0.000000000000000000, 0.000000000000000000, -1.000000000000000000 ) ) ;
#4695 = CARTESIAN_POINT ( 'NONE',  ( 34.49999999999999289, -4.568651337178751604, -144.3898999473319122 ) ) ;
#4696 = VERTEX_POINT ( 'NONE', #4130 ) ;
#4697 = AXIS2_PLACEMENT_3D ( 'NONE', #4242, #4653, #1154 ) ;
#4698 = EDGE_CURVE ( 'NONE', #4380, #809, #640, .T. ) ;
#4699 = AXIS2_PLACEMENT_3D ( 'NONE', #3270, #3959, #3246 ) ;
#4700 = CARTESIAN_POINT ( 'NONE',  ( 217.2865805340345275, 22.18648942761205234, -154.2815011984139346 ) ) ;
#4701 = CARTESIAN_POINT ( 'NONE',  ( 215.0000000000000000, 87.00000000000001421, -5.000000000000000000 ) ) ;
#4702 = CYLINDRICAL_SURFACE ( 'NONE', #3414, 3.000000000000002665 ) ;
#4703 = ORIENTED_EDGE ( 'NONE', *, *, #663, .T. ) ;
#4704 = AXIS2_PLACEMENT_3D ( 'NONE', #91, #3082, #1269 ) ;
#4705 = AXIS2_PLACEMENT_3D ( 'NONE', #1782, #311, #3707 ) ;
#4706 = ORIENTED_EDGE ( 'NONE', *, *, #568, .F. ) ;
#4707 = SECURITY_CLASSIFICATION ( '', '', #3443 ) ;
#4708 = FACE_BOUND ( 'NONE', #4746, .T. ) ;
#4709 = DIRECTION ( 'NONE',  ( 0.000000000000000000, 0.9054717621428844954, -0.4244065126289410794 ) ) ;
#4710 = ORIENTED_EDGE ( 'NONE', *, *, #2809, .T. ) ;
#4711 = LINE ( 'NONE', #3162, #222 ) ;
#4712 = DIRECTION ( 'NONE',  ( 0.000000000000000000, 0.000000000000000000, 1.000000000000000000 ) ) ;
#4713 = DIRECTION ( 'NONE',  ( -0.000000000000000000, -1.000000000000000000, -0.000000000000000000 ) ) ;
#4714 = ORIENTED_EDGE ( 'NONE', *, *, #1905, .T. ) ;
#4715 = LINE ( 'NONE', #3140, #4332 ) ;
#4716 = VECTOR ( 'NONE', #2768, 1000.000000000000000 ) ;
#4717 = EDGE_LOOP ( 'NONE', ( #2940, #1028, #3369, #848 ) ) ;
#4718 = CARTESIAN_POINT ( 'NONE',  ( 179.2999999999999829, -28.00000000000000355, -151.5000000000000000 ) ) ;
#4719 = EDGE_CURVE ( 'NONE', #988, #3279, #2989, .T. ) ;
#4720 = DIRECTION ( 'NONE',  ( -0.000000000000000000, 1.000000000000000000, 0.000000000000000000 ) ) ;
#4721 = EDGE_CURVE ( 'NONE', #2001, #2275, #1380, .T. ) ;
#4722 = CARTESIAN_POINT ( 'NONE',  ( 215.0000000000000000, 0.000000000000000000, -5.000000000000000000 ) ) ;
#4723 = ORIENTED_EDGE ( 'NONE', *, *, #4562, .T. ) ;
#4724 = CARTESIAN_POINT ( 'NONE',  ( 23.82640082738615561, 3.000000000000000000, -174.4060542355751977 ) ) ;
#4725 = ADVANCED_FACE ( 'NONE', ( #687 ), #4084, .F. ) ;
#4726 = DIRECTION ( 'NONE',  ( -1.000000000000000000, 0.000000000000000000, 0.000000000000000000 ) ) ;
#4727 = DIRECTION ( 'NONE',  ( 0.000000000000000000, 0.000000000000000000, 1.000000000000000000 ) ) ;
#4728 = DIRECTION ( 'NONE',  ( -0.000000000000000000, -1.000000000000000000, -0.000000000000000000 ) ) ;
#4729 = ORIENTED_EDGE ( 'NONE', *, *, #4621, .F. ) ;
#4730 = EDGE_LOOP ( 'NONE', ( #4032, #200, #2089, #4866 ) ) ;
#4731 = EDGE_CURVE ( 'NONE', #3426, #4691, #1000, .T. ) ;
#4732 = CARTESIAN_POINT ( 'NONE',  ( 24.49999999999999289, 0.4760872834403059861, -140.8723564508509867 ) ) ;
#4733 = CARTESIAN_POINT ( 'NONE',  ( 38.00000000000000711, 27.00000000000000000, -190.0000000000000000 ) ) ;
#4734 = ORIENTED_EDGE ( 'NONE', *, *, #4686, .F. ) ;
#4735 =( NAMED_UNIT ( * ) SI_UNIT ( $, .STERADIAN. ) SOLID_ANGLE_UNIT ( ) );
#4736 = DIRECTION ( 'NONE',  ( 0.000000000000000000, 0.000000000000000000, 1.000000000000000000 ) ) ;
#4737 = CARTESIAN_POINT ( 'NONE',  ( 44.00000000000000711, -26.34615384615385381, -5.269230769230773603 ) ) ;
#4738 = EDGE_LOOP ( 'NONE', ( #2049, #1883, #4760, #4481 ) ) ;
#4739 = DIRECTION ( 'NONE',  ( 0.000000000000000000, 0.000000000000000000, 1.000000000000000000 ) ) ;
#4740 = ORIENTED_EDGE ( 'NONE', *, *, #4044, .F. ) ;
#4741 = DIRECTION ( 'NONE',  ( -0.000000000000000000, -1.000000000000000000, 0.000000000000000000 ) ) ;
#4742 = ORIENTED_EDGE ( 'NONE', *, *, #99, .F. ) ;
#4743 = VECTOR ( 'NONE', #1675, 1000.000000000000000 ) ;
#4744 = DIRECTION ( 'NONE',  ( 0.000000000000000000, 1.000000000000000000, 0.000000000000000000 ) ) ;
#4745 = DIRECTION ( 'NONE',  ( 0.000000000000000000, -0.08518905960320190263, 0.9963648047396707064 ) ) ;
#4746 = EDGE_LOOP ( 'NONE', ( #470, #1373 ) ) ;
#4747 = EDGE_CURVE ( 'NONE', #3819, #1590, #2181, .T. ) ;
#4748 = ORIENTED_EDGE ( 'NONE', *, *, #178, .F. ) ;
#4749 = CARTESIAN_POINT ( 'NONE',  ( 24.49999999999999289, -4.568651337178751604, -144.3898999473319122 ) ) ;
#4750 = VECTOR ( 'NONE', #3673, 1000.000000000000000 ) ;
#4751 = DIRECTION ( 'NONE',  ( 1.000000000000000000, -0.000000000000000000, 0.000000000000000000 ) ) ;
#4752 = DIRECTION ( 'NONE',  ( 0.000000000000000000, 0.000000000000000000, 1.000000000000000000 ) ) ;
#4753 = CARTESIAN_POINT ( 'NONE',  ( 41.10039527254102865, -12.00199999999999889, -209.2328496799144091 ) ) ;
#4754 = VERTEX_POINT ( 'NONE', #4061 ) ;
#4755 = EDGE_CURVE ( 'NONE', #3279, #3915, #245, .T. ) ;
#4756 = VERTEX_POINT ( 'NONE', #4860 ) ;
#4757 = DIRECTION ( 'NONE',  ( 0.000000000000000000, 1.000000000000000000, 0.000000000000000000 ) ) ;
#4758 = AXIS2_PLACEMENT_3D ( 'NONE', #1009, #1416, #2952 ) ;
#4759 = DIRECTION ( 'NONE',  ( 0.000000000000000000, 0.000000000000000000, -1.000000000000000000 ) ) ;
#4760 = ORIENTED_EDGE ( 'NONE', *, *, #824, .T. ) ;
#4761 = EDGE_CURVE ( 'NONE', #904, #1966, #4787, .T. ) ;
#4762 = LINE ( 'NONE', #3186, #4865 ) ;
#4763 = DIRECTION ( 'NONE',  ( -0.000000000000000000, -0.000000000000000000, 1.000000000000000000 ) ) ;
#4764 = DIRECTION ( 'NONE',  ( 0.000000000000000000, 0.000000000000000000, -1.000000000000000000 ) ) ;
#4765 = VERTEX_POINT ( 'NONE', #1506 ) ;
#4766 = FACE_BOUND ( 'NONE', #3054, .T. ) ;
#4767 = VERTEX_POINT ( 'NONE', #3114 ) ;
#4768 = CARTESIAN_POINT ( 'NONE',  ( 19.49999999999999645, 1.000000000000000000, -147.0000000000000000 ) ) ;
#4769 = LINE ( 'NONE', #2439, #3030 ) ;
#4770 = CARTESIAN_POINT ( 'NONE',  ( 220.0000000000000000, 9.999999999999994671, -75.00000000000001421 ) ) ;
#4771 = EDGE_LOOP ( 'NONE', ( #2271, #1935 ) ) ;
#4772 = LINE ( 'NONE', #4365, #2757 ) ;
#4773 = VECTOR ( 'NONE', #2562, 1000.000000000000000 ) ;
#4774 = FACE_OUTER_BOUND ( 'NONE', #2245, .T. ) ;
#4775 = ORIENTED_EDGE ( 'NONE', *, *, #664, .F. ) ;
#4776 = ORIENTED_EDGE ( 'NONE', *, *, #4571, .F. ) ;
#4777 = AXIS2_PLACEMENT_3D ( 'NONE', #1424, #4477, #1040 ) ;
#4778 = EDGE_LOOP ( 'NONE', ( #3198, #3159, #3495, #1798 ) ) ;
#4779 = EDGE_CURVE ( 'NONE', #2281, #2335, #4956, .T. ) ;
#4780 = DIRECTION ( 'NONE',  ( 0.000000000000000000, 1.000000000000000000, -5.551115123125787632E-16 ) ) ;
#4781 = LINE ( 'NONE', #1347, #899 ) ;
#4782 = AXIS2_PLACEMENT_3D ( 'NONE', #1709, #225, #2489 ) ;
#4783 = DIRECTION ( 'NONE',  ( 0.000000000000000000, -0.08518905960320190263, 0.9963648047396707064 ) ) ;
#4784 = EDGE_LOOP ( 'NONE', ( #3533, #4050, #1065, #1705 ) ) ;
#4785 = VECTOR ( 'NONE', #2129, 1000.000000000000000 ) ;
#4786 = DIRECTION ( 'NONE',  ( 1.000000000000000000, 0.000000000000000000, 0.000000000000000000 ) ) ;
#4787 = CIRCLE ( 'NONE', #4135, 1.600000000000004086 ) ;
#4788 = CARTESIAN_POINT ( 'NONE',  ( 41.10039527254102865, 87.00000000000001421, -209.2328496799144091 ) ) ;
#4789 = DIRECTION ( 'NONE',  ( 0.000000000000000000, 0.1961161351381841556, -0.9805806756909202226 ) ) ;
#4790 = EDGE_CURVE ( 'NONE', #974, #420, #818, .T. ) ;
#4791 = VERTEX_POINT ( 'NONE', #74 ) ;
#4792 = DIRECTION ( 'NONE',  ( -0.000000000000000000, 1.000000000000000000, -0.000000000000000000 ) ) ;
#4793 = ORIENTED_EDGE ( 'NONE', *, *, #2217, .T. ) ;
#4794 = DIRECTION ( 'NONE',  ( 0.000000000000000000, 0.000000000000000000, -1.000000000000000000 ) ) ;
#4795 = CARTESIAN_POINT ( 'NONE',  ( 24.49999999999999289, 6.044738620619011904, -143.4824565035190744 ) ) ;
#4796 = LINE ( 'NONE', #1333, #2841 ) ;
#4797 = ORIENTED_EDGE ( 'NONE', *, *, #4415, .F. ) ;
#4798 = CARTESIAN_POINT ( 'NONE',  ( 220.0000000000000000, 10.00000000000000888, -35.00000000000000000 ) ) ;
#4799 = CARTESIAN_POINT ( 'NONE',  ( 176.0000000000000000, -12.00000000000000000, -83.00000000000000000 ) ) ;
#4800 = ORIENTED_EDGE ( 'NONE', *, *, #1164, .F. ) ;
#4801 = DIRECTION ( 'NONE',  ( -0.000000000000000000, 1.000000000000000000, -0.000000000000000000 ) ) ;
#4802 = VERTEX_POINT ( 'NONE', #4638 ) ;
#4803 = DIRECTION ( 'NONE',  ( -0.000000000000000000, 1.000000000000000000, -0.000000000000000000 ) ) ;
#4804 = DIRECTION ( 'NONE',  ( 1.000000000000000000, -0.000000000000000000, 0.000000000000000000 ) ) ;
#4805 = DIRECTION ( 'NONE',  ( 0.000000000000000000, 0.9054717621428844954, -0.4244065126289410794 ) ) ;
#4806 = ORIENTED_EDGE ( 'NONE', *, *, #2365, .F. ) ;
#4807 = EDGE_CURVE ( 'NONE', #4486, #2360, #3875, .T. ) ;
#4808 = DIRECTION ( 'NONE',  ( 0.000000000000000000, 0.000000000000000000, 1.000000000000000000 ) ) ;
#4809 = LINE ( 'NONE', #2432, #2948 ) ;
#4810 = DIRECTION ( 'NONE',  ( -0.000000000000000000, 1.000000000000000000, -0.000000000000000000 ) ) ;
#4811 = EDGE_CURVE ( 'NONE', #4521, #2399, #4227, .T. ) ;
#4812 = EDGE_LOOP ( 'NONE', ( #399, #3274 ) ) ;
#4813 = EDGE_CURVE ( 'NONE', #1458, #4754, #1526, .T. ) ;
#4814 = DIRECTION ( 'NONE',  ( 1.000000000000000000, 0.000000000000000000, 0.000000000000000000 ) ) ;
#4815 = CARTESIAN_POINT ( 'NONE',  ( 24.49999999999999289, -4.568651337178751604, -144.3898999473319122 ) ) ;
#4816 = PLANE ( 'NONE',  #2436 ) ;
#4817 = ADVANCED_FACE ( 'NONE', ( #2277 ), #3800, .F. ) ;
#4818 = CARTESIAN_POINT ( 'NONE',  ( 34.49999999999999289, 6.044738620619011904, -143.4824565035190744 ) ) ;
#4819 = CARTESIAN_POINT ( 'NONE',  ( 219.7199396493594179, 20.16964959432709747, -137.8466763823403198 ) ) ;
#4820 = EDGE_LOOP ( 'NONE', ( #2756, #3894, #93, #1239 ) ) ;
#4821 = CARTESIAN_POINT ( 'NONE',  ( 10.00000000000000178, 7.000000000000000000, -5.000000000000000000 ) ) ;
#4822 = ORIENTED_EDGE ( 'NONE', *, *, #2521, .T. ) ;
#4823 = VECTOR ( 'NONE', #5, 1000.000000000000000 ) ;
#4824 = CARTESIAN_POINT ( 'NONE',  ( 219.7927307410984668, 22.08178671098703916, -136.7495679652571710 ) ) ;
#4825 = CARTESIAN_POINT ( 'NONE',  ( 18.51866120210060629, 3.000000000000000000, -176.9581994357374413 ) ) ;
#4826 = CARTESIAN_POINT ( 'NONE',  ( 166.9999999999999716, 3.000000000000000000, -47.00000000000000000 ) ) ;
#4827 = VERTEX_POINT ( 'NONE', #3406 ) ;
#4828 = VECTOR ( 'NONE', #2443, 1000.000000000000000 ) ;
#4829 = CIRCLE ( 'NONE', #2390, 7.849999999999996092 ) ;
#4830 = DIRECTION ( 'NONE',  ( -0.000000000000000000, -0.000000000000000000, 1.000000000000000000 ) ) ;
#4831 = CARTESIAN_POINT ( 'NONE',  ( 14.61746918311558652, 3.000000000000000000, -161.0494536524393823 ) ) ;
#4832 = EDGE_CURVE ( 'NONE', #953, #3475, #1602, .T. ) ;
#4833 = CARTESIAN_POINT ( 'NONE',  ( 39.25519782485118014, 87.00000000000001421, -209.2328496799144091 ) ) ;
#4834 = ORIENTED_EDGE ( 'NONE', *, *, #1771, .T. ) ;
#4835 = CARTESIAN_POINT ( 'NONE',  ( 67.00000000000000000, 7.000000000000000000, -47.00000000000000000 ) ) ;
#4836 = CARTESIAN_POINT ( 'NONE',  ( 210.5500000000000114, 21.67999999999999972, -138.2500000000000000 ) ) ;
#4837 = DIRECTION ( 'NONE',  ( -0.000000000000000000, -1.000000000000000000, -0.000000000000000000 ) ) ;
#4838 = ADVANCED_FACE ( 'NONE', ( #2304, #4932 ), #4200, .T. ) ;
#4839 = CARTESIAN_POINT ( 'NONE',  ( 21.42094381732307085, 3.000000000000000000, -176.1987551511599293 ) ) ;
#4840 = DIRECTION ( 'NONE',  ( 1.000000000000000000, 0.000000000000000000, 0.000000000000000000 ) ) ;
#4841 = VERTEX_POINT ( 'NONE', #3060 ) ;
#4842 = ADVANCED_FACE ( 'NONE', ( #765 ), #1579, .F. ) ;
#4843 = CARTESIAN_POINT ( 'NONE',  ( 182.0000000000000000, 0.000000000000000000, -183.0000000000000284 ) ) ;
#4844 = VERTEX_POINT ( 'NONE', #2254 ) ;
#4845 = VECTOR ( 'NONE', #4151, 1000.000000000000000 ) ;
#4846 = CARTESIAN_POINT ( 'NONE',  ( 220.0000000000000000, 10.00000000000000888, -35.00000000000000000 ) ) ;
#4847 = DIRECTION ( 'NONE',  ( 1.000000000000000000, -0.000000000000000000, -0.000000000000000000 ) ) ;
#4848 = EDGE_CURVE ( 'NONE', #2143, #1461, #3482, .T. ) ;
#4849 = CARTESIAN_POINT ( 'NONE',  ( 182.0000000000000000, 0.000000000000000000, -196.9999999999999716 ) ) ;
#4850 = ORIENTED_EDGE ( 'NONE', *, *, #4698, .T. ) ;
#4851 = VECTOR ( 'NONE', #1162, 1000.000000000000000 ) ;
#4852 = PRODUCT_DEFINITION_SHAPE ( 'NONE', 'NONE',  #2582 ) ;
#4853 = ORIENTED_EDGE ( 'NONE', *, *, #3639, .T. ) ;
#4854 = DIRECTION ( 'NONE',  ( -0.000000000000000000, -1.000000000000000000, 0.000000000000000000 ) ) ;
#4855 = VECTOR ( 'NONE', #3314, 1000.000000000000000 ) ;
#4856 = CARTESIAN_POINT ( 'NONE',  ( 178.8996047274589785, -12.00099999999999767, -211.7328496799144091 ) ) ;
#4857 = CARTESIAN_POINT ( 'NONE',  ( 53.00000000000000000, 3.000000000000000000, -47.00000000000000000 ) ) ;
#4858 = AXIS2_PLACEMENT_3D ( 'NONE', #209, #964, #1369 ) ;
#4859 = AXIS2_PLACEMENT_3D ( 'NONE', #2162, #3685, #1784 ) ;
#4860 = CARTESIAN_POINT ( 'NONE',  ( 18.51866120210060629, 0.000000000000000000, -176.9581994357374413 ) ) ;
#4861 = EDGE_LOOP ( 'NONE', ( #1176, #2882, #880, #2812, #3118, #4607 ) ) ;
#4862 = DIRECTION ( 'NONE',  ( -1.000000000000000000, 0.000000000000000000, 4.081702296416016983E-16 ) ) ;
#4863 = ORIENTED_EDGE ( 'NONE', *, *, #511, .F. ) ;
#4864 = CARTESIAN_POINT ( 'NONE',  ( 210.5500000000000114, -3.000000000000000000, -158.2500000000000000 ) ) ;
#4865 = VECTOR ( 'NONE', #3260, 1000.000000000000000 ) ;
#4866 = ORIENTED_EDGE ( 'NONE', *, *, #511, .T. ) ;
#4867 = EDGE_CURVE ( 'NONE', #4841, #1911, #4559, .T. ) ;
#4868 = FACE_OUTER_BOUND ( 'NONE', #3374, .T. ) ;
#4869 = CARTESIAN_POINT ( 'NONE',  ( 216.9191173397982482, 23.22987682787960750, -155.8517484194904625 ) ) ;
#4870 = EDGE_LOOP ( 'NONE', ( #4654, #750, #2415, #3943 ) ) ;
#4871 = DIRECTION ( 'NONE',  ( 0.000000000000000000, 0.000000000000000000, -1.000000000000000000 ) ) ;
#4872 = ORIENTED_EDGE ( 'NONE', *, *, #4374, .F. ) ;
#4873 = ADVANCED_FACE ( 'NONE', ( #2737 ), #361, .F. ) ;
#4874 = LINE ( 'NONE', #4846, #557 ) ;
#4875 = FACE_OUTER_BOUND ( 'NONE', #951, .T. ) ;
#4876 = CARTESIAN_POINT ( 'NONE',  ( 14.61746918311558652, 7.000000000000000000, -163.0494536524393823 ) ) ;
#4877 = ORIENTED_EDGE ( 'NONE', *, *, #1618, .T. ) ;
#4878 = ADVANCED_FACE ( 'NONE', ( #739, #386 ), #1904, .T. ) ;
#4879 = ORIENTED_EDGE ( 'NONE', *, *, #1196, .T. ) ;
#4880 = DIRECTION ( 'NONE',  ( -0.000000000000000000, 1.000000000000000000, -0.000000000000000000 ) ) ;
#4881 = DIRECTION ( 'NONE',  ( -0.000000000000000000, -1.000000000000000000, -0.000000000000000000 ) ) ;
#4882 = CARTESIAN_POINT ( 'NONE',  ( 182.5934105096588382, 47.00000000000000711, -205.8630130602268764 ) ) ;
#4883 = EDGE_LOOP ( 'NONE', ( #3792, #4298 ) ) ;
#4884 = CARTESIAN_POINT ( 'NONE',  ( 214.8424413107592557, 43.50000000000000000, -135.7500000000000000 ) ) ;
#4885 = DIRECTION ( 'NONE',  ( 0.000000000000000000, 0.000000000000000000, 1.000000000000000000 ) ) ;
#4886 = VECTOR ( 'NONE', #3371, 1000.000000000000000 ) ;
#4887 = ORIENTED_EDGE ( 'NONE', *, *, #1905, .F. ) ;
#4888 = CARTESIAN_POINT ( 'NONE',  ( 44.00000000000000711, -12.00000000000000000, -95.00000000000000000 ) ) ;
#4889 = CARTESIAN_POINT ( 'NONE',  ( -7.653191805780032459E-16, 0.000000000000000000, -15.00000000000000000 ) ) ;
#4890 = ORIENTED_EDGE ( 'NONE', *, *, #3831, .F. ) ;
#4891 = EDGE_CURVE ( 'NONE', #2572, #3254, #2328, .T. ) ;
#4892 = CARTESIAN_POINT ( 'NONE',  ( 53.00000000000000000, 7.000000000000000000, -45.40000000000000568 ) ) ;
#4893 = VECTOR ( 'NONE', #2726, 1000.000000000000000 ) ;
#4894 = ORIENTED_EDGE ( 'NONE', *, *, #398, .T. ) ;
#4895 = CARTESIAN_POINT ( 'NONE',  ( 34.49999999999999289, 0.000000000000000000, -154.4330343736592681 ) ) ;
#4896 = DIRECTION ( 'NONE',  ( -0.000000000000000000, 0.000000000000000000, 1.000000000000000000 ) ) ;
#4897 = EDGE_CURVE ( 'NONE', #696, #4511, #4762, .T. ) ;
#4898 = CARTESIAN_POINT ( 'NONE',  ( 210.0000000000000284, 7.000000000000000000, -5.000000000000000000 ) ) ;
#4899 = ORIENTED_EDGE ( 'NONE', *, *, #271, .F. ) ;
#4900 = AXIS2_PLACEMENT_3D ( 'NONE', #3261, #4404, #1353 ) ;
#4901 = AXIS2_PLACEMENT_3D ( 'NONE', #3416, #2998, #34 ) ;
#4902 = ORIENTED_EDGE ( 'NONE', *, *, #1529, .T. ) ;
#4903 = LINE ( 'NONE', #1800, #19 ) ;
#4904 = LINE ( 'NONE', #3728, #1818 ) ;
#4905 = ORIENTED_EDGE ( 'NONE', *, *, #391, .T. ) ;
#4906 = CARTESIAN_POINT ( 'NONE',  ( 38.00000000000000711, 7.000000000000000000, -190.0000000000000000 ) ) ;
#4907 = ORIENTED_EDGE ( 'NONE', *, *, #2067, .T. ) ;
#4908 = EDGE_CURVE ( 'NONE', #1282, #1318, #1903, .T. ) ;
#4909 = CIRCLE ( 'NONE', #2191, 5.000000000000004441 ) ;
#4910 = DIRECTION ( 'NONE',  ( 1.000000000000000000, -0.000000000000000000, -0.000000000000000000 ) ) ;
#4911 = CARTESIAN_POINT ( 'NONE',  ( 216.7773579647885640, 20.28404330257245647, -156.4311376655751644 ) ) ;
#4912 = ORIENTED_EDGE ( 'NONE', *, *, #3976, .T. ) ;
#4913 = LINE ( 'NONE', #1907, #2924 ) ;
#4914 = ORIENTED_EDGE ( 'NONE', *, *, #4747, .F. ) ;
#4915 = DIRECTION ( 'NONE',  ( 0.000000000000000000, 0.000000000000000000, 1.000000000000000000 ) ) ;
#4916 = ORIENTED_EDGE ( 'NONE', *, *, #694, .F. ) ;
#4917 = LINE ( 'NONE', #4522, #2189 ) ;
#4918 = ORIENTED_EDGE ( 'NONE', *, *, #429, .T. ) ;
#4919 = APPROVAL_STATUS ( 'not_yet_approved' ) ;
#4920 = CARTESIAN_POINT ( 'NONE',  ( 219.7957649456480738, 21.78256168155838779, -136.6999999999999886 ) ) ;
#4921 = CARTESIAN_POINT ( 'NONE',  ( 44.00000000000000711, 0.000000000000000000, 0.000000000000000000 ) ) ;
#4922 = CARTESIAN_POINT ( 'NONE',  ( 166.9999999999999716, 3.000000000000000000, -45.40000000000001279 ) ) ;
#4923 = VERTEX_POINT ( 'NONE', #2011 ) ;
#4924 = CIRCLE ( 'NONE', #3568, 7.849999999999996092 ) ;
#4925 = ORIENTED_EDGE ( 'NONE', *, *, #3466, .T. ) ;
#4926 = EDGE_CURVE ( 'NONE', #3311, #4030, #2379, .T. ) ;
#4927 = LINE ( 'NONE', #2226, #1786 ) ;
#4928 = CARTESIAN_POINT ( 'NONE',  ( 173.0000000000000284, 3.000000000000000000, -68.00000000000000000 ) ) ;
#4929 = AXIS2_PLACEMENT_3D ( 'NONE', #1082, #2173, #655 ) ;
#4930 = CARTESIAN_POINT ( 'NONE',  ( 178.8996047274589785, 87.00000000000001421, -211.7328496799144091 ) ) ;
#4931 = ORIENTED_EDGE ( 'NONE', *, *, #4441, .F. ) ;
#4932 = FACE_OUTER_BOUND ( 'NONE', #1560, .T. ) ;
#4933 = CIRCLE ( 'NONE', #2541, 1.549999999999995826 ) ;
#4934 = EDGE_CURVE ( 'NONE', #3452, #2459, #2888, .T. ) ;
#4935 = CARTESIAN_POINT ( 'NONE',  ( 216.6094831366392839, 20.89206049833992651, -157.1002719454083660 ) ) ;
#4936 = LINE ( 'NONE', #2688, #27 ) ;
#4937 = AXIS2_PLACEMENT_3D ( 'NONE', #2843, #4355, #660 ) ;
#4938 = VECTOR ( 'NONE', #1456, 1000.000000000000000 ) ;
#4939 = VECTOR ( 'NONE', #1402, 1000.000000000000000 ) ;
#4940 = EDGE_CURVE ( 'NONE', #804, #4095, #948, .T. ) ;
#4941 = AXIS2_PLACEMENT_3D ( 'NONE', #2464, #3985, #3218 ) ;
#4942 = CARTESIAN_POINT ( 'NONE',  ( 196.1735991726138479, 0.000000000000000000, -174.4060542355751977 ) ) ;
#4943 = ORIENTED_EDGE ( 'NONE', *, *, #3627, .T. ) ;
#4944 = DIRECTION ( 'NONE',  ( 1.000000000000000000, 0.000000000000000000, 0.000000000000000000 ) ) ;
#4945 = VERTEX_POINT ( 'NONE', #486 ) ;
#4946 = DIRECTION ( 'NONE',  ( 0.000000000000000000, 0.000000000000000000, -1.000000000000000000 ) ) ;
#4947 = CARTESIAN_POINT ( 'NONE',  ( 202.4802482016619365, 3.000000000000000000, -161.2900093678618703 ) ) ;
#4948 = DIRECTION ( 'NONE',  ( 1.000000000000000000, -0.000000000000000000, -0.000000000000000000 ) ) ;
#4949 = ORIENTED_EDGE ( 'NONE', *, *, #3598, .T. ) ;
#4950 = ORIENTED_EDGE ( 'NONE', *, *, #2466, .T. ) ;
#4951 = CARTESIAN_POINT ( 'NONE',  ( 44.00000000000000000, 7.000000000000000000, -68.00000000000000000 ) ) ;
#4952 = DIRECTION ( 'NONE',  ( 0.000000000000000000, 0.000000000000000000, 1.000000000000000000 ) ) ;
#4953 = DIRECTION ( 'NONE',  ( 0.000000000000000000, -0.9963648047396709284, -0.08518905960320007076 ) ) ;
#4954 = ORIENTED_EDGE ( 'NONE', *, *, #3350, .T. ) ;
#4955 = EDGE_CURVE ( 'NONE', #75, #1440, #1020, .T. ) ;
#4956 = LINE ( 'NONE', #20, #139 ) ;
#4957 = CARTESIAN_POINT ( 'NONE',  ( 44.00000000000000711, -1.800000000000000044, -86.00000000000000000 ) ) ;
#4958 = DIRECTION ( 'NONE',  ( 0.000000000000000000, 1.000000000000000000, 0.000000000000000000 ) ) ;
#4959 = CARTESIAN_POINT ( 'NONE',  ( 219.5625848545015515, 21.68000000000070671, -139.8000000000075147 ) ) ;
#4960 = EDGE_CURVE ( 'NONE', #4271, #3026, #4711, .T. ) ;
ENDSEC;
END-ISO-10303-21;
